external_id,source_id,source_round,category,category_name,title,price,address,description,url,city,district,street,status,photo_1,photo_2,photo_3,source_file
avito-вертикальные-шторы-7782904173-1,7782904173,1,вертикальные_шторы,Ремонт и строительство,Жалюзи и рулоные шторы на заказ,1500,"Саратовская обл., Саратов, Октябрьский район, ул. Тельмана","Вертикальные жалюзи на заказ в Саратов — замер, изготовление, монтаж. Регулируйте угол поворота ламелей и выбирайте нужное количество света. Складываются в сторону — не перекрывают проём полностью. Ламели 89 мм или 127 мм. Материал: ткань, пластик, стекловолокно. Более 80 цветов и фактур. Есть блэкаут-варианты. Цена — от 1500 руб. Замер бесплатно. Срок изготовления от 3 рабочих дней. Гарантия 2 года. Товар: Жалюзи и рулоные шторы. Работаем в т.ч. по адресу: ул. Тельмана.
Подходят для широких окон, дверных проёмов и офисов.
Работаем по адресу: Саратов, Октябрьский район.
Позиция в каталоге: Жалюзи и рулоные шторы.
Изготовление под размер, монтаж под ключ.

#Саратов",https://www.avito.ru/engels/remont_i_stroitelstvo/zhalyuzi_i_rulonye_shtory_7782904173,Саратов,Октябрьский район,ул. Тельмана,active,https://downloader.disk.yandex.ru/disk/3bdbbb519c4f129b04d5566dde2cdf218872d38f3cd36ca84cbbf86e01aca649/6a04b99e/VFMkxLrTsaxwuukpC-RIRCzKpt8hRAOxRQ-WxpUnEhdSUF92LtFuWNRLZaqx2Tj228elgSX7Ds5gXX5LO-miIg%3D%3D?uid=0&filename=002_photo_2026-05-06_16-50-00.jpg&disposition=attachment&hash=&limit=0&content_type=image%2Fjpeg&owner_uid=0&fsize=32155&hid=e110db12fb361081b8bdc8591b0fbbf6&media_type=image&tknv=v3&etag=bf51f56fcafab60a669b18321b3ce4a4,https://downloader.disk.yandex.ru/disk/8d8a11b95804b287cdc60f90e96da66a08ac8b269460137c5fd7fa55e9cdbdf5/6a04b99e/VFMkxLrTsaxwuukpC-RIRKt3gv3boauUYUGg6ZT-DX-9lQttNJCSQwbq_bMyPIAm4HTUOLH_KLVnDdk6_x0ytw%3D%3D?uid=0&filename=003_photo_2026-05-06_16-50-13.jpg&disposition=attachment&hash=&limit=0&content_type=image%2Fjpeg&owner_uid=0&fsize=80173&hid=36e180e9d8fab326b937eeceb55124db&media_type=image&tknv=v3&etag=15a04944fe329df66b63decfe169f58e,https://downloader.disk.yandex.ru/disk/af7e74884270c19bd370cc4f0d48f64b4a53b231e9d8bbcf69d9d151601d1707/6a04b99e/VFMkxLrTsaxwuukpC-RIRGKGFzzpnOq-bms9YBs_AURcdaGiEHH-BgNa6JDxiSwmiltCS1xq-1Ed1oYwywvVBg%3D%3D?uid=0&filename=001_photo_2026-05-06_16-49-14.jpg&disposition=attachment&hash=&limit=0&content_type=image%2Fjpeg&owner_uid=0&fsize=27234&hid=b862b0b114bf08d0840f25eb03567741&media_type=image&tknv=v3&etag=231ae2ed81e8c36a7766d86004422d01,/Users/aleksandrsolovev/Desktop/avito_autoload_fixed/avito_autoload/2_фото/вертикальные_шторы/вертикальные_шторы_объявления_6500.csv
avito-вертикальные-шторы-7782904173-2,7782904173,2,вертикальные_шторы,Ремонт и строительство,Жалюзи и рулоные шторы Саратов с замером,1500,"Саратовская обл., Саратов, Фрунзенский район, ул. Тельмана","Вертикальные жалюзи на заказ в Саратов — замер, изготовление, монтаж. Регулируйте угол поворота ламелей и выбирайте нужное количество света. Складываются в сторону — не перекрывают проём полностью. Ламели 89 мм или 127 мм. Материал: ткань, пластик, стекловолокно. Более 80 цветов и фактур. Есть блэкаут-варианты. Цена — от 1500 руб. Замер бесплатно. Срок изготовления от 3 рабочих дней. Гарантия 2 года. Товар: Жалюзи и рулоные шторы. Работаем в т.ч. по адресу: ул. Тельмана.
Варианты затемнения от лёгкого рассеивания до блэкаута.
Работаем по адресу: Саратов, Фрунзенский район.
Позиция в каталоге: Жалюзи и рулоные шторы.
Изготовление под размер, монтаж под ключ.

#Саратов",https://www.avito.ru/engels/remont_i_stroitelstvo/zhalyuzi_i_rulonye_shtory_7782904173,Саратов,Фрунзенский район,ул. Тельмана,active,https://downloader.disk.yandex.ru/disk/8d8a11b95804b287cdc60f90e96da66a08ac8b269460137c5fd7fa55e9cdbdf5/6a04b99e/VFMkxLrTsaxwuukpC-RIRKt3gv3boauUYUGg6ZT-DX-9lQttNJCSQwbq_bMyPIAm4HTUOLH_KLVnDdk6_x0ytw%3D%3D?uid=0&filename=003_photo_2026-05-06_16-50-13.jpg&disposition=attachment&hash=&limit=0&content_type=image%2Fjpeg&owner_uid=0&fsize=80173&hid=36e180e9d8fab326b937eeceb55124db&media_type=image&tknv=v3&etag=15a04944fe329df66b63decfe169f58e,https://downloader.disk.yandex.ru/disk/af7e74884270c19bd370cc4f0d48f64b4a53b231e9d8bbcf69d9d151601d1707/6a04b99e/VFMkxLrTsaxwuukpC-RIRGKGFzzpnOq-bms9YBs_AURcdaGiEHH-BgNa6JDxiSwmiltCS1xq-1Ed1oYwywvVBg%3D%3D?uid=0&filename=001_photo_2026-05-06_16-49-14.jpg&disposition=attachment&hash=&limit=0&content_type=image%2Fjpeg&owner_uid=0&fsize=27234&hid=b862b0b114bf08d0840f25eb03567741&media_type=image&tknv=v3&etag=231ae2ed81e8c36a7766d86004422d01,https://downloader.disk.yandex.ru/disk/b0e90b4076e72f4bb9e95d729f72ae18bfafc49f8b0ed1dd3832bbb5f45b0d2b/6a04b99e/VFMkxLrTsaxwuukpC-RIRDNbbOI8EDFaAA3aDUFnkvtLfs8A16hJ_A2PCrzMF9kgV0KMiLFLp4Z_Jt6G55DMPg%3D%3D?uid=0&filename=004_photo_2026-05-06_16-50-23.jpg&disposition=attachment&hash=&limit=0&content_type=image%2Fjpeg&owner_uid=0&fsize=28795&hid=76119b3391ff86c8f0fd1e86a51dec60&media_type=image&tknv=v3&etag=1ffb0c7cf16dd64def681285c90fb258,/Users/aleksandrsolovev/Desktop/avito_autoload_fixed/avito_autoload/2_фото/вертикальные_шторы/вертикальные_шторы_объявления_6500.csv
avito-вертикальные-шторы-3719356785-1,3719356785,1,вертикальные_шторы,Ремонт и строительство,Жалюзи и рулонные шторы для дома и офиса,1500,"Саратовская обл., Саратов, Фрунзенский район, ул. имени Осипова","Вертикальные жалюзи в Саратов — широкий выбор тканей и цветов. Визуально увеличивают высоту помещения. Угол поворота ламелей: от прозрачного режима до полного затемнения. Легко моются, не накапливают пыль — удобно для аллергиков. Ширина ламели: 89 мм или 127 мм. Управление: цепочка или электропривод (пульт / смартфон). Стоимость от 1500 рублей. Замер, изготовление, установка. Гарантия на карнизный механизм — 2 года. Товар: Жалюзи и рулонные шторы. Работаем в т.ч. по адресу: ул. имени Осипова.
Подберём ткань или ПВХ-ламели под интерьер и задачу.
Работаем по адресу: Саратов, Фрунзенский район.
Позиция в каталоге: Жалюзи и рулонные шторы.
Удобно регулировать свет и приватность в помещении.

#Саратов",https://www.avito.ru/saratov/remont_i_stroitelstvo/zhalyuzi_i_rulonnye_shtory_3719356785,Саратов,Фрунзенский район,ул. имени Осипова,active,https://downloader.disk.yandex.ru/disk/af7e74884270c19bd370cc4f0d48f64b4a53b231e9d8bbcf69d9d151601d1707/6a04b99e/VFMkxLrTsaxwuukpC-RIRGKGFzzpnOq-bms9YBs_AURcdaGiEHH-BgNa6JDxiSwmiltCS1xq-1Ed1oYwywvVBg%3D%3D?uid=0&filename=001_photo_2026-05-06_16-49-14.jpg&disposition=attachment&hash=&limit=0&content_type=image%2Fjpeg&owner_uid=0&fsize=27234&hid=b862b0b114bf08d0840f25eb03567741&media_type=image&tknv=v3&etag=231ae2ed81e8c36a7766d86004422d01,https://downloader.disk.yandex.ru/disk/b0e90b4076e72f4bb9e95d729f72ae18bfafc49f8b0ed1dd3832bbb5f45b0d2b/6a04b99e/VFMkxLrTsaxwuukpC-RIRDNbbOI8EDFaAA3aDUFnkvtLfs8A16hJ_A2PCrzMF9kgV0KMiLFLp4Z_Jt6G55DMPg%3D%3D?uid=0&filename=004_photo_2026-05-06_16-50-23.jpg&disposition=attachment&hash=&limit=0&content_type=image%2Fjpeg&owner_uid=0&fsize=28795&hid=76119b3391ff86c8f0fd1e86a51dec60&media_type=image&tknv=v3&etag=1ffb0c7cf16dd64def681285c90fb258,https://downloader.disk.yandex.ru/disk/f40fa47b9a3adb0aed382b5d6edec301f3f7db68fab91f02b64735d7b5f119db/6a04b99e/VFMkxLrTsaxwuukpC-RIRHn2pMX19mU7fjTWwisAza8koFq-zsA_1uEn1PugZIUhQKby4ZQSvkWe-GJSKSCD8g%3D%3D?uid=0&filename=005_photo_2026-05-06_16-50-34.jpg&disposition=attachment&hash=&limit=0&content_type=image%2Fjpeg&owner_uid=0&fsize=120318&hid=058e4fe2fce9b2c4d0576c19023a6e08&media_type=image&tknv=v3&etag=310fba665641158a768936b03f4ba15a,/Users/aleksandrsolovev/Desktop/avito_autoload_fixed/avito_autoload/2_фото/вертикальные_шторы/вертикальные_шторы_объявления_6500.csv
avito-вертикальные-шторы-3719356785-2,3719356785,2,вертикальные_шторы,Ремонт и строительство,Жалюзи и рулонные шторы Саратов по вашим размерам,1500,"Саратовская обл., Саратов, Волжский район, ул. имени Осипова","Вертикальные жалюзи в Саратов — широкий выбор тканей и цветов. Визуально увеличивают высоту помещения. Угол поворота ламелей: от прозрачного режима до полного затемнения. Легко моются, не накапливают пыль — удобно для аллергиков. Ширина ламели: 89 мм или 127 мм. Управление: цепочка или электропривод (пульт / смартфон). Стоимость от 1500 рублей. Замер, изготовление, установка. Гарантия на карнизный механизм — 2 года. Товар: Жалюзи и рулонные шторы. Работаем в т.ч. по адресу: ул. имени Осипова.
Подходят для широких окон, дверных проёмов и офисов.
Работаем по адресу: Саратов, Волжский район.
Позиция в каталоге: Жалюзи и рулонные шторы.
Удобно регулировать свет и приватность в помещении.

#Саратов",https://www.avito.ru/saratov/remont_i_stroitelstvo/zhalyuzi_i_rulonnye_shtory_3719356785,Саратов,Волжский район,ул. имени Осипова,active,https://downloader.disk.yandex.ru/disk/b0e90b4076e72f4bb9e95d729f72ae18bfafc49f8b0ed1dd3832bbb5f45b0d2b/6a04b99e/VFMkxLrTsaxwuukpC-RIRDNbbOI8EDFaAA3aDUFnkvtLfs8A16hJ_A2PCrzMF9kgV0KMiLFLp4Z_Jt6G55DMPg%3D%3D?uid=0&filename=004_photo_2026-05-06_16-50-23.jpg&disposition=attachment&hash=&limit=0&content_type=image%2Fjpeg&owner_uid=0&fsize=28795&hid=76119b3391ff86c8f0fd1e86a51dec60&media_type=image&tknv=v3&etag=1ffb0c7cf16dd64def681285c90fb258,https://downloader.disk.yandex.ru/disk/f40fa47b9a3adb0aed382b5d6edec301f3f7db68fab91f02b64735d7b5f119db/6a04b99e/VFMkxLrTsaxwuukpC-RIRHn2pMX19mU7fjTWwisAza8koFq-zsA_1uEn1PugZIUhQKby4ZQSvkWe-GJSKSCD8g%3D%3D?uid=0&filename=005_photo_2026-05-06_16-50-34.jpg&disposition=attachment&hash=&limit=0&content_type=image%2Fjpeg&owner_uid=0&fsize=120318&hid=058e4fe2fce9b2c4d0576c19023a6e08&media_type=image&tknv=v3&etag=310fba665641158a768936b03f4ba15a,https://downloader.disk.yandex.ru/disk/3bdbbb519c4f129b04d5566dde2cdf218872d38f3cd36ca84cbbf86e01aca649/6a04b99e/VFMkxLrTsaxwuukpC-RIRCzKpt8hRAOxRQ-WxpUnEhdSUF92LtFuWNRLZaqx2Tj228elgSX7Ds5gXX5LO-miIg%3D%3D?uid=0&filename=002_photo_2026-05-06_16-50-00.jpg&disposition=attachment&hash=&limit=0&content_type=image%2Fjpeg&owner_uid=0&fsize=32155&hid=e110db12fb361081b8bdc8591b0fbbf6&media_type=image&tknv=v3&etag=bf51f56fcafab60a669b18321b3ce4a4,/Users/aleksandrsolovev/Desktop/avito_autoload_fixed/avito_autoload/2_фото/вертикальные_шторы/вертикальные_шторы_объявления_6500.csv
avito-вертикальные-шторы-3911568917-2,3911568917,2,вертикальные_шторы,Ремонт и строительство,Вертикальные шторы (жалюзи) вшж-6077 Саратов для дома и офиса,300,"Саратовская обл., Саратов, Центральный район","Вертикальные шторы-жалюзи под заказ в Саратов. В чём плюс вертикальных жалюзи: регулировка света поворотом ламелей, компактное складывание в сторону, лёгкая уборка (протереть влажной тряпкой). Ламель 89 мм или 127 мм. Ткань: блэкаут, полупрозрачная, с текстурой. ПВХ-вариант — для кухни и ванной. Цена указана от 300 руб., уточняйте под ваш размер. Приедем, замерим, изготовим, смонтируем. Договор и гарантия. Товар: Вертикальные шторы (жалюзи) вшж-6077.
Подберём ткань или ПВХ-ламели под интерьер и задачу.
Работаем по адресу: Саратов, Центральный район.
Позиция в каталоге: Вертикальные шторы (жалюзи) вшж-6077.
Подходит для дома, офиса и коммерческих помещений.

#Саратов",https://www.avito.ru/saratov/remont_i_stroitelstvo/vertikalnye_shtory_zhalyuzi_vshzh-6077_3911568917,Саратов,Центральный район,,old,https://downloader.disk.yandex.ru/disk/f40fa47b9a3adb0aed382b5d6edec301f3f7db68fab91f02b64735d7b5f119db/6a04b99e/VFMkxLrTsaxwuukpC-RIRHn2pMX19mU7fjTWwisAza8koFq-zsA_1uEn1PugZIUhQKby4ZQSvkWe-GJSKSCD8g%3D%3D?uid=0&filename=005_photo_2026-05-06_16-50-34.jpg&disposition=attachment&hash=&limit=0&content_type=image%2Fjpeg&owner_uid=0&fsize=120318&hid=058e4fe2fce9b2c4d0576c19023a6e08&media_type=image&tknv=v3&etag=310fba665641158a768936b03f4ba15a,https://downloader.disk.yandex.ru/disk/3bdbbb519c4f129b04d5566dde2cdf218872d38f3cd36ca84cbbf86e01aca649/6a04b99e/VFMkxLrTsaxwuukpC-RIRCzKpt8hRAOxRQ-WxpUnEhdSUF92LtFuWNRLZaqx2Tj228elgSX7Ds5gXX5LO-miIg%3D%3D?uid=0&filename=002_photo_2026-05-06_16-50-00.jpg&disposition=attachment&hash=&limit=0&content_type=image%2Fjpeg&owner_uid=0&fsize=32155&hid=e110db12fb361081b8bdc8591b0fbbf6&media_type=image&tknv=v3&etag=bf51f56fcafab60a669b18321b3ce4a4,https://downloader.disk.yandex.ru/disk/8d8a11b95804b287cdc60f90e96da66a08ac8b269460137c5fd7fa55e9cdbdf5/6a04b99e/VFMkxLrTsaxwuukpC-RIRKt3gv3boauUYUGg6ZT-DX-9lQttNJCSQwbq_bMyPIAm4HTUOLH_KLVnDdk6_x0ytw%3D%3D?uid=0&filename=003_photo_2026-05-06_16-50-13.jpg&disposition=attachment&hash=&limit=0&content_type=image%2Fjpeg&owner_uid=0&fsize=80173&hid=36e180e9d8fab326b937eeceb55124db&media_type=image&tknv=v3&etag=15a04944fe329df66b63decfe169f58e,/Users/aleksandrsolovev/Desktop/avito_autoload_fixed/avito_autoload/2_фото/вертикальные_шторы/вертикальные_шторы_объявления_6500.csv
avito-москитные-сетки-2983211083-1,2983211083,1,москитные_сетки,Ремонт и строительство,Москитные сетки изготовление и установка плиссе по размеру окна,400,"Саратовская обл., Саратов, Северный микрорайон, ул. Тельмана","Сетки от комаров и мошки на окна в Саратов. Стандартная рамочная сетка — подходит для любых окон ПВХ и деревянных рам. Антикошка — усиленное полотно, которое выдержит питомца. Плиссированная — складывается в сторону, не мешает открыванию окна. Рулонная — автоматически сворачивается. Стоимость от 400 рублей. Алюминиевый профиль. Изготовление и установка в день заказа. Гарантия на крепления. Товар: Москитные сетки изготовление и установка плиссе. Работаем в т.ч. по адресу: ул. Тельмана.
Изготавливаем сетки под точный размер проёма.
Работаем по адресу: Саратов, Северный микрорайон.
Позиция в каталоге: Москитные сетки изготовление и установка плиссе.
Изготовление быстрое, установка аккуратная.

#Саратов",https://www.avito.ru/engels/remont_i_stroitelstvo/moskitnye_setki_izgotovlenie_i_ustanovka_plisse_2983211083,Саратов,Северный микрорайон,ул. Тельмана,active,https://downloader.disk.yandex.ru/disk/27b25e6f8b418f3545dc82113c1a39831a450d7422eaae806cf146eb82736602/6a04b99e/VFMkxLrTsaxwuukpC-RIROwcnuR_dpM5nwgZNz6CLUuTgg1gVTpNs8-FB1PSEIxyvg52LGz0Cv5skiTVDIvZ8Q%3D%3D?uid=0&filename=002_photo_2026-05-12_10-42-32.jpg&disposition=attachment&hash=&limit=0&content_type=image%2Fjpeg&owner_uid=0&fsize=113625&hid=5fa8751199e733392f8a947bae752cf1&media_type=image&tknv=v3&etag=289adc5351065f70f8189496d6e8220f,https://downloader.disk.yandex.ru/disk/51c4deb6b6f46926a1114324d1801d30b656954df32b8512db8adb183481fb1c/6a04b99e/VFMkxLrTsaxwuukpC-RIRC5614RenpPNbkilKZjaci4D_xTOidiYRAN6XqxNnLGv-cqhziHtDwl9eecuRpKknA%3D%3D?uid=0&filename=001_photo_2026-05-12_10-42-23.jpg&disposition=attachment&hash=&limit=0&content_type=image%2Fjpeg&owner_uid=0&fsize=137896&hid=7d0e0c9fe00aacc6ff855ac5164afb85&media_type=image&tknv=v3&etag=0ad4df3f05ab12deec9d7a1079ccd403,https://downloader.disk.yandex.ru/disk/7ee8178ddd78bf4f92bef234bc33644ca143e02734c864b1fc52c8fe94d8eecb/6a04b99e/VFMkxLrTsaxwuukpC-RIRNn1kV2ATdC--s-n7eRGpIf8C8kBxdxYmE-ikL1bbabL5AvVSuN3RmSXe2qT5SjimQ%3D%3D?uid=0&filename=004_photo_2026-05-12_10-42-47.jpg&disposition=attachment&hash=&limit=0&content_type=image%2Fjpeg&owner_uid=0&fsize=53950&hid=00f5aef63794d4bdcae02b92d15e6422&media_type=image&tknv=v3&etag=fd8c442d123ca296935eb6b05a037804,/Users/aleksandrsolovev/Desktop/avito_autoload_fixed/avito_autoload/2_фото/москитные_сетки/москитные_сетки_объявления_6500.csv
avito-москитные-сетки-2983211083-2,2983211083,2,москитные_сетки,Ремонт и строительство,Москитные сетки изготовление и установка плиссе Саратов на заказ,400,"Саратовская обл., Саратов, Южный микрорайон, ул. Тельмана","Сетки от комаров и мошки на окна в Саратов. Стандартная рамочная сетка — подходит для любых окон ПВХ и деревянных рам. Антикошка — усиленное полотно, которое выдержит питомца. Плиссированная — складывается в сторону, не мешает открыванию окна. Рулонная — автоматически сворачивается. Стоимость от 400 рублей. Алюминиевый профиль. Изготовление и установка в день заказа. Гарантия на крепления. Товар: Москитные сетки изготовление и установка плиссе. Работаем в т.ч. по адресу: ул. Тельмана.
Есть стандартные, усиленные и раздвижные решения.
Работаем по адресу: Саратов, Южный микрорайон.
Позиция в каталоге: Москитные сетки изготовление и установка плиссе.
Изготовление быстрое, установка аккуратная.

#Саратов",https://www.avito.ru/engels/remont_i_stroitelstvo/moskitnye_setki_izgotovlenie_i_ustanovka_plisse_2983211083,Саратов,Южный микрорайон,ул. Тельмана,active,https://downloader.disk.yandex.ru/disk/51c4deb6b6f46926a1114324d1801d30b656954df32b8512db8adb183481fb1c/6a04b99e/VFMkxLrTsaxwuukpC-RIRC5614RenpPNbkilKZjaci4D_xTOidiYRAN6XqxNnLGv-cqhziHtDwl9eecuRpKknA%3D%3D?uid=0&filename=001_photo_2026-05-12_10-42-23.jpg&disposition=attachment&hash=&limit=0&content_type=image%2Fjpeg&owner_uid=0&fsize=137896&hid=7d0e0c9fe00aacc6ff855ac5164afb85&media_type=image&tknv=v3&etag=0ad4df3f05ab12deec9d7a1079ccd403,https://downloader.disk.yandex.ru/disk/7ee8178ddd78bf4f92bef234bc33644ca143e02734c864b1fc52c8fe94d8eecb/6a04b99e/VFMkxLrTsaxwuukpC-RIRNn1kV2ATdC--s-n7eRGpIf8C8kBxdxYmE-ikL1bbabL5AvVSuN3RmSXe2qT5SjimQ%3D%3D?uid=0&filename=004_photo_2026-05-12_10-42-47.jpg&disposition=attachment&hash=&limit=0&content_type=image%2Fjpeg&owner_uid=0&fsize=53950&hid=00f5aef63794d4bdcae02b92d15e6422&media_type=image&tknv=v3&etag=fd8c442d123ca296935eb6b05a037804,https://downloader.disk.yandex.ru/disk/a89aef0b3ad294b55bea069246ca8c47fea87fdba90cbdecb5fbc953a1994127/6a04b99e/VFMkxLrTsaxwuukpC-RIRPvjht6kR4zpnrXuP2VYngtZ4I6Obnq8vhgblBuj6s8vwSZ1KHBrOeL041xuT5zDmw%3D%3D?uid=0&filename=006_photo_2026-05-12_10-43-10.jpg&disposition=attachment&hash=&limit=0&content_type=image%2Fjpeg&owner_uid=0&fsize=81452&hid=8f9e7ba4d11f863032b612e333a56e27&media_type=image&tknv=v3&etag=f9b30100656fb4fdfee36a4b7be8e063,/Users/aleksandrsolovev/Desktop/avito_autoload_fixed/avito_autoload/2_фото/москитные_сетки/москитные_сетки_объявления_6500.csv
avito-москитные-сетки-2983211083-3,2983211083,3,москитные_сетки,Ремонт и строительство,Москитные сетки изготовление и установка плиссе Зеленый Городок антикошка,400,"Саратовская обл., Саратов, Зеленый Городок, ул. Тельмана","Сетки от комаров и мошки на окна в Саратов. Стандартная рамочная сетка — подходит для любых окон ПВХ и деревянных рам. Антикошка — усиленное полотно, которое выдержит питомца. Плиссированная — складывается в сторону, не мешает открыванию окна. Рулонная — автоматически сворачивается. Стоимость от 400 рублей. Алюминиевый профиль. Изготовление и установка в день заказа. Гарантия на крепления. Товар: Москитные сетки изготовление и установка плиссе. Работаем в т.ч. по адресу: ул. Тельмана.
Есть стандартные, усиленные и раздвижные решения.
Работаем по адресу: Саратов, Зеленый Городок.
Позиция в каталоге: Москитные сетки изготовление и установка плиссе.
Есть варианты антикошка, плиссе и рулонные системы.

#Саратов",https://www.avito.ru/engels/remont_i_stroitelstvo/moskitnye_setki_izgotovlenie_i_ustanovka_plisse_2983211083,Саратов,Зеленый Городок,ул. Тельмана,active,https://downloader.disk.yandex.ru/disk/7ee8178ddd78bf4f92bef234bc33644ca143e02734c864b1fc52c8fe94d8eecb/6a04b99e/VFMkxLrTsaxwuukpC-RIRNn1kV2ATdC--s-n7eRGpIf8C8kBxdxYmE-ikL1bbabL5AvVSuN3RmSXe2qT5SjimQ%3D%3D?uid=0&filename=004_photo_2026-05-12_10-42-47.jpg&disposition=attachment&hash=&limit=0&content_type=image%2Fjpeg&owner_uid=0&fsize=53950&hid=00f5aef63794d4bdcae02b92d15e6422&media_type=image&tknv=v3&etag=fd8c442d123ca296935eb6b05a037804,https://downloader.disk.yandex.ru/disk/a89aef0b3ad294b55bea069246ca8c47fea87fdba90cbdecb5fbc953a1994127/6a04b99e/VFMkxLrTsaxwuukpC-RIRPvjht6kR4zpnrXuP2VYngtZ4I6Obnq8vhgblBuj6s8vwSZ1KHBrOeL041xuT5zDmw%3D%3D?uid=0&filename=006_photo_2026-05-12_10-43-10.jpg&disposition=attachment&hash=&limit=0&content_type=image%2Fjpeg&owner_uid=0&fsize=81452&hid=8f9e7ba4d11f863032b612e333a56e27&media_type=image&tknv=v3&etag=f9b30100656fb4fdfee36a4b7be8e063,https://downloader.disk.yandex.ru/disk/c1f8c0d1d83550cab379c7fd2f9a6a62ec8b747ba0603f659f36e5b061671329/6a04b99e/VFMkxLrTsaxwuukpC-RIRLP4YGQPCJflq-LSnshoyst0SXL7VI8rQPTxHwwYuR1Elo4SagSatMKzWe5PbvqBJA%3D%3D?uid=0&filename=005_photo_2026-05-12_10-43-03.jpg&disposition=attachment&hash=&limit=0&content_type=image%2Fjpeg&owner_uid=0&fsize=32370&hid=42086b4dc0cd2d7eb0c97f0c9cc6f223&media_type=image&tknv=v3&etag=f4d4a11066915daec980acf69c48d473,/Users/aleksandrsolovev/Desktop/avito_autoload_fixed/avito_autoload/2_фото/москитные_сетки/москитные_сетки_объявления_6500.csv
avito-москитные-сетки-7974584899-1,7974584899,1,москитные_сетки,Ремонт и строительство,Москитные сетки на заказ Замер антикошка,1200,"Саратовская обл., Саратов, Центральный район","Москитные сетки на окна и двери в Саратов — изготовление и установка. Виды: стандартная рамочная, антикошка (усиленная), плиссированная, рулонная. Профиль из алюминия — не гнётся и не ржавеет. Мелкая ячейка сетки задерживает мошку и тополиный пух. Изготовим в день обращения или на следующий день. Цена — от 1200 руб. Доставка и установка включены. Гарантия на крепления и полотно. Товар: Москитные сетки на заказ Замер.
Есть стандартные, усиленные и раздвижные решения.
Работаем по адресу: Саратов, Центральный район.
Позиция в каталоге: Москитные сетки на заказ Замер.
Подходит для квартир, домов и дач.

#Саратов",https://www.avito.ru/saratov/remont_i_stroitelstvo/moskitnye_setki_na_zakaz_zamer_7974584899,Саратов,Центральный район,,active,https://downloader.disk.yandex.ru/disk/a89aef0b3ad294b55bea069246ca8c47fea87fdba90cbdecb5fbc953a1994127/6a04b99e/VFMkxLrTsaxwuukpC-RIRPvjht6kR4zpnrXuP2VYngtZ4I6Obnq8vhgblBuj6s8vwSZ1KHBrOeL041xuT5zDmw%3D%3D?uid=0&filename=006_photo_2026-05-12_10-43-10.jpg&disposition=attachment&hash=&limit=0&content_type=image%2Fjpeg&owner_uid=0&fsize=81452&hid=8f9e7ba4d11f863032b612e333a56e27&media_type=image&tknv=v3&etag=f9b30100656fb4fdfee36a4b7be8e063,https://downloader.disk.yandex.ru/disk/c1f8c0d1d83550cab379c7fd2f9a6a62ec8b747ba0603f659f36e5b061671329/6a04b99e/VFMkxLrTsaxwuukpC-RIRLP4YGQPCJflq-LSnshoyst0SXL7VI8rQPTxHwwYuR1Elo4SagSatMKzWe5PbvqBJA%3D%3D?uid=0&filename=005_photo_2026-05-12_10-43-03.jpg&disposition=attachment&hash=&limit=0&content_type=image%2Fjpeg&owner_uid=0&fsize=32370&hid=42086b4dc0cd2d7eb0c97f0c9cc6f223&media_type=image&tknv=v3&etag=f4d4a11066915daec980acf69c48d473,https://downloader.disk.yandex.ru/disk/c44afc248a88709230448271d6cb932dbc0dbd1b74f4334b369a16a020a7923f/6a04b99e/VFMkxLrTsaxwuukpC-RIRHxvNP9Ar5iuB__5uZtNyMs_64bV0xaH5LvR_FAzKkGWCSrL0qMt95a3vAaVrbSRBA%3D%3D?uid=0&filename=003_photo_2026-05-12_10-42-38.jpg&disposition=attachment&hash=&limit=0&content_type=image%2Fjpeg&owner_uid=0&fsize=9328&hid=f444725d7c65be65d3316ffbb4a2eadd&media_type=image&tknv=v3&etag=5e5273bcb2f5593a69d08630c802b388,/Users/aleksandrsolovev/Desktop/avito_autoload_fixed/avito_autoload/2_фото/москитные_сетки/москитные_сетки_объявления_6500.csv
avito-москитные-сетки-7974584899-2,7974584899,2,москитные_сетки,Ремонт и строительство,Москитные сетки на заказ Замер Саратов за 1 день,1200,"Саратовская обл., Саратов, Северный микрорайон","Москитные сетки на окна и двери в Саратов — изготовление и установка. Виды: стандартная рамочная, антикошка (усиленная), плиссированная, рулонная. Профиль из алюминия — не гнётся и не ржавеет. Мелкая ячейка сетки задерживает мошку и тополиный пух. Изготовим в день обращения или на следующий день. Цена — от 1200 руб. Доставка и установка включены. Гарантия на крепления и полотно. Товар: Москитные сетки на заказ Замер.
Подберём крепление под пластиковое, деревянное или алюминиевое окно.
Работаем по адресу: Саратов, Северный микрорайон.
Позиция в каталоге: Москитные сетки на заказ Замер.
Подходит для квартир, домов и дач.

#Саратов",https://www.avito.ru/saratov/remont_i_stroitelstvo/moskitnye_setki_na_zakaz_zamer_7974584899,Саратов,Северный микрорайон,,active,https://downloader.disk.yandex.ru/disk/c1f8c0d1d83550cab379c7fd2f9a6a62ec8b747ba0603f659f36e5b061671329/6a04b99e/VFMkxLrTsaxwuukpC-RIRLP4YGQPCJflq-LSnshoyst0SXL7VI8rQPTxHwwYuR1Elo4SagSatMKzWe5PbvqBJA%3D%3D?uid=0&filename=005_photo_2026-05-12_10-43-03.jpg&disposition=attachment&hash=&limit=0&content_type=image%2Fjpeg&owner_uid=0&fsize=32370&hid=42086b4dc0cd2d7eb0c97f0c9cc6f223&media_type=image&tknv=v3&etag=f4d4a11066915daec980acf69c48d473,https://downloader.disk.yandex.ru/disk/c44afc248a88709230448271d6cb932dbc0dbd1b74f4334b369a16a020a7923f/6a04b99e/VFMkxLrTsaxwuukpC-RIRHxvNP9Ar5iuB__5uZtNyMs_64bV0xaH5LvR_FAzKkGWCSrL0qMt95a3vAaVrbSRBA%3D%3D?uid=0&filename=003_photo_2026-05-12_10-42-38.jpg&disposition=attachment&hash=&limit=0&content_type=image%2Fjpeg&owner_uid=0&fsize=9328&hid=f444725d7c65be65d3316ffbb4a2eadd&media_type=image&tknv=v3&etag=5e5273bcb2f5593a69d08630c802b388,https://downloader.disk.yandex.ru/disk/27b25e6f8b418f3545dc82113c1a39831a450d7422eaae806cf146eb82736602/6a04b99e/VFMkxLrTsaxwuukpC-RIROwcnuR_dpM5nwgZNz6CLUuTgg1gVTpNs8-FB1PSEIxyvg52LGz0Cv5skiTVDIvZ8Q%3D%3D?uid=0&filename=002_photo_2026-05-12_10-42-32.jpg&disposition=attachment&hash=&limit=0&content_type=image%2Fjpeg&owner_uid=0&fsize=113625&hid=5fa8751199e733392f8a947bae752cf1&media_type=image&tknv=v3&etag=289adc5351065f70f8189496d6e8220f,/Users/aleksandrsolovev/Desktop/avito_autoload_fixed/avito_autoload/2_фото/москитные_сетки/москитные_сетки_объявления_6500.csv
avito-москитные-сетки-7974584899-3,7974584899,3,москитные_сетки,Ремонт и строительство,Москитные сетки на заказ Замер Южный микрорайон с установкой,1200,"Саратовская обл., Саратов, Южный микрорайон","Москитные сетки на окна и двери в Саратов — изготовление и установка. Виды: стандартная рамочная, антикошка (усиленная), плиссированная, рулонная. Профиль из алюминия — не гнётся и не ржавеет. Мелкая ячейка сетки задерживает мошку и тополиный пух. Изготовим в день обращения или на следующий день. Цена — от 1200 руб. Доставка и установка включены. Гарантия на крепления и полотно. Товар: Москитные сетки на заказ Замер.
Изготавливаем сетки под точный размер проёма.
Работаем по адресу: Саратов, Южный микрорайон.
Позиция в каталоге: Москитные сетки на заказ Замер.
Подходит для квартир, домов и дач.

#Саратов",https://www.avito.ru/saratov/remont_i_stroitelstvo/moskitnye_setki_na_zakaz_zamer_7974584899,Саратов,Южный микрорайон,,active,https://downloader.disk.yandex.ru/disk/c44afc248a88709230448271d6cb932dbc0dbd1b74f4334b369a16a020a7923f/6a04b99e/VFMkxLrTsaxwuukpC-RIRHxvNP9Ar5iuB__5uZtNyMs_64bV0xaH5LvR_FAzKkGWCSrL0qMt95a3vAaVrbSRBA%3D%3D?uid=0&filename=003_photo_2026-05-12_10-42-38.jpg&disposition=attachment&hash=&limit=0&content_type=image%2Fjpeg&owner_uid=0&fsize=9328&hid=f444725d7c65be65d3316ffbb4a2eadd&media_type=image&tknv=v3&etag=5e5273bcb2f5593a69d08630c802b388,https://downloader.disk.yandex.ru/disk/27b25e6f8b418f3545dc82113c1a39831a450d7422eaae806cf146eb82736602/6a04b99e/VFMkxLrTsaxwuukpC-RIROwcnuR_dpM5nwgZNz6CLUuTgg1gVTpNs8-FB1PSEIxyvg52LGz0Cv5skiTVDIvZ8Q%3D%3D?uid=0&filename=002_photo_2026-05-12_10-42-32.jpg&disposition=attachment&hash=&limit=0&content_type=image%2Fjpeg&owner_uid=0&fsize=113625&hid=5fa8751199e733392f8a947bae752cf1&media_type=image&tknv=v3&etag=289adc5351065f70f8189496d6e8220f,https://downloader.disk.yandex.ru/disk/51c4deb6b6f46926a1114324d1801d30b656954df32b8512db8adb183481fb1c/6a04b99e/VFMkxLrTsaxwuukpC-RIRC5614RenpPNbkilKZjaci4D_xTOidiYRAN6XqxNnLGv-cqhziHtDwl9eecuRpKknA%3D%3D?uid=0&filename=001_photo_2026-05-12_10-42-23.jpg&disposition=attachment&hash=&limit=0&content_type=image%2Fjpeg&owner_uid=0&fsize=137896&hid=7d0e0c9fe00aacc6ff855ac5164afb85&media_type=image&tknv=v3&etag=0ad4df3f05ab12deec9d7a1079ccd403,/Users/aleksandrsolovev/Desktop/avito_autoload_fixed/avito_autoload/2_фото/москитные_сетки/москитные_сетки_объявления_6500.csv
avito-мягкие_окна_беседки-3814723462,3814723462,1,мягкие_окна_беседки,Ремонт и строительство,Мягкие окна гибкие под ключ,1500,"Саратовская обл., Саратов, Кировский район, 4-й Украинский пр., 5","Мягкие ПВХ-окна для беседки или веранды в Саратов.
Прозрачные шторы из плотного ПВХ-полотна защищают от ветра, дождя, пыли и насекомых — при этом беседка остаётся светлой и открытой на вид.
Характеристики: ПВХ 0,7 мм или 1 мм, светопропускание 85-95%, рабочая температура от -30 до +60 градусов. Алюминиевый верхний профиль, утяжеляющее звено снизу — полотно не хлопает на ветру.
Цена — от 1500 руб.
Замер и монтаж под ключ. Изготавливаем по точным размерам.
Товар: Мягкие окна гибкие под ключ.

#Саратов",https://www.avito.ru/saratov/remont_i_stroitelstvo/myagkie_okna_gibkie_pod_klyuch_3814723462,,,,active,https://downloader.disk.yandex.ru/disk/00678b15d9555081193f8950da97f7e74a6bf1c270d531e9ee0b716214788cd1/6a04b99f/VFMkxLrTsaxwuukpC-RIREcv8rK7pdw1i-lA-hXO5yoZEJb2VgYb0JbrAGXyaBoiDoSEV2EPbyE2gJEGsU1O7A%3D%3D?uid=0&filename=016_photo_2026-05-12_10-36-15.jpg&disposition=attachment&hash=&limit=0&content_type=image%2Fjpeg&owner_uid=0&fsize=166987&hid=f8d9aac3fa6670802a8591f48832a80f&media_type=image&tknv=v3&etag=cdabfb73a844534f7b89fe42794ef3e0,https://downloader.disk.yandex.ru/disk/0aa9597b29c6b1fc112a4f4dd691a7478309cebc1283cd7ebc085765a63c9e7d/6a04b99f/VFMkxLrTsaxwuukpC-RIRBDSFb3o_Getpg-ijvF9wNWDGDBK7xBIyGaMmpVPdfAcx_7Ar1Pi0zmCr6Tt1zMxIQ%3D%3D?uid=0&filename=015_photo_2026-05-12_10-36-09.jpg&disposition=attachment&hash=&limit=0&content_type=image%2Fjpeg&owner_uid=0&fsize=183035&hid=69b28a30980146f8ce06d1cfa8d0bc57&media_type=image&tknv=v3&etag=fbd395820f38cf01c25aefbe67ca0bba,https://downloader.disk.yandex.ru/disk/17e3694dd60788300e8fc21aad7d023e1e7acfb1f3cb3abd7f752c62a838d146/6a04b99f/VFMkxLrTsaxwuukpC-RIRNf2NpOW1k9ZM_MEameb3Hr1cmDItFJ1XQLzC9tbj7KUewlndnVkImELnGrPIFxDvA%3D%3D?uid=0&filename=006_photo_2026-05-12_10-34-16.jpg&disposition=attachment&hash=&limit=0&content_type=image%2Fjpeg&owner_uid=0&fsize=176930&hid=f3e489a44be2a5f581af71c1c3ed60fe&media_type=image&tknv=v3&etag=85959099d45f72d7706d0c68fa92227e,/Users/aleksandrsolovev/Desktop/avito_autoload_fixed/avito_autoload/2_фото/мягкие_окна_беседки/мягкие_окна_беседки_объявления.csv
avito-мягкие-окна-беседки-3814723462-1,3814723462,1,мягкие_окна_беседки,Ремонт и строительство,Мягкие окна гибкие под ключ для беседки,1500,"Саратовская обл., Саратов, Октябрьский район","Мягкие ПВХ-окна для беседки или веранды в Саратов. Прозрачные шторы из плотного ПВХ-полотна защищают от ветра, дождя, пыли и насекомых — при этом беседка остаётся светлой и открытой на вид. Характеристики: ПВХ 0,7 мм или 1 мм, светопропускание 85-95%, рабочая температура от -30 до +60 градусов. Алюминиевый верхний профиль, утяжеляющее звено снизу — полотно не хлопает на ветру. Цена — от 1500 руб. Замер и монтаж под ключ. Изготавливаем по точным размерам. Товар: Мягкие окна гибкие под ключ.
Защитим беседку или веранду от ветра, дождя и пыли.
Работаем по адресу: Саратов, Октябрьский район.
Позиция в каталоге: Мягкие окна гибкие под ключ.
Устанавливаем надёжные крепления и плотное ПВХ-полотно.

#Саратов",https://www.avito.ru/saratov/remont_i_stroitelstvo/myagkie_okna_gibkie_pod_klyuch_3814723462,Саратов,Октябрьский район,,active,https://downloader.disk.yandex.ru/disk/0aa9597b29c6b1fc112a4f4dd691a7478309cebc1283cd7ebc085765a63c9e7d/6a04b99f/VFMkxLrTsaxwuukpC-RIRBDSFb3o_Getpg-ijvF9wNWDGDBK7xBIyGaMmpVPdfAcx_7Ar1Pi0zmCr6Tt1zMxIQ%3D%3D?uid=0&filename=015_photo_2026-05-12_10-36-09.jpg&disposition=attachment&hash=&limit=0&content_type=image%2Fjpeg&owner_uid=0&fsize=183035&hid=69b28a30980146f8ce06d1cfa8d0bc57&media_type=image&tknv=v3&etag=fbd395820f38cf01c25aefbe67ca0bba,https://downloader.disk.yandex.ru/disk/17e3694dd60788300e8fc21aad7d023e1e7acfb1f3cb3abd7f752c62a838d146/6a04b99f/VFMkxLrTsaxwuukpC-RIRNf2NpOW1k9ZM_MEameb3Hr1cmDItFJ1XQLzC9tbj7KUewlndnVkImELnGrPIFxDvA%3D%3D?uid=0&filename=006_photo_2026-05-12_10-34-16.jpg&disposition=attachment&hash=&limit=0&content_type=image%2Fjpeg&owner_uid=0&fsize=176930&hid=f3e489a44be2a5f581af71c1c3ed60fe&media_type=image&tknv=v3&etag=85959099d45f72d7706d0c68fa92227e,https://downloader.disk.yandex.ru/disk/1c0ff7c7c64921184fcdcaeb5dd8c42cf53df2b8ec7460aecd9cdf3ceb646de3/6a04b99f/VFMkxLrTsaxwuukpC-RIRDLzgWYQGZ9fw22bXJtR6U98-dIlJ-Di6Un56-B36Pj0P-aVSfL5k8UC4j1OduJhKg%3D%3D?uid=0&filename=022_photo_2026-05-12_10-36-49.jpg&disposition=attachment&hash=&limit=0&content_type=image%2Fjpeg&owner_uid=0&fsize=189147&hid=c11b1cece0a260cc809b09bc55898d6e&media_type=image&tknv=v3&etag=7bfb9129eb21666ed22896442cabdb03,/Users/aleksandrsolovev/Desktop/avito_autoload_fixed/avito_autoload/2_фото/мягкие_окна_беседки/мягкие_окна_беседки_объявления_6500.csv
avito-мягкие-окна-беседки-3814723462-2,3814723462,2,мягкие_окна_беседки,Ремонт и строительство,Мягкие окна гибкие под ключ Саратов под ключ,1500,"Саратовская обл., Саратов, Фрунзенский район","Мягкие ПВХ-окна для беседки или веранды в Саратов. Прозрачные шторы из плотного ПВХ-полотна защищают от ветра, дождя, пыли и насекомых — при этом беседка остаётся светлой и открытой на вид. Характеристики: ПВХ 0,7 мм или 1 мм, светопропускание 85-95%, рабочая температура от -30 до +60 градусов. Алюминиевый верхний профиль, утяжеляющее звено снизу — полотно не хлопает на ветру. Цена — от 1500 руб. Замер и монтаж под ключ. Изготавливаем по точным размерам. Товар: Мягкие окна гибкие под ключ.
Подходит для дачи, террасы, веранды и летнего кафе.
Работаем по адресу: Саратов, Фрунзенский район.
Позиция в каталоге: Мягкие окна гибкие под ключ.
Устанавливаем надёжные крепления и плотное ПВХ-полотно.

#Саратов",https://www.avito.ru/saratov/remont_i_stroitelstvo/myagkie_okna_gibkie_pod_klyuch_3814723462,Саратов,Фрунзенский район,,active,https://downloader.disk.yandex.ru/disk/17e3694dd60788300e8fc21aad7d023e1e7acfb1f3cb3abd7f752c62a838d146/6a04b99f/VFMkxLrTsaxwuukpC-RIRNf2NpOW1k9ZM_MEameb3Hr1cmDItFJ1XQLzC9tbj7KUewlndnVkImELnGrPIFxDvA%3D%3D?uid=0&filename=006_photo_2026-05-12_10-34-16.jpg&disposition=attachment&hash=&limit=0&content_type=image%2Fjpeg&owner_uid=0&fsize=176930&hid=f3e489a44be2a5f581af71c1c3ed60fe&media_type=image&tknv=v3&etag=85959099d45f72d7706d0c68fa92227e,https://downloader.disk.yandex.ru/disk/1c0ff7c7c64921184fcdcaeb5dd8c42cf53df2b8ec7460aecd9cdf3ceb646de3/6a04b99f/VFMkxLrTsaxwuukpC-RIRDLzgWYQGZ9fw22bXJtR6U98-dIlJ-Di6Un56-B36Pj0P-aVSfL5k8UC4j1OduJhKg%3D%3D?uid=0&filename=022_photo_2026-05-12_10-36-49.jpg&disposition=attachment&hash=&limit=0&content_type=image%2Fjpeg&owner_uid=0&fsize=189147&hid=c11b1cece0a260cc809b09bc55898d6e&media_type=image&tknv=v3&etag=7bfb9129eb21666ed22896442cabdb03,https://downloader.disk.yandex.ru/disk/49b26a1bf647381c73e67bf39c7ce8982abcaad3245c0c0448dda16fc6bdc859/6a04b99f/VFMkxLrTsaxwuukpC-RIRBpU0mQz0jquSaAlDOzXF5kbq5gYNo5T0eXlITgsrRqnK8YzRwBGdSdFLHtExqLy7g%3D%3D?uid=0&filename=011_photo_2026-05-12_10-35-39.jpg&disposition=attachment&hash=&limit=0&content_type=image%2Fjpeg&owner_uid=0&fsize=201466&hid=7c525b13532ea1256384f8ee83b86e7a&media_type=image&tknv=v3&etag=6697120b501c844cece7a69cebd97803,/Users/aleksandrsolovev/Desktop/avito_autoload_fixed/avito_autoload/2_фото/мягкие_окна_беседки/мягкие_окна_беседки_объявления_6500.csv
avito-мягкие-окна-беседки-3783380932-1,3783380932,1,мягкие_окна_беседки,Ремонт и строительство,Мягкие окна для беседок террас и веранд для веранды,1500,"Саратовская обл., Саратов, Фрунзенский район, ул. Тельмана","Мягкое остекление беседок, веранд и навесов в Саратов. ПВХ-плёнка толщиной 0,7 или 1 мм — прозрачная, не желтеет, выдерживает от -30 до +60 градусов. Молнии между секциями — герметичное соединение без щелей. Боковые фиксаторы удерживают полотно при ветре. Подходит для: дачных беседок, летних кафе, частных веранд, навесов, открытых балконов. Стоимость от 1500 рублей. Замер выезжаем бесплатно. Монтаж под ключ. Товар: Мягкие окна для беседок террас и веранд. Работаем в т.ч. по адресу: ул. Тельмана.
Изготавливаем мягкие окна под точные размеры проёма.
Работаем по адресу: Саратов, Фрунзенский район.
Позиция в каталоге: Мягкие окна для беседок террас и веранд.
Можно закрыть проёмы любой формы после замера.

#Саратов",https://www.avito.ru/engels/remont_i_stroitelstvo/myagkie_okna_dlya_besedok_terras_i_verand_3783380932,Саратов,Фрунзенский район,ул. Тельмана,active,https://downloader.disk.yandex.ru/disk/1c0ff7c7c64921184fcdcaeb5dd8c42cf53df2b8ec7460aecd9cdf3ceb646de3/6a04b99f/VFMkxLrTsaxwuukpC-RIRDLzgWYQGZ9fw22bXJtR6U98-dIlJ-Di6Un56-B36Pj0P-aVSfL5k8UC4j1OduJhKg%3D%3D?uid=0&filename=022_photo_2026-05-12_10-36-49.jpg&disposition=attachment&hash=&limit=0&content_type=image%2Fjpeg&owner_uid=0&fsize=189147&hid=c11b1cece0a260cc809b09bc55898d6e&media_type=image&tknv=v3&etag=7bfb9129eb21666ed22896442cabdb03,https://downloader.disk.yandex.ru/disk/49b26a1bf647381c73e67bf39c7ce8982abcaad3245c0c0448dda16fc6bdc859/6a04b99f/VFMkxLrTsaxwuukpC-RIRBpU0mQz0jquSaAlDOzXF5kbq5gYNo5T0eXlITgsrRqnK8YzRwBGdSdFLHtExqLy7g%3D%3D?uid=0&filename=011_photo_2026-05-12_10-35-39.jpg&disposition=attachment&hash=&limit=0&content_type=image%2Fjpeg&owner_uid=0&fsize=201466&hid=7c525b13532ea1256384f8ee83b86e7a&media_type=image&tknv=v3&etag=6697120b501c844cece7a69cebd97803,https://downloader.disk.yandex.ru/disk/5f42dbbe82811e9339e6b4f57acecf7569265598fd6ca147c650e05b82855c46/6a04b99f/VFMkxLrTsaxwuukpC-RIRBZhHwChaFsMrIr0-UJAEPsy9WcPfnCBauFyFX6ZGR8oL2bPk8Mv1GAZpZAIZ35hNQ%3D%3D?uid=0&filename=003_photo_2026-05-12_10-33-38.jpg&disposition=attachment&hash=&limit=0&content_type=image%2Fjpeg&owner_uid=0&fsize=165459&hid=34dd0e4bd88d63e543a3e151b97dca19&media_type=image&tknv=v3&etag=9952b93724fa6f68896e50b626c8dacb,/Users/aleksandrsolovev/Desktop/avito_autoload_fixed/avito_autoload/2_фото/мягкие_окна_беседки/мягкие_окна_беседки_объявления_6500.csv
avito-мягкие-окна-беседки-3783380932-2,3783380932,2,мягкие_окна_беседки,Ремонт и строительство,Мягкие окна для беседок террас и веранд Саратов из ПВХ,1500,"Саратовская обл., Саратов, Волжский район, ул. Тельмана","Мягкое остекление беседок, веранд и навесов в Саратов. ПВХ-плёнка толщиной 0,7 или 1 мм — прозрачная, не желтеет, выдерживает от -30 до +60 градусов. Молнии между секциями — герметичное соединение без щелей. Боковые фиксаторы удерживают полотно при ветре. Подходит для: дачных беседок, летних кафе, частных веранд, навесов, открытых балконов. Стоимость от 1500 рублей. Замер выезжаем бесплатно. Монтаж под ключ. Товар: Мягкие окна для беседок террас и веранд. Работаем в т.ч. по адресу: ул. Тельмана.
Защитим беседку или веранду от ветра, дождя и пыли.
Работаем по адресу: Саратов, Волжский район.
Позиция в каталоге: Мягкие окна для беседок террас и веранд.
Можно закрыть проёмы любой формы после замера.

#Саратов",https://www.avito.ru/engels/remont_i_stroitelstvo/myagkie_okna_dlya_besedok_terras_i_verand_3783380932,Саратов,Волжский район,ул. Тельмана,active,https://downloader.disk.yandex.ru/disk/49b26a1bf647381c73e67bf39c7ce8982abcaad3245c0c0448dda16fc6bdc859/6a04b99f/VFMkxLrTsaxwuukpC-RIRBpU0mQz0jquSaAlDOzXF5kbq5gYNo5T0eXlITgsrRqnK8YzRwBGdSdFLHtExqLy7g%3D%3D?uid=0&filename=011_photo_2026-05-12_10-35-39.jpg&disposition=attachment&hash=&limit=0&content_type=image%2Fjpeg&owner_uid=0&fsize=201466&hid=7c525b13532ea1256384f8ee83b86e7a&media_type=image&tknv=v3&etag=6697120b501c844cece7a69cebd97803,https://downloader.disk.yandex.ru/disk/5f42dbbe82811e9339e6b4f57acecf7569265598fd6ca147c650e05b82855c46/6a04b99f/VFMkxLrTsaxwuukpC-RIRBZhHwChaFsMrIr0-UJAEPsy9WcPfnCBauFyFX6ZGR8oL2bPk8Mv1GAZpZAIZ35hNQ%3D%3D?uid=0&filename=003_photo_2026-05-12_10-33-38.jpg&disposition=attachment&hash=&limit=0&content_type=image%2Fjpeg&owner_uid=0&fsize=165459&hid=34dd0e4bd88d63e543a3e151b97dca19&media_type=image&tknv=v3&etag=9952b93724fa6f68896e50b626c8dacb,https://downloader.disk.yandex.ru/disk/5f7d857017a4d0e57b517a7874e1915b110b8b0670c5086783f951eedf977d52/6a04b99f/VFMkxLrTsaxwuukpC-RIRBWOifyqWEfEOPgMIs__rQY13ztu6uVS4DUvdCkeT48dvtu9OGraDOz4WW1cs-TD0w%3D%3D?uid=0&filename=013_photo_2026-05-12_10-35-52.jpg&disposition=attachment&hash=&limit=0&content_type=image%2Fjpeg&owner_uid=0&fsize=172815&hid=ba472e770549840f08dd137405d2ab17&media_type=image&tknv=v3&etag=6bcc1df0485b8c4d470ae94f0df9ba1a,/Users/aleksandrsolovev/Desktop/avito_autoload_fixed/avito_autoload/2_фото/мягкие_окна_беседки/мягкие_окна_беседки_объявления_6500.csv
avito-мягкие-окна-беседки-3782885315-1,3782885315,1,мягкие_окна_беседки,Ремонт и строительство,Мягкие окна для беседок террас и веранд O7010 под ключ,1500,"Саратовская обл., Саратов, Волжский район, ул. Куйбышева","Мягкие окна для беседок террас и веранд O7010 в Саратов. Закроем беседку, веранду или навес мягкими ПВХ-окнами. ПВХ-плёнка 0,7–1 мм: прозрачная (светопропускание 90%+), не желтеет на солнце, морозостойкая (-30..+60°С). Алюминиевый верхний профиль, молнии между полотнами, нижнее утяжеляющее звено. От 1500 руб. — точная цена после замера. Замер бесплатно. Изготовление и монтаж под ключ. Товар: Мягкие окна для беседок террас и веранд O7010. Работаем в т.ч. по адресу: ул. Куйбышева.
Подходит для дачи, террасы, веранды и летнего кафе.
Работаем по адресу: Саратов, Волжский район.
Позиция в каталоге: Мягкие окна для беседок террас и веранд O7010.
Монтаж делаем под ключ в удобное время.

#Саратов",https://www.avito.ru/marks/remont_i_stroitelstvo/myagkie_okna_dlya_besedok_terras_i_verand_o7010_3782885315,Саратов,Волжский район,ул. Куйбышева,active,https://downloader.disk.yandex.ru/disk/5f42dbbe82811e9339e6b4f57acecf7569265598fd6ca147c650e05b82855c46/6a04b99f/VFMkxLrTsaxwuukpC-RIRBZhHwChaFsMrIr0-UJAEPsy9WcPfnCBauFyFX6ZGR8oL2bPk8Mv1GAZpZAIZ35hNQ%3D%3D?uid=0&filename=003_photo_2026-05-12_10-33-38.jpg&disposition=attachment&hash=&limit=0&content_type=image%2Fjpeg&owner_uid=0&fsize=165459&hid=34dd0e4bd88d63e543a3e151b97dca19&media_type=image&tknv=v3&etag=9952b93724fa6f68896e50b626c8dacb,https://downloader.disk.yandex.ru/disk/5f7d857017a4d0e57b517a7874e1915b110b8b0670c5086783f951eedf977d52/6a04b99f/VFMkxLrTsaxwuukpC-RIRBWOifyqWEfEOPgMIs__rQY13ztu6uVS4DUvdCkeT48dvtu9OGraDOz4WW1cs-TD0w%3D%3D?uid=0&filename=013_photo_2026-05-12_10-35-52.jpg&disposition=attachment&hash=&limit=0&content_type=image%2Fjpeg&owner_uid=0&fsize=172815&hid=ba472e770549840f08dd137405d2ab17&media_type=image&tknv=v3&etag=6bcc1df0485b8c4d470ae94f0df9ba1a,https://downloader.disk.yandex.ru/disk/6baa1b0a3f11efc87c94869b2820dd3c17ba8603d72c3a2c41f9c468905b8d71/6a04b99f/VFMkxLrTsaxwuukpC-RIRM46hWUhwDj6Gltd9EK7dOFTM9nTVbAPCQStjTRgAdlZhqGDshzfTtj8jRpMQtSe2Q%3D%3D?uid=0&filename=009_photo_2026-05-12_10-34-44.jpg&disposition=attachment&hash=&limit=0&content_type=image%2Fjpeg&owner_uid=0&fsize=151629&hid=f405bf5d2a615bf1fe5224e2a944811a&media_type=image&tknv=v3&etag=3077101530bdd2a7d184e8e8694e0f2d,/Users/aleksandrsolovev/Desktop/avito_autoload_fixed/avito_autoload/2_фото/мягкие_окна_беседки/мягкие_окна_беседки_объявления_6500.csv
avito-мягкие-окна-беседки-3782885315-2,3782885315,2,мягкие_окна_беседки,Ремонт и строительство,Мягкие окна для беседок террас и веранд O7010 Саратов с монтажом,1500,"Саратовская обл., Саратов, Гагаринский район, ул. Куйбышева","Мягкие окна для беседок террас и веранд O7010 в Саратов. Закроем беседку, веранду или навес мягкими ПВХ-окнами. ПВХ-плёнка 0,7–1 мм: прозрачная (светопропускание 90%+), не желтеет на солнце, морозостойкая (-30..+60°С). Алюминиевый верхний профиль, молнии между полотнами, нижнее утяжеляющее звено. От 1500 руб. — точная цена после замера. Замер бесплатно. Изготовление и монтаж под ключ. Товар: Мягкие окна для беседок террас и веранд O7010. Работаем в т.ч. по адресу: ул. Куйбышева.
Изготавливаем мягкие окна под точные размеры проёма.
Работаем по адресу: Саратов, Гагаринский район.
Позиция в каталоге: Мягкие окна для беседок террас и веранд O7010.
Монтаж делаем под ключ в удобное время.

#Саратов",https://www.avito.ru/marks/remont_i_stroitelstvo/myagkie_okna_dlya_besedok_terras_i_verand_o7010_3782885315,Саратов,Гагаринский район,ул. Куйбышева,active,https://downloader.disk.yandex.ru/disk/5f7d857017a4d0e57b517a7874e1915b110b8b0670c5086783f951eedf977d52/6a04b99f/VFMkxLrTsaxwuukpC-RIRBWOifyqWEfEOPgMIs__rQY13ztu6uVS4DUvdCkeT48dvtu9OGraDOz4WW1cs-TD0w%3D%3D?uid=0&filename=013_photo_2026-05-12_10-35-52.jpg&disposition=attachment&hash=&limit=0&content_type=image%2Fjpeg&owner_uid=0&fsize=172815&hid=ba472e770549840f08dd137405d2ab17&media_type=image&tknv=v3&etag=6bcc1df0485b8c4d470ae94f0df9ba1a,https://downloader.disk.yandex.ru/disk/6baa1b0a3f11efc87c94869b2820dd3c17ba8603d72c3a2c41f9c468905b8d71/6a04b99f/VFMkxLrTsaxwuukpC-RIRM46hWUhwDj6Gltd9EK7dOFTM9nTVbAPCQStjTRgAdlZhqGDshzfTtj8jRpMQtSe2Q%3D%3D?uid=0&filename=009_photo_2026-05-12_10-34-44.jpg&disposition=attachment&hash=&limit=0&content_type=image%2Fjpeg&owner_uid=0&fsize=151629&hid=f405bf5d2a615bf1fe5224e2a944811a&media_type=image&tknv=v3&etag=3077101530bdd2a7d184e8e8694e0f2d,https://downloader.disk.yandex.ru/disk/71a7262a5ca84017fe0c0109b9a60b360156d62665fc39cfefff0def5a6eb726/6a04b99f/VFMkxLrTsaxwuukpC-RIRNTQdFOJr9cjL2axUntG3klCPbAgV_isMSobFwMJi6i87OlYAv7QcZUMXidFdRnIgQ%3D%3D?uid=0&filename=004_photo_2026-05-12_10-34-03.jpg&disposition=attachment&hash=&limit=0&content_type=image%2Fjpeg&owner_uid=0&fsize=200215&hid=e189d4c922bbfaf77cf3069a96730879&media_type=image&tknv=v3&etag=23069b1bc907f38835beaf99d34f1479,/Users/aleksandrsolovev/Desktop/avito_autoload_fixed/avito_autoload/2_фото/мягкие_окна_беседки/мягкие_окна_беседки_объявления_6500.csv
avito-мягкие-окна-беседки-3911042211-1,3911042211,1,мягкие_окна_беседки,Ремонт и строительство,Мягкие окна для беседок террас и веранд L4723 для беседки,500,"Саратовская обл., Саратов, Центральный район","Мягкие ПВХ-окна для беседки или веранды в Саратов. Прозрачные шторы из плотного ПВХ-полотна защищают от ветра, дождя, пыли и насекомых — при этом беседка остаётся светлой и открытой на вид. Характеристики: ПВХ 0,7 мм или 1 мм, светопропускание 85-95%, рабочая температура от -30 до +60 градусов. Алюминиевый верхний профиль, утяжеляющее звено снизу — полотно не хлопает на ветру. Начальная цена 500 руб., финальная — после замера. Замер и монтаж под ключ. Изготавливаем по точным размерам. Товар: Мягкие окна для беседок террас и веранд L4723.
Защитим беседку или веранду от ветра, дождя и пыли.
Работаем по адресу: Саратов, Центральный район.
Позиция в каталоге: Мягкие окна для беседок террас и веранд L4723.
Устанавливаем надёжные крепления и плотное ПВХ-полотно.

#Саратов",https://www.avito.ru/saratov/remont_i_stroitelstvo/myagkie_okna_dlya_besedok_terras_i_verand_l4723_3911042211,Саратов,Центральный район,,old,https://downloader.disk.yandex.ru/disk/6baa1b0a3f11efc87c94869b2820dd3c17ba8603d72c3a2c41f9c468905b8d71/6a04b99f/VFMkxLrTsaxwuukpC-RIRM46hWUhwDj6Gltd9EK7dOFTM9nTVbAPCQStjTRgAdlZhqGDshzfTtj8jRpMQtSe2Q%3D%3D?uid=0&filename=009_photo_2026-05-12_10-34-44.jpg&disposition=attachment&hash=&limit=0&content_type=image%2Fjpeg&owner_uid=0&fsize=151629&hid=f405bf5d2a615bf1fe5224e2a944811a&media_type=image&tknv=v3&etag=3077101530bdd2a7d184e8e8694e0f2d,https://downloader.disk.yandex.ru/disk/71a7262a5ca84017fe0c0109b9a60b360156d62665fc39cfefff0def5a6eb726/6a04b99f/VFMkxLrTsaxwuukpC-RIRNTQdFOJr9cjL2axUntG3klCPbAgV_isMSobFwMJi6i87OlYAv7QcZUMXidFdRnIgQ%3D%3D?uid=0&filename=004_photo_2026-05-12_10-34-03.jpg&disposition=attachment&hash=&limit=0&content_type=image%2Fjpeg&owner_uid=0&fsize=200215&hid=e189d4c922bbfaf77cf3069a96730879&media_type=image&tknv=v3&etag=23069b1bc907f38835beaf99d34f1479,https://downloader.disk.yandex.ru/disk/7d4a7cd2a172553da20f68d36d677ebd2fea55209bb42bcf3f58d4806fcf7240/6a04b99f/VFMkxLrTsaxwuukpC-RIRBDSFb3o_Getpg-ijvF9wNWDGDBK7xBIyGaMmpVPdfAcx_7Ar1Pi0zmCr6Tt1zMxIQ%3D%3D?uid=0&filename=002_photo_2026-05-12_10-33-30.jpg&disposition=attachment&hash=&limit=0&content_type=image%2Fjpeg&owner_uid=0&fsize=183035&hid=69b28a30980146f8ce06d1cfa8d0bc57&media_type=image&tknv=v3&etag=fbd395820f38cf01c25aefbe67ca0bba,/Users/aleksandrsolovev/Desktop/avito_autoload_fixed/avito_autoload/2_фото/мягкие_окна_беседки/мягкие_окна_беседки_объявления_6500.csv
avito-мягкие-окна-беседки-3911042211-2,3911042211,2,мягкие_окна_беседки,Ремонт и строительство,Мягкие окна для беседок террас и веранд L4723 Саратов под ключ,500,"Саратовская обл., Саратов, Северный микрорайон","Мягкие ПВХ-окна для беседки или веранды в Саратов. Прозрачные шторы из плотного ПВХ-полотна защищают от ветра, дождя, пыли и насекомых — при этом беседка остаётся светлой и открытой на вид. Характеристики: ПВХ 0,7 мм или 1 мм, светопропускание 85-95%, рабочая температура от -30 до +60 градусов. Алюминиевый верхний профиль, утяжеляющее звено снизу — полотно не хлопает на ветру. Начальная цена 500 руб., финальная — после замера. Замер и монтаж под ключ. Изготавливаем по точным размерам. Товар: Мягкие окна для беседок террас и веранд L4723.
Подходит для дачи, террасы, веранды и летнего кафе.
Работаем по адресу: Саратов, Северный микрорайон.
Позиция в каталоге: Мягкие окна для беседок террас и веранд L4723.
Устанавливаем надёжные крепления и плотное ПВХ-полотно.

#Саратов",https://www.avito.ru/saratov/remont_i_stroitelstvo/myagkie_okna_dlya_besedok_terras_i_verand_l4723_3911042211,Саратов,Северный микрорайон,,old,https://downloader.disk.yandex.ru/disk/71a7262a5ca84017fe0c0109b9a60b360156d62665fc39cfefff0def5a6eb726/6a04b99f/VFMkxLrTsaxwuukpC-RIRNTQdFOJr9cjL2axUntG3klCPbAgV_isMSobFwMJi6i87OlYAv7QcZUMXidFdRnIgQ%3D%3D?uid=0&filename=004_photo_2026-05-12_10-34-03.jpg&disposition=attachment&hash=&limit=0&content_type=image%2Fjpeg&owner_uid=0&fsize=200215&hid=e189d4c922bbfaf77cf3069a96730879&media_type=image&tknv=v3&etag=23069b1bc907f38835beaf99d34f1479,https://downloader.disk.yandex.ru/disk/7d4a7cd2a172553da20f68d36d677ebd2fea55209bb42bcf3f58d4806fcf7240/6a04b99f/VFMkxLrTsaxwuukpC-RIRBDSFb3o_Getpg-ijvF9wNWDGDBK7xBIyGaMmpVPdfAcx_7Ar1Pi0zmCr6Tt1zMxIQ%3D%3D?uid=0&filename=002_photo_2026-05-12_10-33-30.jpg&disposition=attachment&hash=&limit=0&content_type=image%2Fjpeg&owner_uid=0&fsize=183035&hid=69b28a30980146f8ce06d1cfa8d0bc57&media_type=image&tknv=v3&etag=fbd395820f38cf01c25aefbe67ca0bba,https://downloader.disk.yandex.ru/disk/81c42c63fb15b62b4bf146dc15a58e50d1a823ae5b9c0bb6eea67ad3ba360026/6a04b99f/VFMkxLrTsaxwuukpC-RIRGwtYtbzvTw_uvoXq48UPKNyzRSFfx-cnRSkUDqt7PYmH7fsoGAjQqsF_ci4OT2RiA%3D%3D?uid=0&filename=020_photo_2026-05-12_10-36-37.jpg&disposition=attachment&hash=&limit=0&content_type=image%2Fjpeg&owner_uid=0&fsize=135884&hid=42e8450422e3cd0d62baae7c299f51e9&media_type=image&tknv=v3&etag=175fb03bc5b8459184927e2c7f5da2c0,/Users/aleksandrsolovev/Desktop/avito_autoload_fixed/avito_autoload/2_фото/мягкие_окна_беседки/мягкие_окна_беседки_объявления_6500.csv
avito-мягкие-окна-беседки-3911420252-1,3911420252,1,мягкие_окна_беседки,Ремонт и строительство,Мягкие окна для беседок террас и веранд мтв-2006 для беседки,500,"Саратовская обл., Саратов, Ленинский район","Мягкие ПВХ-окна для беседки или веранды в Саратов. Прозрачные шторы из плотного ПВХ-полотна защищают от ветра, дождя, пыли и насекомых — при этом беседка остаётся светлой и открытой на вид. Характеристики: ПВХ 0,7 мм или 1 мм, светопропускание 85-95%, рабочая температура от -30 до +60 градусов. Алюминиевый верхний профиль, утяжеляющее звено снизу — полотно не хлопает на ветру. Начальная цена 500 руб., финальная — после замера. Замер и монтаж под ключ. Изготавливаем по точным размерам. Товар: Мягкие окна для беседок террас и веранд мтв-2006.
Защитим беседку или веранду от ветра, дождя и пыли.
Работаем по адресу: Саратов, Ленинский район.
Позиция в каталоге: Мягкие окна для беседок террас и веранд мтв-2006.
Устанавливаем надёжные крепления и плотное ПВХ-полотно.

#Саратов",https://www.avito.ru/saratov/remont_i_stroitelstvo/myagkie_okna_dlya_besedok_terras_i_verand_mtv-2006_3911420252,Саратов,Ленинский район,,old,https://downloader.disk.yandex.ru/disk/7d4a7cd2a172553da20f68d36d677ebd2fea55209bb42bcf3f58d4806fcf7240/6a04b99f/VFMkxLrTsaxwuukpC-RIRBDSFb3o_Getpg-ijvF9wNWDGDBK7xBIyGaMmpVPdfAcx_7Ar1Pi0zmCr6Tt1zMxIQ%3D%3D?uid=0&filename=002_photo_2026-05-12_10-33-30.jpg&disposition=attachment&hash=&limit=0&content_type=image%2Fjpeg&owner_uid=0&fsize=183035&hid=69b28a30980146f8ce06d1cfa8d0bc57&media_type=image&tknv=v3&etag=fbd395820f38cf01c25aefbe67ca0bba,https://downloader.disk.yandex.ru/disk/81c42c63fb15b62b4bf146dc15a58e50d1a823ae5b9c0bb6eea67ad3ba360026/6a04b99f/VFMkxLrTsaxwuukpC-RIRGwtYtbzvTw_uvoXq48UPKNyzRSFfx-cnRSkUDqt7PYmH7fsoGAjQqsF_ci4OT2RiA%3D%3D?uid=0&filename=020_photo_2026-05-12_10-36-37.jpg&disposition=attachment&hash=&limit=0&content_type=image%2Fjpeg&owner_uid=0&fsize=135884&hid=42e8450422e3cd0d62baae7c299f51e9&media_type=image&tknv=v3&etag=175fb03bc5b8459184927e2c7f5da2c0,https://downloader.disk.yandex.ru/disk/87c036835d3f5bc9b53880802fe5bfeee65ab685749b3bdff7fbbb28b4f9ac83/6a04b99f/VFMkxLrTsaxwuukpC-RIRJGIVO7cjhVY915uwj55vA0RSNp1AraDuSxXkreEzPWk4i6aH1T7Yl2ihBqBqi8m-Q%3D%3D?uid=0&filename=018_photo_2026-05-12_10-36-26.jpg&disposition=attachment&hash=&limit=0&content_type=image%2Fjpeg&owner_uid=0&fsize=153190&hid=f3379d46767c4eb74bb7c6c1b2aabcae&media_type=image&tknv=v3&etag=41b8c4922e25108fdffeaa9b24635680,/Users/aleksandrsolovev/Desktop/avito_autoload_fixed/avito_autoload/2_фото/мягкие_окна_беседки/мягкие_окна_беседки_объявления_6500.csv
avito-мягкие-окна-беседки-3911420252-2,3911420252,2,мягкие_окна_беседки,Ремонт и строительство,Мягкие окна для беседок террас и веранд мтв-2006 Саратов под ключ,500,"Саратовская обл., Саратов, Заводской район","Мягкие ПВХ-окна для беседки или веранды в Саратов. Прозрачные шторы из плотного ПВХ-полотна защищают от ветра, дождя, пыли и насекомых — при этом беседка остаётся светлой и открытой на вид. Характеристики: ПВХ 0,7 мм или 1 мм, светопропускание 85-95%, рабочая температура от -30 до +60 градусов. Алюминиевый верхний профиль, утяжеляющее звено снизу — полотно не хлопает на ветру. Начальная цена 500 руб., финальная — после замера. Замер и монтаж под ключ. Изготавливаем по точным размерам. Товар: Мягкие окна для беседок террас и веранд мтв-2006.
Подходит для дачи, террасы, веранды и летнего кафе.
Работаем по адресу: Саратов, Заводской район.
Позиция в каталоге: Мягкие окна для беседок террас и веранд мтв-2006.
Устанавливаем надёжные крепления и плотное ПВХ-полотно.

#Саратов",https://www.avito.ru/saratov/remont_i_stroitelstvo/myagkie_okna_dlya_besedok_terras_i_verand_mtv-2006_3911420252,Саратов,Заводской район,,old,https://downloader.disk.yandex.ru/disk/81c42c63fb15b62b4bf146dc15a58e50d1a823ae5b9c0bb6eea67ad3ba360026/6a04b99f/VFMkxLrTsaxwuukpC-RIRGwtYtbzvTw_uvoXq48UPKNyzRSFfx-cnRSkUDqt7PYmH7fsoGAjQqsF_ci4OT2RiA%3D%3D?uid=0&filename=020_photo_2026-05-12_10-36-37.jpg&disposition=attachment&hash=&limit=0&content_type=image%2Fjpeg&owner_uid=0&fsize=135884&hid=42e8450422e3cd0d62baae7c299f51e9&media_type=image&tknv=v3&etag=175fb03bc5b8459184927e2c7f5da2c0,https://downloader.disk.yandex.ru/disk/87c036835d3f5bc9b53880802fe5bfeee65ab685749b3bdff7fbbb28b4f9ac83/6a04b99f/VFMkxLrTsaxwuukpC-RIRJGIVO7cjhVY915uwj55vA0RSNp1AraDuSxXkreEzPWk4i6aH1T7Yl2ihBqBqi8m-Q%3D%3D?uid=0&filename=018_photo_2026-05-12_10-36-26.jpg&disposition=attachment&hash=&limit=0&content_type=image%2Fjpeg&owner_uid=0&fsize=153190&hid=f3379d46767c4eb74bb7c6c1b2aabcae&media_type=image&tknv=v3&etag=41b8c4922e25108fdffeaa9b24635680,https://downloader.disk.yandex.ru/disk/8d872f54ce284880fce0299a816294dc65063c542e7a76ccddbda59f09c9e3cc/6a04b99f/VFMkxLrTsaxwuukpC-RIROdGtkvTEFMtZAQ4kcPn6i-qsaUBPNxqGahkE83YXuxz0fcchtgkp3IZ3yv1mG-faw%3D%3D?uid=0&filename=005_photo_2026-05-12_10-34-10.jpg&disposition=attachment&hash=&limit=0&content_type=image%2Fjpeg&owner_uid=0&fsize=176896&hid=26d405273fb1d6fd697143d9640fd9d6&media_type=image&tknv=v3&etag=c84a442c211f272eeff7202440919fbf,/Users/aleksandrsolovev/Desktop/avito_autoload_fixed/avito_autoload/2_фото/мягкие_окна_беседки/мягкие_окна_беседки_объявления_6500.csv
avito-мягкие-окна-беседки-3911595241-1,3911595241,1,мягкие_окна_беседки,Ремонт и строительство,Мягкие гибкие окна на беседку F7822 для беседки,500,"Саратовская обл., Саратов, Приволжский район","Мягкие ПВХ-окна для беседки или веранды в Саратов. Прозрачные шторы из плотного ПВХ-полотна защищают от ветра, дождя, пыли и насекомых — при этом беседка остаётся светлой и открытой на вид. Характеристики: ПВХ 0,7 мм или 1 мм, светопропускание 85-95%, рабочая температура от -30 до +60 градусов. Алюминиевый верхний профиль, утяжеляющее звено снизу — полотно не хлопает на ветру. От 500 рублей — зависит от размера и комплектации. Замер и монтаж под ключ. Изготавливаем по точным размерам. Товар: Мягкие гибкие окна на беседку F7822.
Защитим беседку или веранду от ветра, дождя и пыли.
Работаем по адресу: Саратов, Приволжский район.
Позиция в каталоге: Мягкие гибкие окна на беседку F7822.
Устанавливаем надёжные крепления и плотное ПВХ-полотно.

#Саратов",https://www.avito.ru/saratov/remont_i_stroitelstvo/myagkie_gibkie_okna_na_besedku_f7822_3911595241,Саратов,Приволжский район,,old,https://downloader.disk.yandex.ru/disk/87c036835d3f5bc9b53880802fe5bfeee65ab685749b3bdff7fbbb28b4f9ac83/6a04b99f/VFMkxLrTsaxwuukpC-RIRJGIVO7cjhVY915uwj55vA0RSNp1AraDuSxXkreEzPWk4i6aH1T7Yl2ihBqBqi8m-Q%3D%3D?uid=0&filename=018_photo_2026-05-12_10-36-26.jpg&disposition=attachment&hash=&limit=0&content_type=image%2Fjpeg&owner_uid=0&fsize=153190&hid=f3379d46767c4eb74bb7c6c1b2aabcae&media_type=image&tknv=v3&etag=41b8c4922e25108fdffeaa9b24635680,https://downloader.disk.yandex.ru/disk/8d872f54ce284880fce0299a816294dc65063c542e7a76ccddbda59f09c9e3cc/6a04b99f/VFMkxLrTsaxwuukpC-RIROdGtkvTEFMtZAQ4kcPn6i-qsaUBPNxqGahkE83YXuxz0fcchtgkp3IZ3yv1mG-faw%3D%3D?uid=0&filename=005_photo_2026-05-12_10-34-10.jpg&disposition=attachment&hash=&limit=0&content_type=image%2Fjpeg&owner_uid=0&fsize=176896&hid=26d405273fb1d6fd697143d9640fd9d6&media_type=image&tknv=v3&etag=c84a442c211f272eeff7202440919fbf,https://downloader.disk.yandex.ru/disk/94a9406cf5160a19944fbe53feb5d7f7db96be3c9c280317766612bac0994769/6a04b99f/VFMkxLrTsaxwuukpC-RIRBAF2L1dFlsyryjewhYIzTEyY6HcYSPNkstTmfB4LsAl56TKHtsvyJcW7E7kc1iqSQ%3D%3D?uid=0&filename=007_photo_2026-05-12_10-34-30.jpg&disposition=attachment&hash=&limit=0&content_type=image%2Fjpeg&owner_uid=0&fsize=184111&hid=4e5fe1c6172c2d1639542dcde1481c02&media_type=image&tknv=v3&etag=3acec892db777e945239c56dde91567b,/Users/aleksandrsolovev/Desktop/avito_autoload_fixed/avito_autoload/2_фото/мягкие_окна_беседки/мягкие_окна_беседки_объявления_6500.csv
avito-мягкие-окна-беседки-3911087452-2,3911087452,2,мягкие_окна_беседки,Ремонт и строительство,Мягкие окна для беседок террас и веранд M0191 Саратов под ключ,500,"Саратовская обл., Саратов, Химик","Мягкие ПВХ-окна для беседки или веранды в Саратов. Прозрачные шторы из плотного ПВХ-полотна защищают от ветра, дождя, пыли и насекомых — при этом беседка остаётся светлой и открытой на вид. Характеристики: ПВХ 0,7 мм или 1 мм, светопропускание 85-95%, рабочая температура от -30 до +60 градусов. Алюминиевый верхний профиль, утяжеляющее звено снизу — полотно не хлопает на ветру. От 500 руб. — точная цена после замера. Замер и монтаж под ключ. Изготавливаем по точным размерам. Товар: Мягкие окна для беседок террас и веранд M0191.
Подходит для дачи, террасы, веранды и летнего кафе.
Работаем по адресу: Саратов, Химик.
Позиция в каталоге: Мягкие окна для беседок террас и веранд M0191.
Устанавливаем надёжные крепления и плотное ПВХ-полотно.

#Саратов",https://www.avito.ru/engels/remont_i_stroitelstvo/myagkie_okna_dlya_besedok_terras_i_verand_m0191_3911087452,Саратов,Химик,,old,https://downloader.disk.yandex.ru/disk/8d872f54ce284880fce0299a816294dc65063c542e7a76ccddbda59f09c9e3cc/6a04b99f/VFMkxLrTsaxwuukpC-RIROdGtkvTEFMtZAQ4kcPn6i-qsaUBPNxqGahkE83YXuxz0fcchtgkp3IZ3yv1mG-faw%3D%3D?uid=0&filename=005_photo_2026-05-12_10-34-10.jpg&disposition=attachment&hash=&limit=0&content_type=image%2Fjpeg&owner_uid=0&fsize=176896&hid=26d405273fb1d6fd697143d9640fd9d6&media_type=image&tknv=v3&etag=c84a442c211f272eeff7202440919fbf,https://downloader.disk.yandex.ru/disk/94a9406cf5160a19944fbe53feb5d7f7db96be3c9c280317766612bac0994769/6a04b99f/VFMkxLrTsaxwuukpC-RIRBAF2L1dFlsyryjewhYIzTEyY6HcYSPNkstTmfB4LsAl56TKHtsvyJcW7E7kc1iqSQ%3D%3D?uid=0&filename=007_photo_2026-05-12_10-34-30.jpg&disposition=attachment&hash=&limit=0&content_type=image%2Fjpeg&owner_uid=0&fsize=184111&hid=4e5fe1c6172c2d1639542dcde1481c02&media_type=image&tknv=v3&etag=3acec892db777e945239c56dde91567b,https://downloader.disk.yandex.ru/disk/be61994a85fa449a6a79979c7d42b5d93a2ab47c9fe9a6c5723ed880d3846bb6/6a04b99f/VFMkxLrTsaxwuukpC-RIRDVteLLZedxPmXjNn8jLoD55hXfGcVCxhAQCW8wJI4gltLWteOFVxPU-cdr31EoCTg%3D%3D?uid=0&filename=010_photo_2026-05-12_10-35-32.jpg&disposition=attachment&hash=&limit=0&content_type=image%2Fjpeg&owner_uid=0&fsize=133960&hid=93f1b033d262999a8221550f6c125828&media_type=image&tknv=v3&etag=acc6b6d284adcd429177bb92888a5887,/Users/aleksandrsolovev/Desktop/avito_autoload_fixed/avito_autoload/2_фото/мягкие_окна_беседки/мягкие_окна_беседки_объявления_6500.csv
avito-мягкие-окна-беседки-3911305857-1,3911305857,1,мягкие_окна_беседки,Ремонт и строительство,Мягкие окна для беседок террас и веранд M4078 для беседки,500,"Саратовская обл., Саратов, Кировский район","Мягкие ПВХ-окна для беседки или веранды в Саратов. Прозрачные шторы из плотного ПВХ-полотна защищают от ветра, дождя, пыли и насекомых — при этом беседка остаётся светлой и открытой на вид. Характеристики: ПВХ 0,7 мм или 1 мм, светопропускание 85-95%, рабочая температура от -30 до +60 градусов. Алюминиевый верхний профиль, утяжеляющее звено снизу — полотно не хлопает на ветру. Цена указана от 500 руб., уточняйте под ваш размер. Замер и монтаж под ключ. Изготавливаем по точным размерам. Товар: Мягкие окна для беседок террас и веранд M4078.
Защитим беседку или веранду от ветра, дождя и пыли.
Работаем по адресу: Саратов, Кировский район.
Позиция в каталоге: Мягкие окна для беседок террас и веранд M4078.
Устанавливаем надёжные крепления и плотное ПВХ-полотно.

#Саратов",https://www.avito.ru/saratov/remont_i_stroitelstvo/myagkie_okna_dlya_besedok_terras_i_verand_m4078_3911305857,Саратов,Кировский район,,old,https://downloader.disk.yandex.ru/disk/94a9406cf5160a19944fbe53feb5d7f7db96be3c9c280317766612bac0994769/6a04b99f/VFMkxLrTsaxwuukpC-RIRBAF2L1dFlsyryjewhYIzTEyY6HcYSPNkstTmfB4LsAl56TKHtsvyJcW7E7kc1iqSQ%3D%3D?uid=0&filename=007_photo_2026-05-12_10-34-30.jpg&disposition=attachment&hash=&limit=0&content_type=image%2Fjpeg&owner_uid=0&fsize=184111&hid=4e5fe1c6172c2d1639542dcde1481c02&media_type=image&tknv=v3&etag=3acec892db777e945239c56dde91567b,https://downloader.disk.yandex.ru/disk/be61994a85fa449a6a79979c7d42b5d93a2ab47c9fe9a6c5723ed880d3846bb6/6a04b99f/VFMkxLrTsaxwuukpC-RIRDVteLLZedxPmXjNn8jLoD55hXfGcVCxhAQCW8wJI4gltLWteOFVxPU-cdr31EoCTg%3D%3D?uid=0&filename=010_photo_2026-05-12_10-35-32.jpg&disposition=attachment&hash=&limit=0&content_type=image%2Fjpeg&owner_uid=0&fsize=133960&hid=93f1b033d262999a8221550f6c125828&media_type=image&tknv=v3&etag=acc6b6d284adcd429177bb92888a5887,https://downloader.disk.yandex.ru/disk/c3a0f9ab2c5d56b292d8345eab2a7cc74a52dfeb93ed30ca3faa9c6a232c3570/6a04b99f/VFMkxLrTsaxwuukpC-RIRGBo9X4vGKGLKNPWrYcS9SKlS1BgcykzUW7JX-qXCFWOS2jrjAmUENaafSfFRFjj2A%3D%3D?uid=0&filename=012_photo_2026-05-12_10-35-46.jpg&disposition=attachment&hash=&limit=0&content_type=image%2Fjpeg&owner_uid=0&fsize=209782&hid=4a4995b31531c085fb6c7061a2f8ba57&media_type=image&tknv=v3&etag=832b960c464e57a96ea6f8eabb0185dd,/Users/aleksandrsolovev/Desktop/avito_autoload_fixed/avito_autoload/2_фото/мягкие_окна_беседки/мягкие_окна_беседки_объявления_6500.csv
avito-мягкие-окна-беседки-3911305857-2,3911305857,2,мягкие_окна_беседки,Ремонт и строительство,Мягкие окна для беседок террас и веранд M4078 Саратов под ключ,500,"Саратовская обл., Саратов, Ленинский район","Мягкие ПВХ-окна для беседки или веранды в Саратов. Прозрачные шторы из плотного ПВХ-полотна защищают от ветра, дождя, пыли и насекомых — при этом беседка остаётся светлой и открытой на вид. Характеристики: ПВХ 0,7 мм или 1 мм, светопропускание 85-95%, рабочая температура от -30 до +60 градусов. Алюминиевый верхний профиль, утяжеляющее звено снизу — полотно не хлопает на ветру. Цена указана от 500 руб., уточняйте под ваш размер. Замер и монтаж под ключ. Изготавливаем по точным размерам. Товар: Мягкие окна для беседок террас и веранд M4078.
Подходит для дачи, террасы, веранды и летнего кафе.
Работаем по адресу: Саратов, Ленинский район.
Позиция в каталоге: Мягкие окна для беседок террас и веранд M4078.
Устанавливаем надёжные крепления и плотное ПВХ-полотно.

#Саратов",https://www.avito.ru/saratov/remont_i_stroitelstvo/myagkie_okna_dlya_besedok_terras_i_verand_m4078_3911305857,Саратов,Ленинский район,,old,https://downloader.disk.yandex.ru/disk/be61994a85fa449a6a79979c7d42b5d93a2ab47c9fe9a6c5723ed880d3846bb6/6a04b99f/VFMkxLrTsaxwuukpC-RIRDVteLLZedxPmXjNn8jLoD55hXfGcVCxhAQCW8wJI4gltLWteOFVxPU-cdr31EoCTg%3D%3D?uid=0&filename=010_photo_2026-05-12_10-35-32.jpg&disposition=attachment&hash=&limit=0&content_type=image%2Fjpeg&owner_uid=0&fsize=133960&hid=93f1b033d262999a8221550f6c125828&media_type=image&tknv=v3&etag=acc6b6d284adcd429177bb92888a5887,https://downloader.disk.yandex.ru/disk/c3a0f9ab2c5d56b292d8345eab2a7cc74a52dfeb93ed30ca3faa9c6a232c3570/6a04b99f/VFMkxLrTsaxwuukpC-RIRGBo9X4vGKGLKNPWrYcS9SKlS1BgcykzUW7JX-qXCFWOS2jrjAmUENaafSfFRFjj2A%3D%3D?uid=0&filename=012_photo_2026-05-12_10-35-46.jpg&disposition=attachment&hash=&limit=0&content_type=image%2Fjpeg&owner_uid=0&fsize=209782&hid=4a4995b31531c085fb6c7061a2f8ba57&media_type=image&tknv=v3&etag=832b960c464e57a96ea6f8eabb0185dd,https://downloader.disk.yandex.ru/disk/ca2ff889943f980d070b1773f3fddd9158e5a518f6ce86132c26f139a132747e/6a04b99f/VFMkxLrTsaxwuukpC-RIRBpU0mQz0jquSaAlDOzXF5n00xKR2Ii695iu9jJ7cBbzfvIjuMCvOhtbXy5Y4zQLkA%3D%3D?uid=0&filename=017_photo_2026-05-12_10-36-21.jpg&disposition=attachment&hash=&limit=0&content_type=image%2Fjpeg&owner_uid=0&fsize=185683&hid=84e72f46852dbd9af5bdd4f56c472b10&media_type=image&tknv=v3&etag=a2a12b514d6fa7ed86f62b5452e447dd,/Users/aleksandrsolovev/Desktop/avito_autoload_fixed/avito_autoload/2_фото/мягкие_окна_беседки/мягкие_окна_беседки_объявления_6500.csv
avito-мягкие-окна-беседки-3911501410-1,3911501410,1,мягкие_окна_беседки,Ремонт и строительство,Мягкие гибкие окна на беседку W9344 для беседки,500,"Саратовская обл., Саратов, Центральный район","Мягкие ПВХ-окна для беседки или веранды в Саратов. Прозрачные шторы из плотного ПВХ-полотна защищают от ветра, дождя, пыли и насекомых — при этом беседка остаётся светлой и открытой на вид. Характеристики: ПВХ 0,7 мм или 1 мм, светопропускание 85-95%, рабочая температура от -30 до +60 градусов. Алюминиевый верхний профиль, утяжеляющее звено снизу — полотно не хлопает на ветру. Начальная цена 500 руб., финальная — после замера. Замер и монтаж под ключ. Изготавливаем по точным размерам. Товар: Мягкие гибкие окна на беседку W9344.
Защитим беседку или веранду от ветра, дождя и пыли.
Работаем по адресу: Саратов, Центральный район.
Позиция в каталоге: Мягкие гибкие окна на беседку W9344.
Устанавливаем надёжные крепления и плотное ПВХ-полотно.

#Саратов",https://www.avito.ru/saratov/remont_i_stroitelstvo/myagkie_gibkie_okna_na_besedku_w9344_3911501410,Саратов,Центральный район,,old,https://downloader.disk.yandex.ru/disk/c3a0f9ab2c5d56b292d8345eab2a7cc74a52dfeb93ed30ca3faa9c6a232c3570/6a04b99f/VFMkxLrTsaxwuukpC-RIRGBo9X4vGKGLKNPWrYcS9SKlS1BgcykzUW7JX-qXCFWOS2jrjAmUENaafSfFRFjj2A%3D%3D?uid=0&filename=012_photo_2026-05-12_10-35-46.jpg&disposition=attachment&hash=&limit=0&content_type=image%2Fjpeg&owner_uid=0&fsize=209782&hid=4a4995b31531c085fb6c7061a2f8ba57&media_type=image&tknv=v3&etag=832b960c464e57a96ea6f8eabb0185dd,https://downloader.disk.yandex.ru/disk/ca2ff889943f980d070b1773f3fddd9158e5a518f6ce86132c26f139a132747e/6a04b99f/VFMkxLrTsaxwuukpC-RIRBpU0mQz0jquSaAlDOzXF5n00xKR2Ii695iu9jJ7cBbzfvIjuMCvOhtbXy5Y4zQLkA%3D%3D?uid=0&filename=017_photo_2026-05-12_10-36-21.jpg&disposition=attachment&hash=&limit=0&content_type=image%2Fjpeg&owner_uid=0&fsize=185683&hid=84e72f46852dbd9af5bdd4f56c472b10&media_type=image&tknv=v3&etag=a2a12b514d6fa7ed86f62b5452e447dd,https://downloader.disk.yandex.ru/disk/cc422bad3af557666b8d80f070f6f2af5f2cf72f3665d25e413748ac2d9ef175/6a04b99f/VFMkxLrTsaxwuukpC-RIREcv8rK7pdw1i-lA-hXO5yoZEJb2VgYb0JbrAGXyaBoiDoSEV2EPbyE2gJEGsU1O7A%3D%3D?uid=0&filename=001_photo_2026-05-12_10-32-51.jpg&disposition=attachment&hash=&limit=0&content_type=image%2Fjpeg&owner_uid=0&fsize=166987&hid=f8d9aac3fa6670802a8591f48832a80f&media_type=image&tknv=v3&etag=cdabfb73a844534f7b89fe42794ef3e0,/Users/aleksandrsolovev/Desktop/avito_autoload_fixed/avito_autoload/2_фото/мягкие_окна_беседки/мягкие_окна_беседки_объявления_6500.csv
avito-мягкие-окна-беседки-3911501410-2,3911501410,2,мягкие_окна_беседки,Ремонт и строительство,Мягкие гибкие окна на беседку W9344 Саратов под ключ,500,"Саратовская обл., Саратов, Приволжский район","Мягкие ПВХ-окна для беседки или веранды в Саратов. Прозрачные шторы из плотного ПВХ-полотна защищают от ветра, дождя, пыли и насекомых — при этом беседка остаётся светлой и открытой на вид. Характеристики: ПВХ 0,7 мм или 1 мм, светопропускание 85-95%, рабочая температура от -30 до +60 градусов. Алюминиевый верхний профиль, утяжеляющее звено снизу — полотно не хлопает на ветру. Начальная цена 500 руб., финальная — после замера. Замер и монтаж под ключ. Изготавливаем по точным размерам. Товар: Мягкие гибкие окна на беседку W9344.
Подходит для дачи, террасы, веранды и летнего кафе.
Работаем по адресу: Саратов, Приволжский район.
Позиция в каталоге: Мягкие гибкие окна на беседку W9344.
Устанавливаем надёжные крепления и плотное ПВХ-полотно.

#Саратов",https://www.avito.ru/saratov/remont_i_stroitelstvo/myagkie_gibkie_okna_na_besedku_w9344_3911501410,Саратов,Приволжский район,,old,https://downloader.disk.yandex.ru/disk/ca2ff889943f980d070b1773f3fddd9158e5a518f6ce86132c26f139a132747e/6a04b99f/VFMkxLrTsaxwuukpC-RIRBpU0mQz0jquSaAlDOzXF5n00xKR2Ii695iu9jJ7cBbzfvIjuMCvOhtbXy5Y4zQLkA%3D%3D?uid=0&filename=017_photo_2026-05-12_10-36-21.jpg&disposition=attachment&hash=&limit=0&content_type=image%2Fjpeg&owner_uid=0&fsize=185683&hid=84e72f46852dbd9af5bdd4f56c472b10&media_type=image&tknv=v3&etag=a2a12b514d6fa7ed86f62b5452e447dd,https://downloader.disk.yandex.ru/disk/cc422bad3af557666b8d80f070f6f2af5f2cf72f3665d25e413748ac2d9ef175/6a04b99f/VFMkxLrTsaxwuukpC-RIREcv8rK7pdw1i-lA-hXO5yoZEJb2VgYb0JbrAGXyaBoiDoSEV2EPbyE2gJEGsU1O7A%3D%3D?uid=0&filename=001_photo_2026-05-12_10-32-51.jpg&disposition=attachment&hash=&limit=0&content_type=image%2Fjpeg&owner_uid=0&fsize=166987&hid=f8d9aac3fa6670802a8591f48832a80f&media_type=image&tknv=v3&etag=cdabfb73a844534f7b89fe42794ef3e0,https://downloader.disk.yandex.ru/disk/dbf43a6dd6c3064b79a539a3b12b759a5021315256aa0fb432b14eb30633854d/6a04b99f/VFMkxLrTsaxwuukpC-RIROOGeAUDyynwDS9qmuPfIWWcZyEKwo4-yJizBHh2F59BcsmxKvL8B1-u9Zak1Oh9Dg%3D%3D?uid=0&filename=021_photo_2026-05-12_10-36-43.jpg&disposition=attachment&hash=&limit=0&content_type=image%2Fjpeg&owner_uid=0&fsize=181364&hid=ae9a5fe0861bc01fa45b14df0cf9b3a3&media_type=image&tknv=v3&etag=74c835e8855e2bbb2ebdb46031bf6217,/Users/aleksandrsolovev/Desktop/avito_autoload_fixed/avito_autoload/2_фото/мягкие_окна_беседки/мягкие_окна_беседки_объявления_6500.csv
avito-мягкие-окна-беседки-3911373951-1,3911373951,1,мягкие_окна_беседки,Ремонт и строительство,Мягкие окна для беседок террас и веранд L2213 для беседки,500,"Саратовская обл., Саратов, Зеленый Городок","Мягкие ПВХ-окна для беседки или веранды в Саратов. Прозрачные шторы из плотного ПВХ-полотна защищают от ветра, дождя, пыли и насекомых — при этом беседка остаётся светлой и открытой на вид. Характеристики: ПВХ 0,7 мм или 1 мм, светопропускание 85-95%, рабочая температура от -30 до +60 градусов. Алюминиевый верхний профиль, утяжеляющее звено снизу — полотно не хлопает на ветру. Стоимость от 500 рублей. Замер и монтаж под ключ. Изготавливаем по точным размерам. Товар: Мягкие окна для беседок террас и веранд L2213.
Защитим беседку или веранду от ветра, дождя и пыли.
Работаем по адресу: Саратов, Зеленый Городок.
Позиция в каталоге: Мягкие окна для беседок террас и веранд L2213.
Устанавливаем надёжные крепления и плотное ПВХ-полотно.

#Саратов",https://www.avito.ru/saratov/remont_i_stroitelstvo/myagkie_okna_dlya_besedok_terras_i_verand_l2213_3911373951,Саратов,Зеленый Городок,,old,https://downloader.disk.yandex.ru/disk/cc422bad3af557666b8d80f070f6f2af5f2cf72f3665d25e413748ac2d9ef175/6a04b99f/VFMkxLrTsaxwuukpC-RIREcv8rK7pdw1i-lA-hXO5yoZEJb2VgYb0JbrAGXyaBoiDoSEV2EPbyE2gJEGsU1O7A%3D%3D?uid=0&filename=001_photo_2026-05-12_10-32-51.jpg&disposition=attachment&hash=&limit=0&content_type=image%2Fjpeg&owner_uid=0&fsize=166987&hid=f8d9aac3fa6670802a8591f48832a80f&media_type=image&tknv=v3&etag=cdabfb73a844534f7b89fe42794ef3e0,https://downloader.disk.yandex.ru/disk/dbf43a6dd6c3064b79a539a3b12b759a5021315256aa0fb432b14eb30633854d/6a04b99f/VFMkxLrTsaxwuukpC-RIROOGeAUDyynwDS9qmuPfIWWcZyEKwo4-yJizBHh2F59BcsmxKvL8B1-u9Zak1Oh9Dg%3D%3D?uid=0&filename=021_photo_2026-05-12_10-36-43.jpg&disposition=attachment&hash=&limit=0&content_type=image%2Fjpeg&owner_uid=0&fsize=181364&hid=ae9a5fe0861bc01fa45b14df0cf9b3a3&media_type=image&tknv=v3&etag=74c835e8855e2bbb2ebdb46031bf6217,https://downloader.disk.yandex.ru/disk/e90d9cc46aef7a8db2c0bd936c49eb004ef387fb9d416edc6d8963c29e8dfd6a/6a04b99f/VFMkxLrTsaxwuukpC-RIRL70qeEbctiCWtfOuVT5CCCL9QQv1m5FoCWpY2_4xn4uRHsu8Ei7E6-GHiH00mFb1w%3D%3D?uid=0&filename=008_photo_2026-05-12_10-34-36.jpg&disposition=attachment&hash=&limit=0&content_type=image%2Fjpeg&owner_uid=0&fsize=193652&hid=d2f3816825673512c7a3c48d9ecd6bb0&media_type=image&tknv=v3&etag=8b1618bc039db1638ab4f2614ad7b1b5,/Users/aleksandrsolovev/Desktop/avito_autoload_fixed/avito_autoload/2_фото/мягкие_окна_беседки/мягкие_окна_беседки_объявления_6500.csv
avito-мягкие-окна-беседки-3911373951-2,3911373951,2,мягкие_окна_беседки,Ремонт и строительство,Мягкие окна для беседок террас и веранд L2213 Саратов под ключ,500,"Саратовская обл., Саратов, Пристанский","Мягкие ПВХ-окна для беседки или веранды в Саратов. Прозрачные шторы из плотного ПВХ-полотна защищают от ветра, дождя, пыли и насекомых — при этом беседка остаётся светлой и открытой на вид. Характеристики: ПВХ 0,7 мм или 1 мм, светопропускание 85-95%, рабочая температура от -30 до +60 градусов. Алюминиевый верхний профиль, утяжеляющее звено снизу — полотно не хлопает на ветру. Стоимость от 500 рублей. Замер и монтаж под ключ. Изготавливаем по точным размерам. Товар: Мягкие окна для беседок террас и веранд L2213.
Подходит для дачи, террасы, веранды и летнего кафе.
Работаем по адресу: Саратов, Пристанский.
Позиция в каталоге: Мягкие окна для беседок террас и веранд L2213.
Устанавливаем надёжные крепления и плотное ПВХ-полотно.

#Саратов",https://www.avito.ru/saratov/remont_i_stroitelstvo/myagkie_okna_dlya_besedok_terras_i_verand_l2213_3911373951,Саратов,Пристанский,,old,https://downloader.disk.yandex.ru/disk/dbf43a6dd6c3064b79a539a3b12b759a5021315256aa0fb432b14eb30633854d/6a04b99f/VFMkxLrTsaxwuukpC-RIROOGeAUDyynwDS9qmuPfIWWcZyEKwo4-yJizBHh2F59BcsmxKvL8B1-u9Zak1Oh9Dg%3D%3D?uid=0&filename=021_photo_2026-05-12_10-36-43.jpg&disposition=attachment&hash=&limit=0&content_type=image%2Fjpeg&owner_uid=0&fsize=181364&hid=ae9a5fe0861bc01fa45b14df0cf9b3a3&media_type=image&tknv=v3&etag=74c835e8855e2bbb2ebdb46031bf6217,https://downloader.disk.yandex.ru/disk/e90d9cc46aef7a8db2c0bd936c49eb004ef387fb9d416edc6d8963c29e8dfd6a/6a04b99f/VFMkxLrTsaxwuukpC-RIRL70qeEbctiCWtfOuVT5CCCL9QQv1m5FoCWpY2_4xn4uRHsu8Ei7E6-GHiH00mFb1w%3D%3D?uid=0&filename=008_photo_2026-05-12_10-34-36.jpg&disposition=attachment&hash=&limit=0&content_type=image%2Fjpeg&owner_uid=0&fsize=193652&hid=d2f3816825673512c7a3c48d9ecd6bb0&media_type=image&tknv=v3&etag=8b1618bc039db1638ab4f2614ad7b1b5,https://downloader.disk.yandex.ru/disk/ec2e68ffab0ac5074e50fff77897bbdbc031eb18714e7c511e6860536b90ebb1/6a04b99f/VFMkxLrTsaxwuukpC-RIRON7NTP-qWHS0IQyRJ3ae-gfp0NzcaRrKtGq-Tl02-vn1THoFDVnG5qlOA-zHKJ8pQ%3D%3D?uid=0&filename=014_photo_2026-05-12_10-35-57.jpg&disposition=attachment&hash=&limit=0&content_type=image%2Fjpeg&owner_uid=0&fsize=198961&hid=e8316aea86dd1a0cc3f4caddb8bbb2ea&media_type=image&tknv=v3&etag=4ec42564145c87886af68bd0c51b229e,/Users/aleksandrsolovev/Desktop/avito_autoload_fixed/avito_autoload/2_фото/мягкие_окна_беседки/мягкие_окна_беседки_объявления_6500.csv
avito-мягкие-окна-беседки-3911401195-1,3911401195,1,мягкие_окна_беседки,Ремонт и строительство,Мягкие окна для беседок террас и веранд F6474 для беседки,500,"Саратовская обл., Саратов, Гагаринский район","Мягкие ПВХ-окна для беседки или веранды в Саратов. Прозрачные шторы из плотного ПВХ-полотна защищают от ветра, дождя, пыли и насекомых — при этом беседка остаётся светлой и открытой на вид. Характеристики: ПВХ 0,7 мм или 1 мм, светопропускание 85-95%, рабочая температура от -30 до +60 градусов. Алюминиевый верхний профиль, утяжеляющее звено снизу — полотно не хлопает на ветру. Цена указана от 500 руб., уточняйте под ваш размер. Замер и монтаж под ключ. Изготавливаем по точным размерам. Товар: Мягкие окна для беседок террас и веранд F6474.
Защитим беседку или веранду от ветра, дождя и пыли.
Работаем по адресу: Саратов, Гагаринский район.
Позиция в каталоге: Мягкие окна для беседок террас и веранд F6474.
Устанавливаем надёжные крепления и плотное ПВХ-полотно.

#Саратов",https://www.avito.ru/saratov/remont_i_stroitelstvo/myagkie_okna_dlya_besedok_terras_i_verand_f6474_3911401195,Саратов,Гагаринский район,,old,https://downloader.disk.yandex.ru/disk/e90d9cc46aef7a8db2c0bd936c49eb004ef387fb9d416edc6d8963c29e8dfd6a/6a04b99f/VFMkxLrTsaxwuukpC-RIRL70qeEbctiCWtfOuVT5CCCL9QQv1m5FoCWpY2_4xn4uRHsu8Ei7E6-GHiH00mFb1w%3D%3D?uid=0&filename=008_photo_2026-05-12_10-34-36.jpg&disposition=attachment&hash=&limit=0&content_type=image%2Fjpeg&owner_uid=0&fsize=193652&hid=d2f3816825673512c7a3c48d9ecd6bb0&media_type=image&tknv=v3&etag=8b1618bc039db1638ab4f2614ad7b1b5,https://downloader.disk.yandex.ru/disk/ec2e68ffab0ac5074e50fff77897bbdbc031eb18714e7c511e6860536b90ebb1/6a04b99f/VFMkxLrTsaxwuukpC-RIRON7NTP-qWHS0IQyRJ3ae-gfp0NzcaRrKtGq-Tl02-vn1THoFDVnG5qlOA-zHKJ8pQ%3D%3D?uid=0&filename=014_photo_2026-05-12_10-35-57.jpg&disposition=attachment&hash=&limit=0&content_type=image%2Fjpeg&owner_uid=0&fsize=198961&hid=e8316aea86dd1a0cc3f4caddb8bbb2ea&media_type=image&tknv=v3&etag=4ec42564145c87886af68bd0c51b229e,https://downloader.disk.yandex.ru/disk/faf7eae1ea36535661a33d27094cf059425a44c1a646939795ecdce0b94ade58/6a04b99f/VFMkxLrTsaxwuukpC-RIRGD-tHlTnjj-_d8roP6ipdjvVLQLCGnRMxazIFG8er82H08JhC18p8FYT4GWKLH3tw%3D%3D?uid=0&filename=019_photo_2026-05-12_10-36-32.jpg&disposition=attachment&hash=&limit=0&content_type=image%2Fjpeg&owner_uid=0&fsize=237276&hid=c72087ae5db5e0e0750bdbeb43a55e6b&media_type=image&tknv=v3&etag=1326125c7935401eca418894bf629dda,/Users/aleksandrsolovev/Desktop/avito_autoload_fixed/avito_autoload/2_фото/мягкие_окна_беседки/мягкие_окна_беседки_объявления_6500.csv
avito-мягкие-окна-беседки-3911401195-2,3911401195,2,мягкие_окна_беседки,Ремонт и строительство,Мягкие окна для беседок террас и веранд F6474 Саратов под ключ,500,"Саратовская обл., Саратов, Центральный район","Мягкие ПВХ-окна для беседки или веранды в Саратов. Прозрачные шторы из плотного ПВХ-полотна защищают от ветра, дождя, пыли и насекомых — при этом беседка остаётся светлой и открытой на вид. Характеристики: ПВХ 0,7 мм или 1 мм, светопропускание 85-95%, рабочая температура от -30 до +60 градусов. Алюминиевый верхний профиль, утяжеляющее звено снизу — полотно не хлопает на ветру. Цена указана от 500 руб., уточняйте под ваш размер. Замер и монтаж под ключ. Изготавливаем по точным размерам. Товар: Мягкие окна для беседок террас и веранд F6474.
Подходит для дачи, террасы, веранды и летнего кафе.
Работаем по адресу: Саратов, Центральный район.
Позиция в каталоге: Мягкие окна для беседок террас и веранд F6474.
Устанавливаем надёжные крепления и плотное ПВХ-полотно.

#Саратов",https://www.avito.ru/saratov/remont_i_stroitelstvo/myagkie_okna_dlya_besedok_terras_i_verand_f6474_3911401195,Саратов,Центральный район,,old,https://downloader.disk.yandex.ru/disk/ec2e68ffab0ac5074e50fff77897bbdbc031eb18714e7c511e6860536b90ebb1/6a04b99f/VFMkxLrTsaxwuukpC-RIRON7NTP-qWHS0IQyRJ3ae-gfp0NzcaRrKtGq-Tl02-vn1THoFDVnG5qlOA-zHKJ8pQ%3D%3D?uid=0&filename=014_photo_2026-05-12_10-35-57.jpg&disposition=attachment&hash=&limit=0&content_type=image%2Fjpeg&owner_uid=0&fsize=198961&hid=e8316aea86dd1a0cc3f4caddb8bbb2ea&media_type=image&tknv=v3&etag=4ec42564145c87886af68bd0c51b229e,https://downloader.disk.yandex.ru/disk/faf7eae1ea36535661a33d27094cf059425a44c1a646939795ecdce0b94ade58/6a04b99f/VFMkxLrTsaxwuukpC-RIRGD-tHlTnjj-_d8roP6ipdjvVLQLCGnRMxazIFG8er82H08JhC18p8FYT4GWKLH3tw%3D%3D?uid=0&filename=019_photo_2026-05-12_10-36-32.jpg&disposition=attachment&hash=&limit=0&content_type=image%2Fjpeg&owner_uid=0&fsize=237276&hid=c72087ae5db5e0e0750bdbeb43a55e6b&media_type=image&tknv=v3&etag=1326125c7935401eca418894bf629dda,https://downloader.disk.yandex.ru/disk/00678b15d9555081193f8950da97f7e74a6bf1c270d531e9ee0b716214788cd1/6a04b99f/VFMkxLrTsaxwuukpC-RIREcv8rK7pdw1i-lA-hXO5yoZEJb2VgYb0JbrAGXyaBoiDoSEV2EPbyE2gJEGsU1O7A%3D%3D?uid=0&filename=016_photo_2026-05-12_10-36-15.jpg&disposition=attachment&hash=&limit=0&content_type=image%2Fjpeg&owner_uid=0&fsize=166987&hid=f8d9aac3fa6670802a8591f48832a80f&media_type=image&tknv=v3&etag=cdabfb73a844534f7b89fe42794ef3e0,/Users/aleksandrsolovev/Desktop/avito_autoload_fixed/avito_autoload/2_фото/мягкие_окна_беседки/мягкие_окна_беседки_объявления_6500.csv
avito-мягкие-окна-беседки-3910907026-1,3910907026,1,мягкие_окна_беседки,Ремонт и строительство,Мягкие окна для беседок террас и веранд F9840 для беседки,500,"Саратовская обл., Саратов, Пристанский","Мягкие ПВХ-окна для беседки или веранды в Саратов. Прозрачные шторы из плотного ПВХ-полотна защищают от ветра, дождя, пыли и насекомых — при этом беседка остаётся светлой и открытой на вид. Характеристики: ПВХ 0,7 мм или 1 мм, светопропускание 85-95%, рабочая температура от -30 до +60 градусов. Алюминиевый верхний профиль, утяжеляющее звено снизу — полотно не хлопает на ветру. От 500 руб. — точная цена после замера. Замер и монтаж под ключ. Изготавливаем по точным размерам. Товар: Мягкие окна для беседок террас и веранд F9840.
Защитим беседку или веранду от ветра, дождя и пыли.
Работаем по адресу: Саратов, Пристанский.
Позиция в каталоге: Мягкие окна для беседок террас и веранд F9840.
Устанавливаем надёжные крепления и плотное ПВХ-полотно.

#Саратов",https://www.avito.ru/saratov/remont_i_stroitelstvo/myagkie_okna_dlya_besedok_terras_i_verand_f9840_3910907026,Саратов,Пристанский,,old,https://downloader.disk.yandex.ru/disk/faf7eae1ea36535661a33d27094cf059425a44c1a646939795ecdce0b94ade58/6a04b99f/VFMkxLrTsaxwuukpC-RIRGD-tHlTnjj-_d8roP6ipdjvVLQLCGnRMxazIFG8er82H08JhC18p8FYT4GWKLH3tw%3D%3D?uid=0&filename=019_photo_2026-05-12_10-36-32.jpg&disposition=attachment&hash=&limit=0&content_type=image%2Fjpeg&owner_uid=0&fsize=237276&hid=c72087ae5db5e0e0750bdbeb43a55e6b&media_type=image&tknv=v3&etag=1326125c7935401eca418894bf629dda,https://downloader.disk.yandex.ru/disk/00678b15d9555081193f8950da97f7e74a6bf1c270d531e9ee0b716214788cd1/6a04b99f/VFMkxLrTsaxwuukpC-RIREcv8rK7pdw1i-lA-hXO5yoZEJb2VgYb0JbrAGXyaBoiDoSEV2EPbyE2gJEGsU1O7A%3D%3D?uid=0&filename=016_photo_2026-05-12_10-36-15.jpg&disposition=attachment&hash=&limit=0&content_type=image%2Fjpeg&owner_uid=0&fsize=166987&hid=f8d9aac3fa6670802a8591f48832a80f&media_type=image&tknv=v3&etag=cdabfb73a844534f7b89fe42794ef3e0,https://downloader.disk.yandex.ru/disk/0aa9597b29c6b1fc112a4f4dd691a7478309cebc1283cd7ebc085765a63c9e7d/6a04b99f/VFMkxLrTsaxwuukpC-RIRBDSFb3o_Getpg-ijvF9wNWDGDBK7xBIyGaMmpVPdfAcx_7Ar1Pi0zmCr6Tt1zMxIQ%3D%3D?uid=0&filename=015_photo_2026-05-12_10-36-09.jpg&disposition=attachment&hash=&limit=0&content_type=image%2Fjpeg&owner_uid=0&fsize=183035&hid=69b28a30980146f8ce06d1cfa8d0bc57&media_type=image&tknv=v3&etag=fbd395820f38cf01c25aefbe67ca0bba,/Users/aleksandrsolovev/Desktop/avito_autoload_fixed/avito_autoload/2_фото/мягкие_окна_беседки/мягкие_окна_беседки_объявления_6500.csv
avito-остекление_балконов-2535234152,2535234152,1,остекление_балконов,Предложение услуг,"Остеление балкона и лоджии, ремонт окон",5000,"Саратовская обл., Марксовский р-н, Маркс","Остекление балконов и лоджий под ключ в Саратов.
Виды остекления: холодное (алюминий) — быстро и бюджетно, тёплое (ПВХ со стеклопакетом) — для превращения балкона в жилое пространство.
Что входит в цену: замер бесплатно, демонтаж старого остекления, монтаж новой конструкции. Дополнительно: утепление, отделка, подоконник.
Цена — от 5000 руб.
Гарантия 3 года. Срок изготовления от 5 рабочих дней. Работаем официально — договор и акт.
Товар: Остеление балкона и лоджии, ремонт окон.

#Маркс",https://www.avito.ru/marks/predlozheniya_uslug/ostelenie_balkona_i_lodzhii_remont_okon_2535234152,,,,active,https://downloader.disk.yandex.ru/disk/087284ea6887805ec8a63fda245a9eb6b6dc35ab8a517e13bc99db6c1f3b5ce6/6a04b99f/VFMkxLrTsaxwuukpC-RIRKikkOJWwEBpj7sWcpMCO3Xumo2U3Zi1hXKfXCV7iyRJdlJLDd0qyJ2PXw21Jr_vvw%3D%3D?uid=0&filename=001_photo_2026-05-06_13-37-46.jpg&disposition=attachment&hash=&limit=0&content_type=image%2Fjpeg&owner_uid=0&fsize=251180&hid=37a23a8073fa613552e5b0160420fe85&media_type=image&tknv=v3&etag=e027bad214b9ec7ae92159d35324299e,https://downloader.disk.yandex.ru/disk/22ee54444818036a65d3a1e8e47210337c9ac2b9350e3bb2fd37da207d914b2c/6a04b99f/VFMkxLrTsaxwuukpC-RIRHLvUXqtuUo1PMnh0ZIDjmZj0hKoIIpSCpZJ4wuJ-UnTFFz_a_jo7z19ewFlkQRpXg%3D%3D?uid=0&filename=003_photo_2026-05-06_13-40-35.jpg&disposition=attachment&hash=&limit=0&content_type=image%2Fjpeg&owner_uid=0&fsize=189892&hid=620b05b70d50b41a7536ca0b3f7202e3&media_type=image&tknv=v3&etag=8fddbaeded864904ab3ebaf8a8ca53d8,https://downloader.disk.yandex.ru/disk/238ce4fddbbf75128c333a3e56241f5c2a035a51780e7f6d657e5ebf7b731489/6a04b99f/VFMkxLrTsaxwuukpC-RIRF8sFrvmTRKTJN-2fvr918OkADVQGUFqAWbDP-H0_hphfj5vSH3rIMXgtuymBHRclg%3D%3D?uid=0&filename=004_photo_2026-05-06_13-41-22.jpg&disposition=attachment&hash=&limit=0&content_type=image%2Fjpeg&owner_uid=0&fsize=275961&hid=9c52457b78cbc0435163e84cf5e59820&media_type=image&tknv=v3&etag=195fbc0ea0cff977f3c38f4c1f9b0d43,/Users/aleksandrsolovev/Desktop/avito_autoload_fixed/avito_autoload/2_фото/остекление_балконов/остекление_балконов_объявления.csv
avito-остекление-балконов-2535234152-1,2535234152,1,остекление_балконов,Ремонт и строительство,"Остеление балкона и лоджии, ремонт окон тёплое и холодное",5000,"Саратовская обл., Саратов, Шурова Гора","Остекление балконов и лоджий под ключ в Саратов. Виды остекления: холодное (алюминий) — быстро и бюджетно, тёплое (ПВХ со стеклопакетом) — для превращения балкона в жилое пространство. Что входит в цену: замер бесплатно, демонтаж старого остекления, монтаж новой конструкции. Дополнительно: утепление, отделка, подоконник. Цена — от 5000 руб. Гарантия 3 года. Срок изготовления от 5 рабочих дней. Работаем официально — договор и акт. Товар: Остеление балкона и лоджии, ремонт окон.
Можно сделать балкон тёплым, тихим и аккуратным.
Работаем по адресу: Саратов, Шурова Гора.
Позиция в каталоге: Остеление балкона и лоджии, ремонт окон.
Поможем превратить балкон в полноценное полезное пространство.

#Саратов",https://www.avito.ru/marks/predlozheniya_uslug/ostelenie_balkona_i_lodzhii_remont_okon_2535234152,Саратов,Шурова Гора,,active,https://downloader.disk.yandex.ru/disk/22ee54444818036a65d3a1e8e47210337c9ac2b9350e3bb2fd37da207d914b2c/6a04b99f/VFMkxLrTsaxwuukpC-RIRHLvUXqtuUo1PMnh0ZIDjmZj0hKoIIpSCpZJ4wuJ-UnTFFz_a_jo7z19ewFlkQRpXg%3D%3D?uid=0&filename=003_photo_2026-05-06_13-40-35.jpg&disposition=attachment&hash=&limit=0&content_type=image%2Fjpeg&owner_uid=0&fsize=189892&hid=620b05b70d50b41a7536ca0b3f7202e3&media_type=image&tknv=v3&etag=8fddbaeded864904ab3ebaf8a8ca53d8,https://downloader.disk.yandex.ru/disk/238ce4fddbbf75128c333a3e56241f5c2a035a51780e7f6d657e5ebf7b731489/6a04b99f/VFMkxLrTsaxwuukpC-RIRF8sFrvmTRKTJN-2fvr918OkADVQGUFqAWbDP-H0_hphfj5vSH3rIMXgtuymBHRclg%3D%3D?uid=0&filename=004_photo_2026-05-06_13-41-22.jpg&disposition=attachment&hash=&limit=0&content_type=image%2Fjpeg&owner_uid=0&fsize=275961&hid=9c52457b78cbc0435163e84cf5e59820&media_type=image&tknv=v3&etag=195fbc0ea0cff977f3c38f4c1f9b0d43,https://downloader.disk.yandex.ru/disk/2eed1a25c766edb77084038092ab811666e7e0eacf6551ae196b09331c3fc14e/6a04b99f/VFMkxLrTsaxwuukpC-RIRCaJRuCUE5Rv7s8wa8nt-u1Vp6ygJG6Owcrz101xBGpkt2kpFStr0s4tRy39RROszg%3D%3D?uid=0&filename=007_photo_2026-05-06_13-44-15.jpg&disposition=attachment&hash=&limit=0&content_type=image%2Fjpeg&owner_uid=0&fsize=266232&hid=c10d7b507b9099bb863ba0af3a8bd65a&media_type=image&tknv=v3&etag=e95ad90cf6ca2ba7a205c0b74d8722fd,/Users/aleksandrsolovev/Desktop/avito_autoload_fixed/avito_autoload/2_фото/остекление_балконов/остекление_балконов_объявления_6500.csv
avito-остекление-балконов-2535234152-2,2535234152,2,остекление_балконов,Ремонт и строительство,"Остеление балкона и лоджии, ремонт окон Саратов с замером",5000,"Саратовская обл., Саратов, Анисовка","Остекление балконов и лоджий под ключ в Саратов. Виды остекления: холодное (алюминий) — быстро и бюджетно, тёплое (ПВХ со стеклопакетом) — для превращения балкона в жилое пространство. Что входит в цену: замер бесплатно, демонтаж старого остекления, монтаж новой конструкции. Дополнительно: утепление, отделка, подоконник. Цена — от 5000 руб. Гарантия 3 года. Срок изготовления от 5 рабочих дней. Работаем официально — договор и акт. Товар: Остеление балкона и лоджии, ремонт окон.
Подберём вариант остекления под задачу и бюджет.
Работаем по адресу: Саратов, Анисовка.
Позиция в каталоге: Остеление балкона и лоджии, ремонт окон.
Поможем превратить балкон в полноценное полезное пространство.

#Саратов",https://www.avito.ru/marks/predlozheniya_uslug/ostelenie_balkona_i_lodzhii_remont_okon_2535234152,Саратов,Анисовка,,active,https://downloader.disk.yandex.ru/disk/238ce4fddbbf75128c333a3e56241f5c2a035a51780e7f6d657e5ebf7b731489/6a04b99f/VFMkxLrTsaxwuukpC-RIRF8sFrvmTRKTJN-2fvr918OkADVQGUFqAWbDP-H0_hphfj5vSH3rIMXgtuymBHRclg%3D%3D?uid=0&filename=004_photo_2026-05-06_13-41-22.jpg&disposition=attachment&hash=&limit=0&content_type=image%2Fjpeg&owner_uid=0&fsize=275961&hid=9c52457b78cbc0435163e84cf5e59820&media_type=image&tknv=v3&etag=195fbc0ea0cff977f3c38f4c1f9b0d43,https://downloader.disk.yandex.ru/disk/2eed1a25c766edb77084038092ab811666e7e0eacf6551ae196b09331c3fc14e/6a04b99f/VFMkxLrTsaxwuukpC-RIRCaJRuCUE5Rv7s8wa8nt-u1Vp6ygJG6Owcrz101xBGpkt2kpFStr0s4tRy39RROszg%3D%3D?uid=0&filename=007_photo_2026-05-06_13-44-15.jpg&disposition=attachment&hash=&limit=0&content_type=image%2Fjpeg&owner_uid=0&fsize=266232&hid=c10d7b507b9099bb863ba0af3a8bd65a&media_type=image&tknv=v3&etag=e95ad90cf6ca2ba7a205c0b74d8722fd,https://downloader.disk.yandex.ru/disk/335d252ffdff90dde3d6710d3a20fadcc94ddb21514d10ebc532d41c912d4548/6a04b99f/VFMkxLrTsaxwuukpC-RIRFReqcBZuEAAbDVvt2ns9h-t0ABR51bx5DQJCdO_n9BxO2Il_lqGPZrzzzl8WoDXnA%3D%3D?uid=0&filename=009_photo_2026-05-06_13-45-24.jpg&disposition=attachment&hash=&limit=0&content_type=image%2Fjpeg&owner_uid=0&fsize=323355&hid=2dbbd6c929f81edf75cb97c33f4d1b85&media_type=image&tknv=v3&etag=d43aa80e6d973331dadbf591d5481fa5,/Users/aleksandrsolovev/Desktop/avito_autoload_fixed/avito_autoload/2_фото/остекление_балконов/остекление_балконов_объявления_6500.csv
avito-остекление-балконов-2535234152-3,2535234152,3,остекление_балконов,Ремонт и строительство,"Остеление балкона и лоджии, ремонт окон Химик под ключ",5000,"Саратовская обл., Саратов, Химик","Остекление балконов и лоджий под ключ в Саратов. Виды остекления: холодное (алюминий) — быстро и бюджетно, тёплое (ПВХ со стеклопакетом) — для превращения балкона в жилое пространство. Что входит в цену: замер бесплатно, демонтаж старого остекления, монтаж новой конструкции. Дополнительно: утепление, отделка, подоконник. Цена — от 5000 руб. Гарантия 3 года. Срок изготовления от 5 рабочих дней. Работаем официально — договор и акт. Товар: Остеление балкона и лоджии, ремонт окон.
Работаем с холодным, тёплым и панорамным остеклением.
Работаем по адресу: Саратов, Химик.
Позиция в каталоге: Остеление балкона и лоджии, ремонт окон.
Поможем превратить балкон в полноценное полезное пространство.

#Саратов",https://www.avito.ru/marks/predlozheniya_uslug/ostelenie_balkona_i_lodzhii_remont_okon_2535234152,Саратов,Химик,,active,https://downloader.disk.yandex.ru/disk/2eed1a25c766edb77084038092ab811666e7e0eacf6551ae196b09331c3fc14e/6a04b99f/VFMkxLrTsaxwuukpC-RIRCaJRuCUE5Rv7s8wa8nt-u1Vp6ygJG6Owcrz101xBGpkt2kpFStr0s4tRy39RROszg%3D%3D?uid=0&filename=007_photo_2026-05-06_13-44-15.jpg&disposition=attachment&hash=&limit=0&content_type=image%2Fjpeg&owner_uid=0&fsize=266232&hid=c10d7b507b9099bb863ba0af3a8bd65a&media_type=image&tknv=v3&etag=e95ad90cf6ca2ba7a205c0b74d8722fd,https://downloader.disk.yandex.ru/disk/335d252ffdff90dde3d6710d3a20fadcc94ddb21514d10ebc532d41c912d4548/6a04b99f/VFMkxLrTsaxwuukpC-RIRFReqcBZuEAAbDVvt2ns9h-t0ABR51bx5DQJCdO_n9BxO2Il_lqGPZrzzzl8WoDXnA%3D%3D?uid=0&filename=009_photo_2026-05-06_13-45-24.jpg&disposition=attachment&hash=&limit=0&content_type=image%2Fjpeg&owner_uid=0&fsize=323355&hid=2dbbd6c929f81edf75cb97c33f4d1b85&media_type=image&tknv=v3&etag=d43aa80e6d973331dadbf591d5481fa5,https://downloader.disk.yandex.ru/disk/6f8e5bf231f78de6f63786a78943c6c36b69b29e94f0cd929954398be645b6f2/6a04b99f/VFMkxLrTsaxwuukpC-RIRLeyugkFCWFq7sWBQuSbm9pJMJjLQXxoxNq9OEXAwFcyQQgbG8ZPiyvQH7Tm9QpFAQ%3D%3D?uid=0&filename=006_photo_2026-05-06_13-43-18.jpg&disposition=attachment&hash=&limit=0&content_type=image%2Fjpeg&owner_uid=0&fsize=216961&hid=3dd32bdd9571af4d12591d9987dc5d3e&media_type=image&tknv=v3&etag=77fd013cffd7b1fd19fae9244fc1d7ee,/Users/aleksandrsolovev/Desktop/avito_autoload_fixed/avito_autoload/2_фото/остекление_балконов/остекление_балконов_объявления_6500.csv
avito-остекление-балконов-3911401798-3,3911401798,3,остекление_балконов,Ремонт и строительство,Остекление балконов и лоджий в рассрочку обл-3190 Октябрьский район с отделкой,5000,"Саратовская обл., Саратов, Октябрьский район","Остекление балконов и лоджий в рассрочку обл-3190 в Саратов. Выполняем остекление балконов «под ключ»: демонтаж, изготовление, монтаж. Холодное остекление (алюминий) — быстро, бюджетно, надёжно. Тёплое остекление (ПВХ) — шумоизоляция, тепло, можно использовать как кабинет или мастерскую. Французское остекление — максимум света, панорамный вид. По желанию: утепление, вагонка, отделка ПВХ-панелями. Цена указана от 5000 руб., уточняйте под ваш размер. Гарантия 3 года. Приедем и замерим бесплатно. Товар: Остекление балконов и лоджий в рассрочку обл-3190.
Работаем с холодным, тёплым и панорамным остеклением.
Работаем по адресу: Саратов, Октябрьский район.
Позиция в каталоге: Остекление балконов и лоджий в рассрочку обл-3190.
Поможем превратить балкон в полноценное полезное пространство.

#Саратов",https://www.avito.ru/engels/remont_i_stroitelstvo/osteklenie_balkonov_i_lodzhiy_v_rassrochku_obl-3190_3911401798,Саратов,Октябрьский район,,old,https://downloader.disk.yandex.ru/disk/335d252ffdff90dde3d6710d3a20fadcc94ddb21514d10ebc532d41c912d4548/6a04b99f/VFMkxLrTsaxwuukpC-RIRFReqcBZuEAAbDVvt2ns9h-t0ABR51bx5DQJCdO_n9BxO2Il_lqGPZrzzzl8WoDXnA%3D%3D?uid=0&filename=009_photo_2026-05-06_13-45-24.jpg&disposition=attachment&hash=&limit=0&content_type=image%2Fjpeg&owner_uid=0&fsize=323355&hid=2dbbd6c929f81edf75cb97c33f4d1b85&media_type=image&tknv=v3&etag=d43aa80e6d973331dadbf591d5481fa5,https://downloader.disk.yandex.ru/disk/6f8e5bf231f78de6f63786a78943c6c36b69b29e94f0cd929954398be645b6f2/6a04b99f/VFMkxLrTsaxwuukpC-RIRLeyugkFCWFq7sWBQuSbm9pJMJjLQXxoxNq9OEXAwFcyQQgbG8ZPiyvQH7Tm9QpFAQ%3D%3D?uid=0&filename=006_photo_2026-05-06_13-43-18.jpg&disposition=attachment&hash=&limit=0&content_type=image%2Fjpeg&owner_uid=0&fsize=216961&hid=3dd32bdd9571af4d12591d9987dc5d3e&media_type=image&tknv=v3&etag=77fd013cffd7b1fd19fae9244fc1d7ee,https://downloader.disk.yandex.ru/disk/74fd113d3afe34db4c9e50de744016faca1aaaf98318f87075bd65faddbba296/6a04b99f/VFMkxLrTsaxwuukpC-RIRPKYx7ZN9ho8mJcfAkR2VfTXu7u3OA8zIyOuQnqX1Q4Q0456NofW8dggqVDJ1Z2G8w%3D%3D?uid=0&filename=005_photo_2026-05-06_13-42-45.jpg&disposition=attachment&hash=&limit=0&content_type=image%2Fjpeg&owner_uid=0&fsize=106838&hid=bd08271e07cd45a3bc009d568ea7572d&media_type=image&tknv=v3&etag=e00ab75b360f757bd557e11740008732,/Users/aleksandrsolovev/Desktop/avito_autoload_fixed/avito_autoload/2_фото/остекление_балконов/остекление_балконов_объявления_6500.csv
avito-остекление-балконов-3911567655-2,3911567655,2,остекление_балконов,Ремонт и строительство,Остекле��ие балконов и лоджий в рассрочку обл-4472 Саратов по вашим размерам,5000,"Саратовская обл., Саратов, Северный микрорайон","Остекляем балконы и лоджии в Саратов — холодное и тёплое остекление. Холодное: алюминиевый профиль — экономично, защита от ветра и пыли. Тёплое: ПВХ со стеклопакетом — превращает балкон в уютную комнату. Дополнительно: утепление пеноплексом, отделка пластиком, подоконник, потолок. Можем провести электрику на балкон. Цена указана от 5000 руб., уточняйте под ваш размер. Замер выезжаем бесплатно. Договор, гарантия 3 года. Товар: Остекле��ие балконов и лоджий в рассрочку обл-4472.
Можно сделать балкон тёплым, тихим и аккуратным.
Работаем по адресу: Саратов, Северный микрорайон.
Позиция в каталоге: Остекле��ие балконов и лоджий в рассрочку обл-4472.
Замер и расчёт стоимости выполняем бесплатно.

#Саратов",https://www.avito.ru/saratov/remont_i_stroitelstvo/osteklenie_balkonov_i_lodzhiy_v_rassrochku_obl-4472_3911567655,Саратов,Северный микрорайон,,old,https://downloader.disk.yandex.ru/disk/6f8e5bf231f78de6f63786a78943c6c36b69b29e94f0cd929954398be645b6f2/6a04b99f/VFMkxLrTsaxwuukpC-RIRLeyugkFCWFq7sWBQuSbm9pJMJjLQXxoxNq9OEXAwFcyQQgbG8ZPiyvQH7Tm9QpFAQ%3D%3D?uid=0&filename=006_photo_2026-05-06_13-43-18.jpg&disposition=attachment&hash=&limit=0&content_type=image%2Fjpeg&owner_uid=0&fsize=216961&hid=3dd32bdd9571af4d12591d9987dc5d3e&media_type=image&tknv=v3&etag=77fd013cffd7b1fd19fae9244fc1d7ee,https://downloader.disk.yandex.ru/disk/74fd113d3afe34db4c9e50de744016faca1aaaf98318f87075bd65faddbba296/6a04b99f/VFMkxLrTsaxwuukpC-RIRPKYx7ZN9ho8mJcfAkR2VfTXu7u3OA8zIyOuQnqX1Q4Q0456NofW8dggqVDJ1Z2G8w%3D%3D?uid=0&filename=005_photo_2026-05-06_13-42-45.jpg&disposition=attachment&hash=&limit=0&content_type=image%2Fjpeg&owner_uid=0&fsize=106838&hid=bd08271e07cd45a3bc009d568ea7572d&media_type=image&tknv=v3&etag=e00ab75b360f757bd557e11740008732,https://downloader.disk.yandex.ru/disk/993f21b10e7fca0a8c2eb227236350a1275834d3ea1fdc10ef3fe0e358666476/6a04b99f/VFMkxLrTsaxwuukpC-RIRPioobWbiJCjZ3fkaV_CGgvHpgat_RyKda6XJEGepak77FgFFWi0tcZWsmHP8lI1MA%3D%3D?uid=0&filename=010_photo_2026-05-06_13-45-40.jpg&disposition=attachment&hash=&limit=0&content_type=image%2Fjpeg&owner_uid=0&fsize=269991&hid=d0cd85e7676c0a3afe8ad17e480ba1e1&media_type=image&tknv=v3&etag=031d784ba2c29a0c6b2be68e3fd9317b,/Users/aleksandrsolovev/Desktop/avito_autoload_fixed/avito_autoload/2_фото/остекление_балконов/остекление_балконов_объявления_6500.csv
avito-остекление-балконов-3911577996-1,3911577996,1,остекление_балконов,Ремонт и строительство,Москитные сетки на балконную дверь за 1 день C0403 тёплое и холодное,850,"Саратовская обл., Энгельс, Центральный район","Остекление балконов и лоджий под ключ в Энгельс. Виды остекления: холодное (алюминий) — быстро и бюджетно, тёплое (ПВХ со стеклопакетом) — для превращения балкона в жилое пространство. Что входит в цену: замер бесплатно, демонтаж старого остекления, монтаж новой конструкции. Дополнительно: утепление, отделка, подоконник. Цена указана от 850 руб., уточняйте под ваш размер. Гарантия 3 года. Срок изготовления от 5 рабочих дней. Работаем официально — договор и акт. Товар: Москитные сетки на балконную дверь за 1 день C0403.
Можно сделать балкон тёплым, тихим и аккуратным.
Работаем по адресу: Энгельс, Центральный район.
Позиция в каталоге: Москитные сетки на балконную дверь за 1 день C0403.
Поможем превратить балкон в полноценное полезное пространство.

#Энгельс",https://www.avito.ru/voronezh/remont_i_stroitelstvo/moskitnye_setki_na_balkonnuyu_dver_za_1_den_c0403_3911577996,Энгельс,Центральный район,,old,https://downloader.disk.yandex.ru/disk/74fd113d3afe34db4c9e50de744016faca1aaaf98318f87075bd65faddbba296/6a04b99f/VFMkxLrTsaxwuukpC-RIRPKYx7ZN9ho8mJcfAkR2VfTXu7u3OA8zIyOuQnqX1Q4Q0456NofW8dggqVDJ1Z2G8w%3D%3D?uid=0&filename=005_photo_2026-05-06_13-42-45.jpg&disposition=attachment&hash=&limit=0&content_type=image%2Fjpeg&owner_uid=0&fsize=106838&hid=bd08271e07cd45a3bc009d568ea7572d&media_type=image&tknv=v3&etag=e00ab75b360f757bd557e11740008732,https://downloader.disk.yandex.ru/disk/993f21b10e7fca0a8c2eb227236350a1275834d3ea1fdc10ef3fe0e358666476/6a04b99f/VFMkxLrTsaxwuukpC-RIRPioobWbiJCjZ3fkaV_CGgvHpgat_RyKda6XJEGepak77FgFFWi0tcZWsmHP8lI1MA%3D%3D?uid=0&filename=010_photo_2026-05-06_13-45-40.jpg&disposition=attachment&hash=&limit=0&content_type=image%2Fjpeg&owner_uid=0&fsize=269991&hid=d0cd85e7676c0a3afe8ad17e480ba1e1&media_type=image&tknv=v3&etag=031d784ba2c29a0c6b2be68e3fd9317b,https://downloader.disk.yandex.ru/disk/9bffe43a4399a3da05ab2585464908e68c620b13e1648ee1d67625e0fd9e24d6/6a04b99f/VFMkxLrTsaxwuukpC-RIRBeQapNKoCGAnuwil6-lvYy-M6Bh8YOAYU27FODFSBqHRkqHFERufv2cehM17qimig%3D%3D?uid=0&filename=002_photo_2026-05-06_13-39-16.jpg&disposition=attachment&hash=&limit=0&content_type=image%2Fjpeg&owner_uid=0&fsize=165490&hid=0207a39e62175a35188e7b3970a7f32f&media_type=image&tknv=v3&etag=ceab9b6e293655f52d3c0f1376d841aa,/Users/aleksandrsolovev/Desktop/avito_autoload_fixed/avito_autoload/2_фото/остекление_балконов/остекление_балконов_объявления_6500.csv
avito-остекление-балконов-3911566687-1,3911566687,1,остекление_балконов,Ремонт и строительство,Остекление балконов и лоджий в рассрочку обл-8834 с замером,5000,"Саратовская обл., Саратов, Северный микрорайон","Остекление балконов и лоджий в рассрочку обл-8834 в Саратов. Выполняем остекление балконов «под ключ»: демонтаж, изготовление, монтаж. Холодное остекление (алюминий) — быстро, бюджетно, надёжно. Тёплое остекление (ПВХ) — шумоизоляция, тепло, можно использовать как кабинет или мастерскую. Французское остекление — максимум света, панорамный вид. По желанию: утепление, вагонка, отделка ПВХ-панелями. Начальная цена 5000 руб., финальная — после замера. Гарантия 3 года. Приедем и замерим бесплатно. Товар: Остекление балконов и лоджий в рассрочку обл-8834.
Подберём вариант остекления под задачу и бюджет.
Работаем по адресу: Саратов, Северный микрорайон.
Позиция в каталоге: Остекление балконов и лоджий в рассрочку обл-8834.
Дополнительно делаем утепление и внутреннюю отделку.

#Саратов",https://www.avito.ru/saratov/remont_i_stroitelstvo/osteklenie_balkonov_i_lodzhiy_v_rassrochku_obl-8834_3911566687,Саратов,Северный микрорайон,,old,https://downloader.disk.yandex.ru/disk/993f21b10e7fca0a8c2eb227236350a1275834d3ea1fdc10ef3fe0e358666476/6a04b99f/VFMkxLrTsaxwuukpC-RIRPioobWbiJCjZ3fkaV_CGgvHpgat_RyKda6XJEGepak77FgFFWi0tcZWsmHP8lI1MA%3D%3D?uid=0&filename=010_photo_2026-05-06_13-45-40.jpg&disposition=attachment&hash=&limit=0&content_type=image%2Fjpeg&owner_uid=0&fsize=269991&hid=d0cd85e7676c0a3afe8ad17e480ba1e1&media_type=image&tknv=v3&etag=031d784ba2c29a0c6b2be68e3fd9317b,https://downloader.disk.yandex.ru/disk/9bffe43a4399a3da05ab2585464908e68c620b13e1648ee1d67625e0fd9e24d6/6a04b99f/VFMkxLrTsaxwuukpC-RIRBeQapNKoCGAnuwil6-lvYy-M6Bh8YOAYU27FODFSBqHRkqHFERufv2cehM17qimig%3D%3D?uid=0&filename=002_photo_2026-05-06_13-39-16.jpg&disposition=attachment&hash=&limit=0&content_type=image%2Fjpeg&owner_uid=0&fsize=165490&hid=0207a39e62175a35188e7b3970a7f32f&media_type=image&tknv=v3&etag=ceab9b6e293655f52d3c0f1376d841aa,https://downloader.disk.yandex.ru/disk/b93a9bfc5dda90136c65e7f02995e5217c1a10804a5802d185ecf436e2865ada/6a04b99f/VFMkxLrTsaxwuukpC-RIRF8pCGY3J32ekGayvzdUg3fHJCL0J9lPaQ_8ksZVbJkXqJn2PeVrRRicevmgQOxKZQ%3D%3D?uid=0&filename=008_photo_2026-05-06_13-44-33.jpg&disposition=attachment&hash=&limit=0&content_type=image%2Fjpeg&owner_uid=0&fsize=313397&hid=a186332526e446a01669a2ab2b9dc853&media_type=image&tknv=v3&etag=e0210d7031c9045188ba1d053fd5cc6f,/Users/aleksandrsolovev/Desktop/avito_autoload_fixed/avito_autoload/2_фото/остекление_балконов/остекление_балконов_объявления_6500.csv
avito-остекление-балконов-3911445272-2,3911445272,2,остекление_балконов,Ремонт и строительство,Остекление балконов и лоджий в рассрочку обл-8073 Саратов под ключ,5000,"Саратовская обл., Саратов, Октябрьский район","Остекление балконов и лоджий в рассрочку обл-8073 в Саратов. Выполняем остекление балконов «под ключ»: демонтаж, изготовление, монтаж. Холодное остекление (алюминий) — быстро, бюджетно, надёжно. Тёплое остекление (ПВХ) — шумоизоляция, тепло, можно использовать как кабинет или мастерскую. Французское остекление — максимум света, панорамный вид. По желанию: утепление, вагонка, отделка ПВХ-панелями. Начальная цена 5000 руб., финальная — после замера. Гарантия 3 года. Приедем и замерим бесплатно. Товар: Остекление балконов и лоджий в рассрочку обл-8073.
Работаем с холодным, тёплым и панорамным остеклением.
Работаем по адресу: Саратов, Октябрьский район.
Позиция в каталоге: Остекление балконов и лоджий в рассрочку обл-8073.
Дополнительно делаем утепление и внутреннюю отделку.

#Саратов",https://www.avito.ru/saratov/remont_i_stroitelstvo/osteklenie_balkonov_i_lodzhiy_v_rassrochku_obl-8073_3911445272,Саратов,Октябрьский район,,old,https://downloader.disk.yandex.ru/disk/9bffe43a4399a3da05ab2585464908e68c620b13e1648ee1d67625e0fd9e24d6/6a04b99f/VFMkxLrTsaxwuukpC-RIRBeQapNKoCGAnuwil6-lvYy-M6Bh8YOAYU27FODFSBqHRkqHFERufv2cehM17qimig%3D%3D?uid=0&filename=002_photo_2026-05-06_13-39-16.jpg&disposition=attachment&hash=&limit=0&content_type=image%2Fjpeg&owner_uid=0&fsize=165490&hid=0207a39e62175a35188e7b3970a7f32f&media_type=image&tknv=v3&etag=ceab9b6e293655f52d3c0f1376d841aa,https://downloader.disk.yandex.ru/disk/b93a9bfc5dda90136c65e7f02995e5217c1a10804a5802d185ecf436e2865ada/6a04b99f/VFMkxLrTsaxwuukpC-RIRF8pCGY3J32ekGayvzdUg3fHJCL0J9lPaQ_8ksZVbJkXqJn2PeVrRRicevmgQOxKZQ%3D%3D?uid=0&filename=008_photo_2026-05-06_13-44-33.jpg&disposition=attachment&hash=&limit=0&content_type=image%2Fjpeg&owner_uid=0&fsize=313397&hid=a186332526e446a01669a2ab2b9dc853&media_type=image&tknv=v3&etag=e0210d7031c9045188ba1d053fd5cc6f,https://downloader.disk.yandex.ru/disk/087284ea6887805ec8a63fda245a9eb6b6dc35ab8a517e13bc99db6c1f3b5ce6/6a04b99f/VFMkxLrTsaxwuukpC-RIRKikkOJWwEBpj7sWcpMCO3Xumo2U3Zi1hXKfXCV7iyRJdlJLDd0qyJ2PXw21Jr_vvw%3D%3D?uid=0&filename=001_photo_2026-05-06_13-37-46.jpg&disposition=attachment&hash=&limit=0&content_type=image%2Fjpeg&owner_uid=0&fsize=251180&hid=37a23a8073fa613552e5b0160420fe85&media_type=image&tknv=v3&etag=e027bad214b9ec7ae92159d35324299e,/Users/aleksandrsolovev/Desktop/avito_autoload_fixed/avito_autoload/2_фото/остекление_балконов/остекление_балконов_объявления_6500.csv
avito-остекление-балконов-3911445272-3,3911445272,3,остекление_балконов,Ремонт и строительство,Остекление балконов и лоджий в рассрочку обл-8073 Фрунзенский район с отделкой,5000,"Саратовская обл., Саратов, Фрунзенский район","Остекление балконов и лоджий в рассрочку обл-8073 в Саратов. Выполняем остекление балконов «под ключ»: демонтаж, изготовление, монтаж. Холодное остекление (алюминий) — быстро, бюджетно, надёжно. Тёплое остекление (ПВХ) — шумоизоляция, тепло, можно использовать как кабинет или мастерскую. Французское остекление — максимум света, панорамный вид. По желанию: утепление, вагонка, отделка ПВХ-панелями. Начальная цена 5000 руб., финальная — после замера. Гарантия 3 года. Приедем и замерим бесплатно. Товар: Остекление балконов и лоджий в рассрочку обл-8073.
Работаем с холодным, тёплым и панорамным остеклением.
Работаем по адресу: Саратов, Фрунзенский район.
Позиция в каталоге: Остекление балконов и лоджий в рассрочку обл-8073.
Поможем превратить балкон в полноценное полезное пространство.

#Саратов",https://www.avito.ru/saratov/remont_i_stroitelstvo/osteklenie_balkonov_i_lodzhiy_v_rassrochku_obl-8073_3911445272,Саратов,Фрунзенский район,,old,https://downloader.disk.yandex.ru/disk/b93a9bfc5dda90136c65e7f02995e5217c1a10804a5802d185ecf436e2865ada/6a04b99f/VFMkxLrTsaxwuukpC-RIRF8pCGY3J32ekGayvzdUg3fHJCL0J9lPaQ_8ksZVbJkXqJn2PeVrRRicevmgQOxKZQ%3D%3D?uid=0&filename=008_photo_2026-05-06_13-44-33.jpg&disposition=attachment&hash=&limit=0&content_type=image%2Fjpeg&owner_uid=0&fsize=313397&hid=a186332526e446a01669a2ab2b9dc853&media_type=image&tknv=v3&etag=e0210d7031c9045188ba1d053fd5cc6f,https://downloader.disk.yandex.ru/disk/087284ea6887805ec8a63fda245a9eb6b6dc35ab8a517e13bc99db6c1f3b5ce6/6a04b99f/VFMkxLrTsaxwuukpC-RIRKikkOJWwEBpj7sWcpMCO3Xumo2U3Zi1hXKfXCV7iyRJdlJLDd0qyJ2PXw21Jr_vvw%3D%3D?uid=0&filename=001_photo_2026-05-06_13-37-46.jpg&disposition=attachment&hash=&limit=0&content_type=image%2Fjpeg&owner_uid=0&fsize=251180&hid=37a23a8073fa613552e5b0160420fe85&media_type=image&tknv=v3&etag=e027bad214b9ec7ae92159d35324299e,https://downloader.disk.yandex.ru/disk/22ee54444818036a65d3a1e8e47210337c9ac2b9350e3bb2fd37da207d914b2c/6a04b99f/VFMkxLrTsaxwuukpC-RIRHLvUXqtuUo1PMnh0ZIDjmZj0hKoIIpSCpZJ4wuJ-UnTFFz_a_jo7z19ewFlkQRpXg%3D%3D?uid=0&filename=003_photo_2026-05-06_13-40-35.jpg&disposition=attachment&hash=&limit=0&content_type=image%2Fjpeg&owner_uid=0&fsize=189892&hid=620b05b70d50b41a7536ca0b3f7202e3&media_type=image&tknv=v3&etag=8fddbaeded864904ab3ebaf8a8ca53d8,/Users/aleksandrsolovev/Desktop/avito_autoload_fixed/avito_autoload/2_фото/остекление_балконов/остекление_балконов_объявления_6500.csv
avito-пластиковые-окна-2215493271-1,2215493271,1,пластиковые_окна,Ремонт и строительство,"Ремонт пластиковых окон,сетки,плиссе, стеклопакет по вашим размерам",500,"Саратовская обл., Саратов, Заводской район","Пластиковые окна ПВХ в Саратов — замер, изготовление, установка под ключ. Профили: VEKA / Rehau / KBE — выбираем под ваш бюджет. Стеклопакеты: однокамерные и двухкамерные, есть энергосберегающее стекло. Работаем аккуратно: новый подоконник, откосы, запенка по периметру, уборка после монтажа. Гарантия на фурнитуру и профиль. От 500 руб. — точная цена после замера. Оставьте заявку — выедем на замер в удобное время. Товар: Ремонт пластиковых окон,сетки,плиссе, стеклопакет.
Помогаем заменить старые окна без лишних переплат.
Работаем по адресу: Саратов, Заводской район.
Позиция в каталоге: Ремонт пластиковых окон,сетки,плиссе, стеклопакет.
Расчёт делаем быстро по фото или размерам.

#Саратов",https://www.avito.ru/engels/predlozheniya_uslug/remont_plastikovyh_okonsetkiplisse_steklopaket_2215493271,Саратов,Заводской район,,active,https://downloader.disk.yandex.ru/disk/008c492285b3d665dd8684de060b3b571e7e2fcb31df90135bb394e23523345d/6a04b9a0/VFMkxLrTsaxwuukpC-RIRMgmV0ounsgQeQIKkryCg1YhtX8Tskv2ffzDzxScJ7ByZxfjIOkaZw9hAu7dglNkCQ%3D%3D?uid=0&filename=008_photo_2026-05-06_13-39-47.jpg&disposition=attachment&hash=&limit=0&content_type=image%2Fjpeg&owner_uid=0&fsize=320882&hid=79572758d1eeb436119831254d3b6096&media_type=image&tknv=v3&etag=0dd490d2b77bf3bcafd2ed551f0c73e2,https://downloader.disk.yandex.ru/disk/0e1d9e1341f7b783a2f151b0da95780e43261544d2b795bd06a3262b2cfc72da/6a04b9a0/VFMkxLrTsaxwuukpC-RIRDfgXtSB0MH6j-0wM_yXCFhMv0HbgCM8dF5fmtuhtmgxoYEIx1-5LCnO3ABeGa94hQ%3D%3D?uid=0&filename=007_photo_2026-05-06_13-39-34.jpg&disposition=attachment&hash=&limit=0&content_type=image%2Fjpeg&owner_uid=0&fsize=162615&hid=26f1c5e1db26f1c24a4bb527fffae346&media_type=image&tknv=v3&etag=6c1605bf6e007348858b7d8c215021ec,https://downloader.disk.yandex.ru/disk/131294e6f9294ddbf546025e80aec0a92b12149a28d5c920e511b5acc50eafa1/6a04b9a0/VFMkxLrTsaxwuukpC-RIRBeQapNKoCGAnuwil6-lvYy-M6Bh8YOAYU27FODFSBqHRkqHFERufv2cehM17qimig%3D%3D?uid=0&filename=005_photo_2026-05-06_13-39-16.jpg&disposition=attachment&hash=&limit=0&content_type=image%2Fjpeg&owner_uid=0&fsize=165490&hid=0207a39e62175a35188e7b3970a7f32f&media_type=image&tknv=v3&etag=ceab9b6e293655f52d3c0f1376d841aa,/Users/aleksandrsolovev/Desktop/avito_autoload_fixed/avito_autoload/2_фото/пластиковые_окна/пластиковые_окна_объявления_6500.csv
avito-пластиковые-окна-2215493271-2,2215493271,2,пластиковые_окна,Ремонт и строительство,"Ремонт пластиковых окон,сетки,плиссе, стеклопакет Саратов от производителя",500,"Саратовская обл., Саратов, Октябрьский район","Пластиковые окна ПВХ в Саратов — замер, изготовление, установка под ключ. Профили: VEKA / Rehau / KBE — выбираем под ваш бюджет. Стеклопакеты: однокамерные и двухкамерные, есть энергосберегающее стекло. Работаем аккуратно: новый подоконник, откосы, запенка по периметру, уборка после монтажа. Гарантия на фурнитуру и профиль. От 500 руб. — точная цена после замера. Оставьте заявку — выедем на замер в удобное время. Товар: Ремонт пластиковых окон,сетки,плиссе, стеклопакет.
Работаем по квартирам, домам и коммерческим помещениям.
Работаем по адресу: Саратов, Октябрьский район.
Позиция в каталоге: Ремонт пластиковых окон,сетки,плиссе, стеклопакет.
Расчёт делаем быстро по фото или размерам.

#Саратов",https://www.avito.ru/engels/predlozheniya_uslug/remont_plastikovyh_okonsetkiplisse_steklopaket_2215493271,Саратов,Октябрьский район,,active,https://downloader.disk.yandex.ru/disk/0e1d9e1341f7b783a2f151b0da95780e43261544d2b795bd06a3262b2cfc72da/6a04b9a0/VFMkxLrTsaxwuukpC-RIRDfgXtSB0MH6j-0wM_yXCFhMv0HbgCM8dF5fmtuhtmgxoYEIx1-5LCnO3ABeGa94hQ%3D%3D?uid=0&filename=007_photo_2026-05-06_13-39-34.jpg&disposition=attachment&hash=&limit=0&content_type=image%2Fjpeg&owner_uid=0&fsize=162615&hid=26f1c5e1db26f1c24a4bb527fffae346&media_type=image&tknv=v3&etag=6c1605bf6e007348858b7d8c215021ec,https://downloader.disk.yandex.ru/disk/131294e6f9294ddbf546025e80aec0a92b12149a28d5c920e511b5acc50eafa1/6a04b9a0/VFMkxLrTsaxwuukpC-RIRBeQapNKoCGAnuwil6-lvYy-M6Bh8YOAYU27FODFSBqHRkqHFERufv2cehM17qimig%3D%3D?uid=0&filename=005_photo_2026-05-06_13-39-16.jpg&disposition=attachment&hash=&limit=0&content_type=image%2Fjpeg&owner_uid=0&fsize=165490&hid=0207a39e62175a35188e7b3970a7f32f&media_type=image&tknv=v3&etag=ceab9b6e293655f52d3c0f1376d841aa,https://downloader.disk.yandex.ru/disk/20539d9196bc091e714d073754caaea67e6e5ac9a894cce1b03e239012969360/6a04b9a0/VFMkxLrTsaxwuukpC-RIRDxIzIqriDVCZ2F8g167pHvvlfLfCpxvz1owNcbIyofWz7KizJfoHkGZPTVX2ev5LA%3D%3D?uid=0&filename=009_photo_2026-05-06_13-39-53.jpg&disposition=attachment&hash=&limit=0&content_type=image%2Fjpeg&owner_uid=0&fsize=324934&hid=e9fee00d490aa7267d02ef369517994e&media_type=image&tknv=v3&etag=bf7a5273666fa061c1db6b150df7c10a,/Users/aleksandrsolovev/Desktop/avito_autoload_fixed/avito_autoload/2_фото/пластиковые_окна/пластиковые_окна_объявления_6500.csv
avito-пластиковые-окна-2215493271-3,2215493271,3,пластиковые_окна,Ремонт и строительство,"Ремонт пластиковых окон,сетки,плиссе, стеклопакет Фрунзенский район под ключ",500,"Саратовская обл., Саратов, Фрунзенский район","Пластиковые окна ПВХ в Саратов — замер, изготовление, установка под ключ. Профили: VEKA / Rehau / KBE — выбираем под ваш бюджет. Стеклопакеты: однокамерные и двухкамерные, есть энергосберегающее стекло. Работаем аккуратно: новый подоконник, откосы, запенка по периметру, уборка после монтажа. Гарантия на фурнитуру и профиль. От 500 руб. — точная цена после замера. Оставьте заявку — выедем на замер в удобное время. Товар: Ремонт пластиковых окон,сетки,плиссе, стеклопакет.
Сделаем точный замер и подберём профиль под ваш бюджет.
Работаем по адресу: Саратов, Фрунзенский район.
Позиция в каталоге: Ремонт пластиковых окон,сетки,плиссе, стеклопакет.
Расчёт делаем быстро по фото или размерам.

#Саратов",https://www.avito.ru/engels/predlozheniya_uslug/remont_plastikovyh_okonsetkiplisse_steklopaket_2215493271,Саратов,Фрунзенский район,,active,https://downloader.disk.yandex.ru/disk/131294e6f9294ddbf546025e80aec0a92b12149a28d5c920e511b5acc50eafa1/6a04b9a0/VFMkxLrTsaxwuukpC-RIRBeQapNKoCGAnuwil6-lvYy-M6Bh8YOAYU27FODFSBqHRkqHFERufv2cehM17qimig%3D%3D?uid=0&filename=005_photo_2026-05-06_13-39-16.jpg&disposition=attachment&hash=&limit=0&content_type=image%2Fjpeg&owner_uid=0&fsize=165490&hid=0207a39e62175a35188e7b3970a7f32f&media_type=image&tknv=v3&etag=ceab9b6e293655f52d3c0f1376d841aa,https://downloader.disk.yandex.ru/disk/20539d9196bc091e714d073754caaea67e6e5ac9a894cce1b03e239012969360/6a04b9a0/VFMkxLrTsaxwuukpC-RIRDxIzIqriDVCZ2F8g167pHvvlfLfCpxvz1owNcbIyofWz7KizJfoHkGZPTVX2ev5LA%3D%3D?uid=0&filename=009_photo_2026-05-06_13-39-53.jpg&disposition=attachment&hash=&limit=0&content_type=image%2Fjpeg&owner_uid=0&fsize=324934&hid=e9fee00d490aa7267d02ef369517994e&media_type=image&tknv=v3&etag=bf7a5273666fa061c1db6b150df7c10a,https://downloader.disk.yandex.ru/disk/35a31c13e9cfb219c08ceb4ecf1ca7727bb24c99c423f6febf0eac8054301c79/6a04b9a0/VFMkxLrTsaxwuukpC-RIRKItlXq2VGTqD2i2WPljMdClrTsOPUyXhHeUsj3XkF9E-N0Aqm-iyBxHE1HBK8nZxw%3D%3D?uid=0&filename=006_photo_2026-05-06_13-39-26.jpg&disposition=attachment&hash=&limit=0&content_type=image%2Fjpeg&owner_uid=0&fsize=198705&hid=2df01c0430b69f00ade9fcdb94343ef5&media_type=image&tknv=v3&etag=252175c8455b7b3960f55124da28daeb,/Users/aleksandrsolovev/Desktop/avito_autoload_fixed/avito_autoload/2_фото/пластиковые_окна/пластиковые_окна_объявления_6500.csv
avito-пластиковые-окна-2151156241-1,2151156241,1,пластиковые_окна,Ремонт и строительство,Ремонт пластиковых окон сетки плиссе стеклопакет с установкой,99,"Саратовская обл., Саратов, Октябрьский район","Заказывайте пластиковые окна в Саратов у производителя — без наценки посредника. Профиль VEKA или Rehau. Однокамерный либо двухкамерный стеклопакет. Энергосберегающее покрытие снижает теплопотери на 40%. В комплекте: подоконник, откосы, отлив, москитная сетка. Замер бесплатно. Монтаж аккуратный — работаем в бахилах. Вывозим строительный мусор. Договор и гарантийный талон обязательно. Цена указана от 99 руб., уточняйте под ваш размер. Пишите или звоните — ответим быстро. Товар: Ремонт пластиковых окон сетки плиссе стеклопакет.
Сделаем точный замер и подберём профиль под ваш бюджет.
Работаем по адресу: Саратов, Октябрьский район.
Позиция в каталоге: Ремонт пластиковых окон сетки плиссе стеклопакет.
Договор, гарантия и аккуратный монтаж.

#Саратов",https://www.avito.ru/saratov/predlozheniya_uslug/remont_plastikovyh_okon_setki_plisse_steklopaket_2151156241,Саратов,Октябрьский район,,active,https://downloader.disk.yandex.ru/disk/20539d9196bc091e714d073754caaea67e6e5ac9a894cce1b03e239012969360/6a04b9a0/VFMkxLrTsaxwuukpC-RIRDxIzIqriDVCZ2F8g167pHvvlfLfCpxvz1owNcbIyofWz7KizJfoHkGZPTVX2ev5LA%3D%3D?uid=0&filename=009_photo_2026-05-06_13-39-53.jpg&disposition=attachment&hash=&limit=0&content_type=image%2Fjpeg&owner_uid=0&fsize=324934&hid=e9fee00d490aa7267d02ef369517994e&media_type=image&tknv=v3&etag=bf7a5273666fa061c1db6b150df7c10a,https://downloader.disk.yandex.ru/disk/35a31c13e9cfb219c08ceb4ecf1ca7727bb24c99c423f6febf0eac8054301c79/6a04b9a0/VFMkxLrTsaxwuukpC-RIRKItlXq2VGTqD2i2WPljMdClrTsOPUyXhHeUsj3XkF9E-N0Aqm-iyBxHE1HBK8nZxw%3D%3D?uid=0&filename=006_photo_2026-05-06_13-39-26.jpg&disposition=attachment&hash=&limit=0&content_type=image%2Fjpeg&owner_uid=0&fsize=198705&hid=2df01c0430b69f00ade9fcdb94343ef5&media_type=image&tknv=v3&etag=252175c8455b7b3960f55124da28daeb,https://downloader.disk.yandex.ru/disk/384d622e0bb99642d0bf48282ca414fbd1daef59308a057e99f1581dc5fe49a3/6a04b9a0/VFMkxLrTsaxwuukpC-RIRODYBbMXcMLrI5pSddimdqTCF74moooj7UTBOSfs32odVWbO2tfi2fy6dzRmHfBb7Q%3D%3D?uid=0&filename=027_photo_2026-05-06_13-44-51.jpg&disposition=attachment&hash=&limit=0&content_type=image%2Fjpeg&owner_uid=0&fsize=339006&hid=bb345e23e6f76c68585f9e95338eb0d5&media_type=image&tknv=v3&etag=cd5d45bc711dbdd5b6b07976ee1e71af,/Users/aleksandrsolovev/Desktop/avito_autoload_fixed/avito_autoload/2_фото/пластиковые_окна/пластиковые_окна_объявления_6500.csv
avito-пластиковые-окна-2151156241-2,2151156241,2,пластиковые_окна,Ремонт и строительство,Ремонт пластиковых окон сетки плиссе стеклопакет Саратов с замером,99,"Саратовская обл., Саратов, Фрунзенский район","Заказывайте пластиковые окна в Саратов у производителя — без наценки посредника. Профиль VEKA или Rehau. Однокамерный либо двухкамерный стеклопакет. Энергосберегающее покрытие снижает теплопотери на 40%. В комплекте: подоконник, откосы, отлив, москитная сетка. Замер бесплатно. Монтаж аккуратный — работаем в бахилах. Вывозим строительный мусор. Договор и гарантийный талон обязательно. Цена указана от 99 руб., уточняйте под ваш размер. Пишите или звоните — ответим быстро. Товар: Ремонт пластиковых окон сетки плиссе стеклопакет.
Помогаем заменить старые окна без лишних переплат.
Работаем по адресу: Саратов, Фрунзенский район.
Позиция в каталоге: Ремонт пластиковых окон сетки плиссе стеклопакет.
Договор, гарантия и аккуратный монтаж.

#Саратов",https://www.avito.ru/saratov/predlozheniya_uslug/remont_plastikovyh_okon_setki_plisse_steklopaket_2151156241,Саратов,Фрунзенский район,,active,https://downloader.disk.yandex.ru/disk/35a31c13e9cfb219c08ceb4ecf1ca7727bb24c99c423f6febf0eac8054301c79/6a04b9a0/VFMkxLrTsaxwuukpC-RIRKItlXq2VGTqD2i2WPljMdClrTsOPUyXhHeUsj3XkF9E-N0Aqm-iyBxHE1HBK8nZxw%3D%3D?uid=0&filename=006_photo_2026-05-06_13-39-26.jpg&disposition=attachment&hash=&limit=0&content_type=image%2Fjpeg&owner_uid=0&fsize=198705&hid=2df01c0430b69f00ade9fcdb94343ef5&media_type=image&tknv=v3&etag=252175c8455b7b3960f55124da28daeb,https://downloader.disk.yandex.ru/disk/384d622e0bb99642d0bf48282ca414fbd1daef59308a057e99f1581dc5fe49a3/6a04b9a0/VFMkxLrTsaxwuukpC-RIRODYBbMXcMLrI5pSddimdqTCF74moooj7UTBOSfs32odVWbO2tfi2fy6dzRmHfBb7Q%3D%3D?uid=0&filename=027_photo_2026-05-06_13-44-51.jpg&disposition=attachment&hash=&limit=0&content_type=image%2Fjpeg&owner_uid=0&fsize=339006&hid=bb345e23e6f76c68585f9e95338eb0d5&media_type=image&tknv=v3&etag=cd5d45bc711dbdd5b6b07976ee1e71af,https://downloader.disk.yandex.ru/disk/3c9d4e4124a77333215179f741826263d31dfbdf984047d40df763619215b47c/6a04b9a0/VFMkxLrTsaxwuukpC-RIRDToNFwZ2mQkVrg9OqBDaINz92UYfEXiVcC5LE0_4jvaaBLc9JCOiqZlxiMW_8-ZSA%3D%3D?uid=0&filename=024_photo_2026-05-06_13-44-09.jpg&disposition=attachment&hash=&limit=0&content_type=image%2Fjpeg&owner_uid=0&fsize=257081&hid=da860d9d3850fc9cd7067a180063fd33&media_type=image&tknv=v3&etag=d5b2892d701400318b9fe7b0447d3cba,/Users/aleksandrsolovev/Desktop/avito_autoload_fixed/avito_autoload/2_фото/пластиковые_окна/пластиковые_окна_объявления_6500.csv
avito-пластиковые-окна-2151156241-3,2151156241,3,пластиковые_окна,Ремонт и строительство,Ремонт пластиковых окон сетки плиссе стеклопакет Волжский район по вашим размерам,99,"Саратовская обл., Саратов, Волжский район","Заказывайте пластиковые окна в Саратов у производителя — без наценки посредника. Профиль VEKA или Rehau. Однокамерный либо двухкамерный стеклопакет. Энергосберегающее покрытие снижает теплопотери на 40%. В комплекте: подоконник, откосы, отлив, москитная сетка. Замер бесплатно. Монтаж аккуратный — работаем в бахилах. Вывозим строительный мусор. Договор и гарантийный талон обязательно. Цена указана от 99 руб., уточняйте под ваш размер. Пишите или звоните — ответим быстро. Товар: Ремонт пластиковых окон сетки плиссе стеклопакет.
Помогаем заменить старые окна без лишних переплат.
Работаем по адресу: Саратов, Волжский район.
Позиция в каталоге: Ремонт пластиковых окон сетки плиссе стеклопакет.
Можно заказать откосы, подоконник и москитную сетку.

#Саратов",https://www.avito.ru/saratov/predlozheniya_uslug/remont_plastikovyh_okon_setki_plisse_steklopaket_2151156241,Саратов,Волжский район,,active,https://downloader.disk.yandex.ru/disk/384d622e0bb99642d0bf48282ca414fbd1daef59308a057e99f1581dc5fe49a3/6a04b9a0/VFMkxLrTsaxwuukpC-RIRODYBbMXcMLrI5pSddimdqTCF74moooj7UTBOSfs32odVWbO2tfi2fy6dzRmHfBb7Q%3D%3D?uid=0&filename=027_photo_2026-05-06_13-44-51.jpg&disposition=attachment&hash=&limit=0&content_type=image%2Fjpeg&owner_uid=0&fsize=339006&hid=bb345e23e6f76c68585f9e95338eb0d5&media_type=image&tknv=v3&etag=cd5d45bc711dbdd5b6b07976ee1e71af,https://downloader.disk.yandex.ru/disk/3c9d4e4124a77333215179f741826263d31dfbdf984047d40df763619215b47c/6a04b9a0/VFMkxLrTsaxwuukpC-RIRDToNFwZ2mQkVrg9OqBDaINz92UYfEXiVcC5LE0_4jvaaBLc9JCOiqZlxiMW_8-ZSA%3D%3D?uid=0&filename=024_photo_2026-05-06_13-44-09.jpg&disposition=attachment&hash=&limit=0&content_type=image%2Fjpeg&owner_uid=0&fsize=257081&hid=da860d9d3850fc9cd7067a180063fd33&media_type=image&tknv=v3&etag=d5b2892d701400318b9fe7b0447d3cba,https://downloader.disk.yandex.ru/disk/62bec832a3c8222ca1fbcac06f6ef16f8f3b7b299b0ac8c33e71b561505b75c9/6a04b9a0/VFMkxLrTsaxwuukpC-RIRLAyrTw2ZBv142ixQPS_1b5a17yv1-LumDSf2K9b4dXfydEU0eg66YkAmCn59D5-lw%3D%3D?uid=0&filename=017_photo_2026-05-06_13-42-59.jpg&disposition=attachment&hash=&limit=0&content_type=image%2Fjpeg&owner_uid=0&fsize=326738&hid=1b293dcd54fde927d0a0d07eb13dea05&media_type=image&tknv=v3&etag=bd6005805cf752f8448850ea9493d446,/Users/aleksandrsolovev/Desktop/avito_autoload_fixed/avito_autoload/2_фото/пластиковые_окна/пластиковые_окна_объявления_6500.csv
avito-пластиковые-окна-3911239447-2,3911239447,2,пластиковые_окна,Ремонт и строительство,Пластиковые окна на заказ окна пвх поз-5689 Саратов по вашим размерам,2500,"Саратовская обл., Саратов, Октябрьский район","Изготавливаем пластиковые окна ПВХ под заказ в Саратов. В стоимость входит: бесплатный замер, производство по точным размерам, профессиональный монтаж с запенкой и подоконником. Используем профиль VEKA, Rehau или KBE. Стеклопакет однокамерный или двухкамерный на выбор. Энергосберегающее стекло — теплопотери снижаются до 40%. Шумоизоляция — подходит для квартир у оживлённых дорог. Дополнительно: откосы, отливы, москитная сетка. От 2500 руб. — точная цена после замера. Работаем официально: договор, акт, гарантийный талон. Позвоните или напишите — рассчитаем стоимость за 5 минут по вашим размерам. Товар: Пластиковые окна на заказ окна пвх поз-5689.
Помогаем заменить старые окна без лишних переплат.
Работаем по адресу: Саратов, Октябрьский район.
Позиция в каталоге: Пластиковые окна на заказ окна пвх поз-5689.
Договор, гарантия и аккуратный монтаж.

#Саратов",https://www.avito.ru/saratov/remont_i_stroitelstvo/plastikovye_okna_na_zakaz_okna_pvh_poz-5689_3911239447,Саратов,Октябрьский район,,old,https://downloader.disk.yandex.ru/disk/3c9d4e4124a77333215179f741826263d31dfbdf984047d40df763619215b47c/6a04b9a0/VFMkxLrTsaxwuukpC-RIRDToNFwZ2mQkVrg9OqBDaINz92UYfEXiVcC5LE0_4jvaaBLc9JCOiqZlxiMW_8-ZSA%3D%3D?uid=0&filename=024_photo_2026-05-06_13-44-09.jpg&disposition=attachment&hash=&limit=0&content_type=image%2Fjpeg&owner_uid=0&fsize=257081&hid=da860d9d3850fc9cd7067a180063fd33&media_type=image&tknv=v3&etag=d5b2892d701400318b9fe7b0447d3cba,https://downloader.disk.yandex.ru/disk/62bec832a3c8222ca1fbcac06f6ef16f8f3b7b299b0ac8c33e71b561505b75c9/6a04b9a0/VFMkxLrTsaxwuukpC-RIRLAyrTw2ZBv142ixQPS_1b5a17yv1-LumDSf2K9b4dXfydEU0eg66YkAmCn59D5-lw%3D%3D?uid=0&filename=017_photo_2026-05-06_13-42-59.jpg&disposition=attachment&hash=&limit=0&content_type=image%2Fjpeg&owner_uid=0&fsize=326738&hid=1b293dcd54fde927d0a0d07eb13dea05&media_type=image&tknv=v3&etag=bd6005805cf752f8448850ea9493d446,https://downloader.disk.yandex.ru/disk/641bf1986b830595076d7aa8959cd4b7e57ed5caa68471516d569e4cb9f308ed/6a04b9a0/VFMkxLrTsaxwuukpC-RIRKQ_rwwD854KNjKDBq5_aroHo4a9supTGXJwZR6SAdQFkpT_pLlK9EzZRSPI_ufoSQ%3D%3D?uid=0&filename=011_photo_2026-05-06_13-40-17.jpg&disposition=attachment&hash=&limit=0&content_type=image%2Fjpeg&owner_uid=0&fsize=156624&hid=8ce3af469cc0b6c303e60a619ecad769&media_type=image&tknv=v3&etag=08bf354137d8946f52446cdc1da0487c,/Users/aleksandrsolovev/Desktop/avito_autoload_fixed/avito_autoload/2_фото/пластиковые_окна/пластиковые_окна_объявления_6500.csv
avito-пластиковые-окна-3911184966-1,3911184966,1,пластиковые_окна,Ремонт и строительство,Окна ПВХ на заказ опз-5314 с замером,2500,"Саратовская обл., Саратов, Фрунзенский район","Изготавливаем пластиковые окна ПВХ под заказ в Саратов. В стоимость входит: бесплатный замер, производство по точным размерам, профессиональный монтаж с запенкой и подоконником. Используем профиль VEKA, Rehau или KBE. Стеклопакет однокамерный или двухкамерный на выбор. Энергосберегающее стекло — теплопотери снижаются до 40%. Шумоизоляция — подходит для квартир у оживлённых дорог. Дополнительно: откосы, отливы, москитная сетка. Начальная цена 2500 руб., финальная — после замера. Работаем официально: договор, акт, гарантийный талон. Позвоните или напишите — рассчитаем стоимость за 5 минут по вашим размерам. Товар: Окна пвх готовые, окна на заказ опз-5314.
Сделаем точный замер и подберём профиль под ваш бюджет.
Работаем по адресу: Саратов, Фрунзенский район.
Позиция в каталоге: Окна пвх готовые, окна на заказ опз-5314.
Договор, гарантия и аккуратный монтаж.

#Саратов",https://www.avito.ru/engels/remont_i_stroitelstvo/okna_pvh_gotovye_okna_na_zakaz_opz-5314_3911184966,Саратов,Фрунзенский район,,old,https://downloader.disk.yandex.ru/disk/62bec832a3c8222ca1fbcac06f6ef16f8f3b7b299b0ac8c33e71b561505b75c9/6a04b9a0/VFMkxLrTsaxwuukpC-RIRLAyrTw2ZBv142ixQPS_1b5a17yv1-LumDSf2K9b4dXfydEU0eg66YkAmCn59D5-lw%3D%3D?uid=0&filename=017_photo_2026-05-06_13-42-59.jpg&disposition=attachment&hash=&limit=0&content_type=image%2Fjpeg&owner_uid=0&fsize=326738&hid=1b293dcd54fde927d0a0d07eb13dea05&media_type=image&tknv=v3&etag=bd6005805cf752f8448850ea9493d446,https://downloader.disk.yandex.ru/disk/641bf1986b830595076d7aa8959cd4b7e57ed5caa68471516d569e4cb9f308ed/6a04b9a0/VFMkxLrTsaxwuukpC-RIRKQ_rwwD854KNjKDBq5_aroHo4a9supTGXJwZR6SAdQFkpT_pLlK9EzZRSPI_ufoSQ%3D%3D?uid=0&filename=011_photo_2026-05-06_13-40-17.jpg&disposition=attachment&hash=&limit=0&content_type=image%2Fjpeg&owner_uid=0&fsize=156624&hid=8ce3af469cc0b6c303e60a619ecad769&media_type=image&tknv=v3&etag=08bf354137d8946f52446cdc1da0487c,https://downloader.disk.yandex.ru/disk/6d12d2288fdbbb522e76fa2769aa36aa3a7458150330d86fdd873f768b6e7711/6a04b9a0/VFMkxLrTsaxwuukpC-RIRBwCaopyTWguj10NngiA9sMV_WGjMrIw-__FHVzx8cxWADtlYNhQIVdhLbU30u6h8w%3D%3D?uid=0&filename=020_photo_2026-05-06_13-43-34.jpg&disposition=attachment&hash=&limit=0&content_type=image%2Fjpeg&owner_uid=0&fsize=227742&hid=4c5fdceca072723bb7db8999664d6986&media_type=image&tknv=v3&etag=d406140ca79318fdaba52579f51fbe41,/Users/aleksandrsolovev/Desktop/avito_autoload_fixed/avito_autoload/2_фото/пластиковые_окна/пластиковые_окна_объявления_6500.csv
avito-пластиковые-окна-3911184966-2,3911184966,2,пластиковые_окна,Ремонт и строительство,Окна ПВХ на заказ опз-5314 Саратов по вашим размерам,2500,"Саратовская обл., Саратов, Волжский район","Изготавливаем пластиковые окна ПВХ под заказ в Саратов. В стоимость входит: бесплатный замер, производство по точным размерам, профессиональный монтаж с запенкой и подоконником. Используем профиль VEKA, Rehau или KBE. Стеклопакет однокамерный или двухкамерный на выбор. Энергосберегающее стекло — теплопотери снижаются до 40%. Шумоизоляция — подходит для квартир у оживлённых дорог. Дополнительно: откосы, отливы, москитная сетка. Начальная цена 2500 руб., финальная — после замера. Работаем официально: договор, акт, гарантийный талон. Позвоните или напишите — рассчитаем стоимость за 5 минут по вашим размерам. Товар: Окна пвх готовые, окна на заказ опз-5314.
Помогаем заменить старые окна без лишних переплат.
Работаем по адресу: Саратов, Волжский район.
Позиция в каталоге: Окна пвх готовые, окна на заказ опз-5314.
Договор, гарантия и аккуратный монтаж.

#Саратов",https://www.avito.ru/engels/remont_i_stroitelstvo/okna_pvh_gotovye_okna_na_zakaz_opz-5314_3911184966,Саратов,Волжский район,,old,https://downloader.disk.yandex.ru/disk/641bf1986b830595076d7aa8959cd4b7e57ed5caa68471516d569e4cb9f308ed/6a04b9a0/VFMkxLrTsaxwuukpC-RIRKQ_rwwD854KNjKDBq5_aroHo4a9supTGXJwZR6SAdQFkpT_pLlK9EzZRSPI_ufoSQ%3D%3D?uid=0&filename=011_photo_2026-05-06_13-40-17.jpg&disposition=attachment&hash=&limit=0&content_type=image%2Fjpeg&owner_uid=0&fsize=156624&hid=8ce3af469cc0b6c303e60a619ecad769&media_type=image&tknv=v3&etag=08bf354137d8946f52446cdc1da0487c,https://downloader.disk.yandex.ru/disk/6d12d2288fdbbb522e76fa2769aa36aa3a7458150330d86fdd873f768b6e7711/6a04b9a0/VFMkxLrTsaxwuukpC-RIRBwCaopyTWguj10NngiA9sMV_WGjMrIw-__FHVzx8cxWADtlYNhQIVdhLbU30u6h8w%3D%3D?uid=0&filename=020_photo_2026-05-06_13-43-34.jpg&disposition=attachment&hash=&limit=0&content_type=image%2Fjpeg&owner_uid=0&fsize=227742&hid=4c5fdceca072723bb7db8999664d6986&media_type=image&tknv=v3&etag=d406140ca79318fdaba52579f51fbe41,https://downloader.disk.yandex.ru/disk/6e91f1f2c30d4c526f31118fe9780a941b5232fa273018521fdb0653074d86ef/6a04b9a0/VFMkxLrTsaxwuukpC-RIRJFt4LJlrbU22gr8Q0IWBXcOuho_QujBf60emc55KqHmWm3L533xszX3GTBYQ3HSKw%3D%3D?uid=0&filename=004_photo_2026-05-06_13-39-05.jpg&disposition=attachment&hash=&limit=0&content_type=image%2Fjpeg&owner_uid=0&fsize=182626&hid=aa19c505c6595ee99a04ff3c2da04d55&media_type=image&tknv=v3&etag=c83595576d83a62fac9f7f0fb32ee793,/Users/aleksandrsolovev/Desktop/avito_autoload_fixed/avito_autoload/2_фото/пластиковые_окна/пластиковые_окна_объявления_6500.csv
avito-пластиковые-окна-3911184966-3,3911184966,3,пластиковые_окна,Ремонт и строительство,Окна ПВХ на заказ опз-5314 Гагаринский район от производителя,2500,"Саратовская обл., Саратов, Гагаринский район","Изготавливаем пластиковые окна ПВХ под заказ в Саратов. В стоимость входит: бесплатный замер, производство по точным размерам, профессиональный монтаж с запенкой и подоконником. Используем профиль VEKA, Rehau или KBE. Стеклопакет однокамерный или двухкамерный на выбор. Энергосберегающее стекло — теплопотери снижаются до 40%. Шумоизоляция — подходит для квартир у оживлённых дорог. Дополнительно: откосы, отливы, москитная сетка. Начальная цена 2500 руб., финальная — после замера. Работаем официально: договор, акт, гарантийный талон. Позвоните или напишите — рассчитаем стоимость за 5 минут по вашим размерам. Товар: Окна пвх готовые, окна на заказ опз-5314.
Работаем по квартирам, домам и коммерческим помещениям.
Работаем по адресу: Саратов, Гагаринский район.
Позиция в каталоге: Окна пвх готовые, окна на заказ опз-5314.
Договор, гарантия и аккуратный монтаж.

#Саратов",https://www.avito.ru/engels/remont_i_stroitelstvo/okna_pvh_gotovye_okna_na_zakaz_opz-5314_3911184966,Саратов,Гагаринский район,,old,https://downloader.disk.yandex.ru/disk/6d12d2288fdbbb522e76fa2769aa36aa3a7458150330d86fdd873f768b6e7711/6a04b9a0/VFMkxLrTsaxwuukpC-RIRBwCaopyTWguj10NngiA9sMV_WGjMrIw-__FHVzx8cxWADtlYNhQIVdhLbU30u6h8w%3D%3D?uid=0&filename=020_photo_2026-05-06_13-43-34.jpg&disposition=attachment&hash=&limit=0&content_type=image%2Fjpeg&owner_uid=0&fsize=227742&hid=4c5fdceca072723bb7db8999664d6986&media_type=image&tknv=v3&etag=d406140ca79318fdaba52579f51fbe41,https://downloader.disk.yandex.ru/disk/6e91f1f2c30d4c526f31118fe9780a941b5232fa273018521fdb0653074d86ef/6a04b9a0/VFMkxLrTsaxwuukpC-RIRJFt4LJlrbU22gr8Q0IWBXcOuho_QujBf60emc55KqHmWm3L533xszX3GTBYQ3HSKw%3D%3D?uid=0&filename=004_photo_2026-05-06_13-39-05.jpg&disposition=attachment&hash=&limit=0&content_type=image%2Fjpeg&owner_uid=0&fsize=182626&hid=aa19c505c6595ee99a04ff3c2da04d55&media_type=image&tknv=v3&etag=c83595576d83a62fac9f7f0fb32ee793,https://downloader.disk.yandex.ru/disk/7053aa4d3f963d252ef687427ec565a05411162f01eecb46525ffd5b7c674260/6a04b9a0/VFMkxLrTsaxwuukpC-RIRPdAH9vw7PArC0-VNoQrPSMpaSsgg8HPsK313ZRJ1hCMDm_s1QQRS75rfjfQWtjNsQ%3D%3D?uid=0&filename=002_photo_2026-05-06_13-38-48.jpg&disposition=attachment&hash=&limit=0&content_type=image%2Fjpeg&owner_uid=0&fsize=160176&hid=ecbb7e640f978dcd6c729f2fa0993baa&media_type=image&tknv=v3&etag=b642c6279e01367bf69d9d91031f83c6,/Users/aleksandrsolovev/Desktop/avito_autoload_fixed/avito_autoload/2_фото/пластиковые_окна/пластиковые_окна_объявления_6500.csv
avito-пластиковые-окна-3911096269-1,3911096269,1,пластиковые_окна,Ремонт и строительство,Пластиковые окна на заказ окна пвх поз-6118 с замером,2500,"Саратовская обл., Саратов, Зеленый Городок","Изготавливаем пластиковые окна ПВХ под заказ в Саратов. В стоимость входит: бесплатный замер, производство по точным размерам, профессиональный монтаж с запенкой и подоконником. Используем профиль VEKA, Rehau или KBE. Стеклопакет однокамерный или двухкамерный на выбор. Энергосберегающее стекло — теплопотери снижаются до 40%. Шумоизоляция — подходит для квартир у оживлённых дорог. Дополнительно: откосы, отливы, москитная сетка. Начальная цена 2500 руб., финальная — после замера. Работаем официально: договор, акт, гарантийный талон. Позвоните или напишите — рассчитаем стоимость за 5 минут по вашим размерам. Товар: Пластиковые окна на заказ окна пвх поз-6118.
Сделаем точный замер и подберём профиль под ваш бюджет.
Работаем по адресу: Саратов, Зеленый Городок.
Позиция в каталоге: Пластиковые окна на заказ окна пвх поз-6118.
Договор, гарантия и аккуратный монтаж.

#Саратов",https://www.avito.ru/saratov/remont_i_stroitelstvo/plastikovye_okna_na_zakaz_okna_pvh_poz-6118_3911096269,Саратов,Зеленый Городок,,old,https://downloader.disk.yandex.ru/disk/6e91f1f2c30d4c526f31118fe9780a941b5232fa273018521fdb0653074d86ef/6a04b9a0/VFMkxLrTsaxwuukpC-RIRJFt4LJlrbU22gr8Q0IWBXcOuho_QujBf60emc55KqHmWm3L533xszX3GTBYQ3HSKw%3D%3D?uid=0&filename=004_photo_2026-05-06_13-39-05.jpg&disposition=attachment&hash=&limit=0&content_type=image%2Fjpeg&owner_uid=0&fsize=182626&hid=aa19c505c6595ee99a04ff3c2da04d55&media_type=image&tknv=v3&etag=c83595576d83a62fac9f7f0fb32ee793,https://downloader.disk.yandex.ru/disk/7053aa4d3f963d252ef687427ec565a05411162f01eecb46525ffd5b7c674260/6a04b9a0/VFMkxLrTsaxwuukpC-RIRPdAH9vw7PArC0-VNoQrPSMpaSsgg8HPsK313ZRJ1hCMDm_s1QQRS75rfjfQWtjNsQ%3D%3D?uid=0&filename=002_photo_2026-05-06_13-38-48.jpg&disposition=attachment&hash=&limit=0&content_type=image%2Fjpeg&owner_uid=0&fsize=160176&hid=ecbb7e640f978dcd6c729f2fa0993baa&media_type=image&tknv=v3&etag=b642c6279e01367bf69d9d91031f83c6,https://downloader.disk.yandex.ru/disk/7af562d8557664eed718beb04cab0c52e6525f65f763696f1ff0d27ae6d8a5da/6a04b9a0/VFMkxLrTsaxwuukpC-RIRHILDtyo1puYcMcJB-7tFXmDcUXo_TKjjyzWZED2Q6bWgCgK9QOdfY2HDWdwsNXlgQ%3D%3D?uid=0&filename=012_photo_2026-05-06_13-40-51.jpg&disposition=attachment&hash=&limit=0&content_type=image%2Fjpeg&owner_uid=0&fsize=324644&hid=0cc2374fe841003a452aea6b0e2c75d8&media_type=image&tknv=v3&etag=8ebe8ff3235eb280fa754fb19f5246b4,/Users/aleksandrsolovev/Desktop/avito_autoload_fixed/avito_autoload/2_фото/пластиковые_окна/пластиковые_окна_объявления_6500.csv
avito-пластиковые-окна-3911096269-2,3911096269,2,пластиковые_окна,Ремонт и строительство,Пластиковые окна на заказ окна пвх поз-6118 Саратов по вашим размерам,2500,"Саратовская обл., Саратов, Пристанский","Изготавливаем пластиковые окна ПВХ под заказ в Саратов. В стоимость входит: бесплатный замер, производство по точным размерам, профессиональный монтаж с запенкой и подоконником. Используем профиль VEKA, Rehau или KBE. Стеклопакет однокамерный или двухкамерный на выбор. Энергосберегающее стекло — теплопотери снижаются до 40%. Шумоизоляция — подходит для квартир у оживлённых дорог. Дополнительно: откосы, отливы, москитная сетка. Начальная цена 2500 руб., финальная — после замера. Работаем официально: договор, акт, гарантийный талон. Позвоните или напишите — рассчитаем стоимость за 5 минут по вашим размерам. Товар: Пластиковые окна на заказ окна пвх поз-6118.
Помогаем заменить старые окна без лишних переплат.
Работаем по адресу: Саратов, Пристанский.
Позиция в каталоге: Пластиковые окна на заказ окна пвх поз-6118.
Договор, гарантия и аккуратный монтаж.

#Саратов",https://www.avito.ru/saratov/remont_i_stroitelstvo/plastikovye_okna_na_zakaz_okna_pvh_poz-6118_3911096269,Саратов,Пристанский,,old,https://downloader.disk.yandex.ru/disk/7053aa4d3f963d252ef687427ec565a05411162f01eecb46525ffd5b7c674260/6a04b9a0/VFMkxLrTsaxwuukpC-RIRPdAH9vw7PArC0-VNoQrPSMpaSsgg8HPsK313ZRJ1hCMDm_s1QQRS75rfjfQWtjNsQ%3D%3D?uid=0&filename=002_photo_2026-05-06_13-38-48.jpg&disposition=attachment&hash=&limit=0&content_type=image%2Fjpeg&owner_uid=0&fsize=160176&hid=ecbb7e640f978dcd6c729f2fa0993baa&media_type=image&tknv=v3&etag=b642c6279e01367bf69d9d91031f83c6,https://downloader.disk.yandex.ru/disk/7af562d8557664eed718beb04cab0c52e6525f65f763696f1ff0d27ae6d8a5da/6a04b9a0/VFMkxLrTsaxwuukpC-RIRHILDtyo1puYcMcJB-7tFXmDcUXo_TKjjyzWZED2Q6bWgCgK9QOdfY2HDWdwsNXlgQ%3D%3D?uid=0&filename=012_photo_2026-05-06_13-40-51.jpg&disposition=attachment&hash=&limit=0&content_type=image%2Fjpeg&owner_uid=0&fsize=324644&hid=0cc2374fe841003a452aea6b0e2c75d8&media_type=image&tknv=v3&etag=8ebe8ff3235eb280fa754fb19f5246b4,https://downloader.disk.yandex.ru/disk/860e92e2a1102ea9cb26dcd6890c2c47e5c3aff4c9ced6c09c2399e284361942/6a04b9a0/VFMkxLrTsaxwuukpC-RIRGLCUdbnnbpp7F2oKmccB6wwIyVnneBY7blXka_NND_sl0-vJUsdpgi6ZIJgaU7aOA%3D%3D?uid=0&filename=021_photo_2026-05-06_13-43-40.jpg&disposition=attachment&hash=&limit=0&content_type=image%2Fjpeg&owner_uid=0&fsize=237039&hid=e8823d3b48396a48b5a819762bca72fc&media_type=image&tknv=v3&etag=7de1a59aae5d51d2343c2be2945ea014,/Users/aleksandrsolovev/Desktop/avito_autoload_fixed/avito_autoload/2_фото/пластиковые_окна/пластиковые_окна_объявления_6500.csv
avito-пластиковые-окна-3911096269-3,3911096269,3,пластиковые_окна,Ремонт и строительство,Пластиковые окна на заказ окна пвх поз-6118 Кировский район от производителя,2500,"Саратовская обл., Саратов, Кировский район","Изготавливаем пластиковые окна ПВХ под заказ в Саратов. В стоимость входит: бесплатный замер, производство по точным размерам, профессиональный монтаж с запенкой и подоконником. Используем профиль VEKA, Rehau или KBE. Стеклопакет однокамерный или двухкамерный на выбор. Энергосберегающее стекло — теплопотери снижаются до 40%. Шумоизоляция — подходит для квартир у оживлённых дорог. Дополнительно: откосы, отливы, москитная сетка. Начальная цена 2500 руб., финальная — после замера. Работаем официально: договор, акт, гарантийный талон. Позвоните или напишите — рассчитаем стоимость за 5 минут по вашим размерам. Товар: Пластиковые окна на заказ окна пвх поз-6118.
Работаем по квартирам, домам и коммерческим помещениям.
Работаем по адресу: Саратов, Кировский район.
Позиция в каталоге: Пластиковые окна на заказ окна пвх поз-6118.
Договор, гарантия и аккуратный монтаж.

#Саратов",https://www.avito.ru/saratov/remont_i_stroitelstvo/plastikovye_okna_na_zakaz_okna_pvh_poz-6118_3911096269,Саратов,Кировский район,,old,https://downloader.disk.yandex.ru/disk/7af562d8557664eed718beb04cab0c52e6525f65f763696f1ff0d27ae6d8a5da/6a04b9a0/VFMkxLrTsaxwuukpC-RIRHILDtyo1puYcMcJB-7tFXmDcUXo_TKjjyzWZED2Q6bWgCgK9QOdfY2HDWdwsNXlgQ%3D%3D?uid=0&filename=012_photo_2026-05-06_13-40-51.jpg&disposition=attachment&hash=&limit=0&content_type=image%2Fjpeg&owner_uid=0&fsize=324644&hid=0cc2374fe841003a452aea6b0e2c75d8&media_type=image&tknv=v3&etag=8ebe8ff3235eb280fa754fb19f5246b4,https://downloader.disk.yandex.ru/disk/860e92e2a1102ea9cb26dcd6890c2c47e5c3aff4c9ced6c09c2399e284361942/6a04b9a0/VFMkxLrTsaxwuukpC-RIRGLCUdbnnbpp7F2oKmccB6wwIyVnneBY7blXka_NND_sl0-vJUsdpgi6ZIJgaU7aOA%3D%3D?uid=0&filename=021_photo_2026-05-06_13-43-40.jpg&disposition=attachment&hash=&limit=0&content_type=image%2Fjpeg&owner_uid=0&fsize=237039&hid=e8823d3b48396a48b5a819762bca72fc&media_type=image&tknv=v3&etag=7de1a59aae5d51d2343c2be2945ea014,https://downloader.disk.yandex.ru/disk/8e3c8f784fa2eb4ce2f7f71c7216bd4e80a37b57d43235d696b994a3aed51db9/6a04b9a0/VFMkxLrTsaxwuukpC-RIRMoy1F4J4gfSxCr3uIFe2G9YmpT4tiTa2Z-tAIAhBVYtgQ7Y4MgjUmOJXWawPy9WGA%3D%3D?uid=0&filename=029_photo_2026-05-06_13-45-34.jpg&disposition=attachment&hash=&limit=0&content_type=image%2Fjpeg&owner_uid=0&fsize=292451&hid=2af96f51d2759512520a7b8e931c9d01&media_type=image&tknv=v3&etag=7211620c17b996d61f2bd5204db3b063,/Users/aleksandrsolovev/Desktop/avito_autoload_fixed/avito_autoload/2_фото/пластиковые_окна/пластиковые_окна_объявления_6500.csv
avito-пластиковые-окна-3911475739-1,3911475739,1,пластиковые_окна,Ремонт и строительство,Окна ПВХ на заказ опз-6946 с замером,2500,"Саратовская обл., Саратов, Мелиорация","Изготавливаем пластиковые окна ПВХ под заказ в Саратов. В стоимость входит: бесплатный замер, производство по точным размерам, профессиональный монтаж с запенкой и подоконником. Используем профиль VEKA, Rehau или KBE. Стеклопакет однокамерный или двухкамерный на выбор. Энергосберегающее стекло — теплопотери снижаются до 40%. Шумоизоляция — подходит для квартир у оживлённых дорог. Дополнительно: откосы, отливы, москитная сетка. Цена указана от 2500 руб., уточняйте под ваш размер. Работаем официально: договор, акт, гарантийный талон. Позвоните или напишите — рассчитаем стоимость за 5 минут по вашим размерам. Товар: Окна пвх готовые, окна на заказ опз-6946.
Сделаем точный замер и подберём профиль под ваш бюджет.
Работаем по адресу: Саратов, Мелиорация.
Позиция в каталоге: Окна пвх готовые, окна на заказ опз-6946.
Договор, гарантия и аккуратный монтаж.

#Саратов",https://www.avito.ru/saratov/remont_i_stroitelstvo/okna_pvh_gotovye_okna_na_zakaz_opz-6946_3911475739,Саратов,Мелиорация,,old,https://downloader.disk.yandex.ru/disk/860e92e2a1102ea9cb26dcd6890c2c47e5c3aff4c9ced6c09c2399e284361942/6a04b9a0/VFMkxLrTsaxwuukpC-RIRGLCUdbnnbpp7F2oKmccB6wwIyVnneBY7blXka_NND_sl0-vJUsdpgi6ZIJgaU7aOA%3D%3D?uid=0&filename=021_photo_2026-05-06_13-43-40.jpg&disposition=attachment&hash=&limit=0&content_type=image%2Fjpeg&owner_uid=0&fsize=237039&hid=e8823d3b48396a48b5a819762bca72fc&media_type=image&tknv=v3&etag=7de1a59aae5d51d2343c2be2945ea014,https://downloader.disk.yandex.ru/disk/8e3c8f784fa2eb4ce2f7f71c7216bd4e80a37b57d43235d696b994a3aed51db9/6a04b9a0/VFMkxLrTsaxwuukpC-RIRMoy1F4J4gfSxCr3uIFe2G9YmpT4tiTa2Z-tAIAhBVYtgQ7Y4MgjUmOJXWawPy9WGA%3D%3D?uid=0&filename=029_photo_2026-05-06_13-45-34.jpg&disposition=attachment&hash=&limit=0&content_type=image%2Fjpeg&owner_uid=0&fsize=292451&hid=2af96f51d2759512520a7b8e931c9d01&media_type=image&tknv=v3&etag=7211620c17b996d61f2bd5204db3b063,https://downloader.disk.yandex.ru/disk/94215463f17de43cdfbd450c710880b127e44081a71d4e32198a043c859def51/6a04b9a0/VFMkxLrTsaxwuukpC-RIRAucXMGdR-4P5Ud9mAUoVTZdjgiy4k9GR0F0TeVVpOsP9rpb_aM1Wscebl3IFDzQzA%3D%3D?uid=0&filename=019_photo_2026-05-06_13-43-23.jpg&disposition=attachment&hash=&limit=0&content_type=image%2Fjpeg&owner_uid=0&fsize=179356&hid=b4a1735299ce08cbb1a1a3949e69d454&media_type=image&tknv=v3&etag=728894c7f9dd0082be04f126b4b04fd3,/Users/aleksandrsolovev/Desktop/avito_autoload_fixed/avito_autoload/2_фото/пластиковые_окна/пластиковые_окна_объявления_6500.csv
avito-пластиковые-окна-3911496785-3,3911496785,3,пластиковые_окна,Ремонт и строительство,Окна ПВХ на заказ опз-3480 Ленинский район от производителя,2500,"Саратовская обл., Саратов, Ленинский район","Изготавливаем пластиковые окна ПВХ под заказ в Саратов. В стоимость входит: бесплатный замер, производство по точным размерам, профессиональный монтаж с запенкой и подоконником. Используем профиль VEKA, Rehau или KBE. Стеклопакет однокамерный или двухкамерный на выбор. Энергосберегающее стекло — теплопотери снижаются до 40%. Шумоизоляция — подходит для квартир у оживлённых дорог. Дополнительно: откосы, отливы, москитная сетка. От 2500 рублей — зависит от размера и комплектации. Работаем официально: договор, акт, гарантийный талон. Позвоните или напишите — рассчитаем стоимость за 5 минут по вашим размерам. Товар: Окна пвх готовые, окна на заказ опз-3480.
Работаем по квартирам, домам и коммерческим помещениям.
Работаем по адресу: Саратов, Ленинский район.
Позиция в каталоге: Окна пвх готовые, окна на заказ опз-3480.
Договор, гарантия и аккуратный монтаж.

#Саратов",https://www.avito.ru/saratov/remont_i_stroitelstvo/okna_pvh_gotovye_okna_na_zakaz_opz-3480_3911496785,Саратов,Ленинский район,,old,https://downloader.disk.yandex.ru/disk/8e3c8f784fa2eb4ce2f7f71c7216bd4e80a37b57d43235d696b994a3aed51db9/6a04b9a0/VFMkxLrTsaxwuukpC-RIRMoy1F4J4gfSxCr3uIFe2G9YmpT4tiTa2Z-tAIAhBVYtgQ7Y4MgjUmOJXWawPy9WGA%3D%3D?uid=0&filename=029_photo_2026-05-06_13-45-34.jpg&disposition=attachment&hash=&limit=0&content_type=image%2Fjpeg&owner_uid=0&fsize=292451&hid=2af96f51d2759512520a7b8e931c9d01&media_type=image&tknv=v3&etag=7211620c17b996d61f2bd5204db3b063,https://downloader.disk.yandex.ru/disk/94215463f17de43cdfbd450c710880b127e44081a71d4e32198a043c859def51/6a04b9a0/VFMkxLrTsaxwuukpC-RIRAucXMGdR-4P5Ud9mAUoVTZdjgiy4k9GR0F0TeVVpOsP9rpb_aM1Wscebl3IFDzQzA%3D%3D?uid=0&filename=019_photo_2026-05-06_13-43-23.jpg&disposition=attachment&hash=&limit=0&content_type=image%2Fjpeg&owner_uid=0&fsize=179356&hid=b4a1735299ce08cbb1a1a3949e69d454&media_type=image&tknv=v3&etag=728894c7f9dd0082be04f126b4b04fd3,https://downloader.disk.yandex.ru/disk/96c6f74b37886b1a55dc121db333f46dd9adefbd74105a415abfd6805d599a29/6a04b9a0/VFMkxLrTsaxwuukpC-RIRNJJE8w32aRsd2c4xECu_6Xxvy_EAqVuJ3NV7q7Qty0mRj2930xYwAXkm7zPy7wbCg%3D%3D?uid=0&filename=013_photo_2026-05-06_13-40-57.jpg&disposition=attachment&hash=&limit=0&content_type=image%2Fjpeg&owner_uid=0&fsize=296244&hid=059acf326bf291c21ff983fc5b1e3cb8&media_type=image&tknv=v3&etag=2cca09b65660ab755610754766d3847c,/Users/aleksandrsolovev/Desktop/avito_autoload_fixed/avito_autoload/2_фото/пластиковые_окна/пластиковые_окна_объявления_6500.csv
avito-пластиковые-окна-3911475739-3,3911475739,3,пластиковые_окна,Ремонт и строительство,Окна ПВХ на заказ опз-6946 Анисовка от производителя,2500,"Саратовская обл., Саратов, Анисовка","Изготавливаем пластиковые окна ПВХ под заказ в Саратов. В стоимость входит: бесплатный замер, производство по точным размерам, профессиональный монтаж с запенкой и подоконником. Используем профиль VEKA, Rehau или KBE. Стеклопакет однокамерный или двухкамерный на выбор. Энергосберегающее стекло — теплопотери снижаются до 40%. Шумоизоляция — подходит для квартир у оживлённых дорог. Дополнительно: откосы, отливы, москитная сетка. Цена указана от 2500 руб., уточняйте под ваш размер. Работаем официально: договор, акт, гарантийный талон. Позвоните или напишите — рассчитаем стоимость за 5 минут по вашим размерам. Товар: Окна пвх готовые, окна на заказ опз-6946.
Работаем по квартирам, домам и коммерческим помещениям.
Работаем по адресу: Саратов, Анисовка.
Позиция в каталоге: Окна пвх готовые, окна на заказ опз-6946.
Договор, гарантия и аккуратный монтаж.

#Саратов",https://www.avito.ru/saratov/remont_i_stroitelstvo/okna_pvh_gotovye_okna_na_zakaz_opz-6946_3911475739,Саратов,Анисовка,,old,https://downloader.disk.yandex.ru/disk/94215463f17de43cdfbd450c710880b127e44081a71d4e32198a043c859def51/6a04b9a0/VFMkxLrTsaxwuukpC-RIRAucXMGdR-4P5Ud9mAUoVTZdjgiy4k9GR0F0TeVVpOsP9rpb_aM1Wscebl3IFDzQzA%3D%3D?uid=0&filename=019_photo_2026-05-06_13-43-23.jpg&disposition=attachment&hash=&limit=0&content_type=image%2Fjpeg&owner_uid=0&fsize=179356&hid=b4a1735299ce08cbb1a1a3949e69d454&media_type=image&tknv=v3&etag=728894c7f9dd0082be04f126b4b04fd3,https://downloader.disk.yandex.ru/disk/96c6f74b37886b1a55dc121db333f46dd9adefbd74105a415abfd6805d599a29/6a04b9a0/VFMkxLrTsaxwuukpC-RIRNJJE8w32aRsd2c4xECu_6Xxvy_EAqVuJ3NV7q7Qty0mRj2930xYwAXkm7zPy7wbCg%3D%3D?uid=0&filename=013_photo_2026-05-06_13-40-57.jpg&disposition=attachment&hash=&limit=0&content_type=image%2Fjpeg&owner_uid=0&fsize=296244&hid=059acf326bf291c21ff983fc5b1e3cb8&media_type=image&tknv=v3&etag=2cca09b65660ab755610754766d3847c,https://downloader.disk.yandex.ru/disk/aaaf0750020d79d166ca19280b6b34fb45e733b067ae29cf0f5ae6db6b79eee0/6a04b9a0/VFMkxLrTsaxwuukpC-RIRP_tEppRIdbmjB0yQ7qaojPN8H9vMfdze0sYj5PLFcX8YCpic-sXW80cSy-4IpIVEQ%3D%3D?uid=0&filename=003_photo_2026-05-06_13-38-59.jpg&disposition=attachment&hash=&limit=0&content_type=image%2Fjpeg&owner_uid=0&fsize=293962&hid=2fa4783488ab766c22049bd5b20f800c&media_type=image&tknv=v3&etag=be747263768bcc1c8860d380f821436c,/Users/aleksandrsolovev/Desktop/avito_autoload_fixed/avito_autoload/2_фото/пластиковые_окна/пластиковые_окна_объявления_6500.csv
avito-пластиковые-окна-3911337412-1,3911337412,1,пластиковые_окна,Ремонт и строительство,Пластиковые окна на заказ окна пвх поз-7874 с замером,2500,"Саратовская обл., Саратов, Октябрьский район","Изготавливаем пластиковые окна ПВХ под заказ в Саратов. В стоимость входит: бесплатный замер, производство по точным размерам, профессиональный монтаж с запенкой и подоконником. Используем профиль VEKA, Rehau или KBE. Стеклопакет однокамерный или двухкамерный на выбор. Энергосберегающее стекло — теплопотери снижаются до 40%. Шумоизоляция — подходит для квартир у оживлённых дорог. Дополнительно: откосы, отливы, москитная сетка. Цена указана от 2500 руб., уточняйте под ваш размер. Работаем официально: договор, акт, гарантийный талон. Позвоните или напишите — рассчитаем стоимость за 5 минут по вашим размерам. Товар: Пластиковые окна на заказ окна пвх поз-7874.
Сделаем точный замер и подберём профиль под ваш бюджет.
Работаем по адресу: Саратов, Октябрьский район.
Позиция в каталоге: Пластиковые окна на заказ окна пвх поз-7874.
Договор, гарантия и аккуратный монтаж.

#Саратов",https://www.avito.ru/saratov/remont_i_stroitelstvo/plastikovye_okna_na_zakaz_okna_pvh_poz-7874_3911337412,Саратов,Октябрьский район,,old,https://downloader.disk.yandex.ru/disk/96c6f74b37886b1a55dc121db333f46dd9adefbd74105a415abfd6805d599a29/6a04b9a0/VFMkxLrTsaxwuukpC-RIRNJJE8w32aRsd2c4xECu_6Xxvy_EAqVuJ3NV7q7Qty0mRj2930xYwAXkm7zPy7wbCg%3D%3D?uid=0&filename=013_photo_2026-05-06_13-40-57.jpg&disposition=attachment&hash=&limit=0&content_type=image%2Fjpeg&owner_uid=0&fsize=296244&hid=059acf326bf291c21ff983fc5b1e3cb8&media_type=image&tknv=v3&etag=2cca09b65660ab755610754766d3847c,https://downloader.disk.yandex.ru/disk/aaaf0750020d79d166ca19280b6b34fb45e733b067ae29cf0f5ae6db6b79eee0/6a04b9a0/VFMkxLrTsaxwuukpC-RIRP_tEppRIdbmjB0yQ7qaojPN8H9vMfdze0sYj5PLFcX8YCpic-sXW80cSy-4IpIVEQ%3D%3D?uid=0&filename=003_photo_2026-05-06_13-38-59.jpg&disposition=attachment&hash=&limit=0&content_type=image%2Fjpeg&owner_uid=0&fsize=293962&hid=2fa4783488ab766c22049bd5b20f800c&media_type=image&tknv=v3&etag=be747263768bcc1c8860d380f821436c,https://downloader.disk.yandex.ru/disk/ad9c2c474921dfecab484ff951cdeab09db42f47bcfa2e9ce6ce612c94b1385d/6a04b9a0/VFMkxLrTsaxwuukpC-RIRAsIG63-kiH2BvTBcLJLkVBv08_mhPbnoTaXAjZLyqkVNnTRnG-FLHh99PqJgEwHjA%3D%3D?uid=0&filename=026_photo_2026-05-06_13-44-45.jpg&disposition=attachment&hash=&limit=0&content_type=image%2Fjpeg&owner_uid=0&fsize=211112&hid=da6d7e6b52a723dfd50659a4fc9beda0&media_type=image&tknv=v3&etag=92da265bae7ca8548584259fb679e4dd,/Users/aleksandrsolovev/Desktop/avito_autoload_fixed/avito_autoload/2_фото/пластиковые_окна/пластиковые_окна_объявления_6500.csv
avito-пластиковые-окна-3911337412-2,3911337412,2,пластиковые_окна,Ремонт и строительство,Пластиковые окна на заказ окна пвх поз-7874 Саратов по вашим размерам,2500,"Саратовская обл., Саратов, Фрунзенский район","Изготавливаем пластиковые окна ПВХ под заказ в Саратов. В стоимость входит: бесплатный замер, производство по точным размерам, профессиональный монтаж с запенкой и подоконником. Используем профиль VEKA, Rehau или KBE. Стеклопакет однокамерный или двухкамерный на выбор. Энергосберегающее стекло — теплопотери снижаются до 40%. Шумоизоляция — подходит для квартир у оживлённых дорог. Дополнительно: откосы, отливы, москитная сетка. Цена указана от 2500 руб., уточняйте под ваш размер. Работаем официально: договор, акт, гарантийный талон. Позвоните или напишите — рассчитаем стоимость за 5 минут по вашим размерам. Товар: Пластиковые окна на заказ окна пвх поз-7874.
Помогаем заменить старые окна без лишних переплат.
Работаем по адресу: Саратов, Фрунзенский район.
Позиция в каталоге: Пластиковые окна на заказ окна пвх поз-7874.
Договор, гарантия и аккуратный монтаж.

#Саратов",https://www.avito.ru/saratov/remont_i_stroitelstvo/plastikovye_okna_na_zakaz_okna_pvh_poz-7874_3911337412,Саратов,Фрунзенский район,,old,https://downloader.disk.yandex.ru/disk/aaaf0750020d79d166ca19280b6b34fb45e733b067ae29cf0f5ae6db6b79eee0/6a04b9a0/VFMkxLrTsaxwuukpC-RIRP_tEppRIdbmjB0yQ7qaojPN8H9vMfdze0sYj5PLFcX8YCpic-sXW80cSy-4IpIVEQ%3D%3D?uid=0&filename=003_photo_2026-05-06_13-38-59.jpg&disposition=attachment&hash=&limit=0&content_type=image%2Fjpeg&owner_uid=0&fsize=293962&hid=2fa4783488ab766c22049bd5b20f800c&media_type=image&tknv=v3&etag=be747263768bcc1c8860d380f821436c,https://downloader.disk.yandex.ru/disk/ad9c2c474921dfecab484ff951cdeab09db42f47bcfa2e9ce6ce612c94b1385d/6a04b9a0/VFMkxLrTsaxwuukpC-RIRAsIG63-kiH2BvTBcLJLkVBv08_mhPbnoTaXAjZLyqkVNnTRnG-FLHh99PqJgEwHjA%3D%3D?uid=0&filename=026_photo_2026-05-06_13-44-45.jpg&disposition=attachment&hash=&limit=0&content_type=image%2Fjpeg&owner_uid=0&fsize=211112&hid=da6d7e6b52a723dfd50659a4fc9beda0&media_type=image&tknv=v3&etag=92da265bae7ca8548584259fb679e4dd,https://downloader.disk.yandex.ru/disk/adec01dae6a0eaa54aac0c6117f8be0c7016f52ca6514684970eec444bb6cc3d/6a04b9a0/VFMkxLrTsaxwuukpC-RIRL1WQCAbc-Zpiualtxy8rKHp1-E3YbXXec0Ytql1WdUpOw_jSNjNeeFgO-ja3ryz2Q%3D%3D?uid=0&filename=014_photo_2026-05-06_13-41-13.jpg&disposition=attachment&hash=&limit=0&content_type=image%2Fjpeg&owner_uid=0&fsize=251216&hid=0672ef336b34a496f4086f23c6ccb03f&media_type=image&tknv=v3&etag=eab1418e2d8290f05f97c9805d2e94ee,/Users/aleksandrsolovev/Desktop/avito_autoload_fixed/avito_autoload/2_фото/пластиковые_окна/пластиковые_окна_объявления_6500.csv
avito-пластиковые-окна-3911337412-3,3911337412,3,пластиковые_окна,Ремонт и строительство,Пластиковые окна на заказ окна пвх поз-7874 Волжский район от производителя,2500,"Саратовская обл., Саратов, Волжский район","Изготавливаем пластиковые окна ПВХ под заказ в Саратов. В стоимость входит: бесплатный замер, производство по точным размерам, профессиональный монтаж с запенкой и подоконником. Используем профиль VEKA, Rehau или KBE. Стеклопакет однокамерный или двухкамерный на выбор. Энергосберегающее стекло — теплопотери снижаются до 40%. Шумоизоляция — подходит для квартир у оживлённых дорог. Дополнительно: откосы, отливы, москитная сетка. Цена указана от 2500 руб., уточняйте под ваш размер. Работаем официально: договор, акт, гарантийный талон. Позвоните или напишите — рассчитаем стоимость за 5 минут по вашим размерам. Товар: Пластиковые окна на заказ окна пвх поз-7874.
Работаем по квартирам, домам и коммерческим помещениям.
Работаем по адресу: Саратов, Волжский район.
Позиция в каталоге: Пластиковые окна на заказ окна пвх поз-7874.
Договор, гарантия и аккуратный монтаж.

#Саратов",https://www.avito.ru/saratov/remont_i_stroitelstvo/plastikovye_okna_na_zakaz_okna_pvh_poz-7874_3911337412,Саратов,Волжский район,,old,https://downloader.disk.yandex.ru/disk/ad9c2c474921dfecab484ff951cdeab09db42f47bcfa2e9ce6ce612c94b1385d/6a04b9a0/VFMkxLrTsaxwuukpC-RIRAsIG63-kiH2BvTBcLJLkVBv08_mhPbnoTaXAjZLyqkVNnTRnG-FLHh99PqJgEwHjA%3D%3D?uid=0&filename=026_photo_2026-05-06_13-44-45.jpg&disposition=attachment&hash=&limit=0&content_type=image%2Fjpeg&owner_uid=0&fsize=211112&hid=da6d7e6b52a723dfd50659a4fc9beda0&media_type=image&tknv=v3&etag=92da265bae7ca8548584259fb679e4dd,https://downloader.disk.yandex.ru/disk/adec01dae6a0eaa54aac0c6117f8be0c7016f52ca6514684970eec444bb6cc3d/6a04b9a0/VFMkxLrTsaxwuukpC-RIRL1WQCAbc-Zpiualtxy8rKHp1-E3YbXXec0Ytql1WdUpOw_jSNjNeeFgO-ja3ryz2Q%3D%3D?uid=0&filename=014_photo_2026-05-06_13-41-13.jpg&disposition=attachment&hash=&limit=0&content_type=image%2Fjpeg&owner_uid=0&fsize=251216&hid=0672ef336b34a496f4086f23c6ccb03f&media_type=image&tknv=v3&etag=eab1418e2d8290f05f97c9805d2e94ee,https://downloader.disk.yandex.ru/disk/b1ef6fb8ba86b818c5344aebc488a3952c5a5491b5998590d7db4963bc4c7c74/6a04b9a0/VFMkxLrTsaxwuukpC-RIROtlFugsYOaHoOdxu7EIV4HVqfc5RDX9u2de4I2Q7gNPdZ52XWnzCexsDUcL0IAG-w%3D%3D?uid=0&filename=015_photo_2026-05-06_13-41-32.jpg&disposition=attachment&hash=&limit=0&content_type=image%2Fjpeg&owner_uid=0&fsize=358534&hid=76abb8c109ab1b78051843df395429db&media_type=image&tknv=v3&etag=ad360787522dddda1d195983e98118e1,/Users/aleksandrsolovev/Desktop/avito_autoload_fixed/avito_autoload/2_фото/пластиковые_окна/пластиковые_окна_объявления_6500.csv
avito-пластиковые-окна-3911270968-2,3911270968,2,пластиковые_окна,Ремонт и строительство,Пластиковые окна на заказ окна пвх поз-6507 Саратов по вашим размерам,2500,"Саратовская обл., Саратов, Гагаринский район","Изготавливаем пластиковые окна ПВХ под заказ в Саратов. В стоимость входит: бесплатный замер, производство по точным размерам, профессиональный монтаж с запенкой и подоконником. Используем профиль VEKA, Rehau или KBE. Стеклопакет однокамерный или двухкамерный на выбор. Энергосберегающее стекло — теплопотери снижаются до 40%. Шумоизоляция — подходит для квартир у оживлённых дорог. Дополнительно: откосы, отливы, москитная сетка. От 2500 рублей — зависит от размера и комплектации. Работаем официально: договор, акт, гарантийный талон. Позвоните или напишите — рассчитаем стоимость за 5 минут по вашим размерам. Товар: Пластиковые окна на заказ окна пвх поз-6507.
Помогаем заменить старые окна без лишних переплат.
Работаем по адресу: Саратов, Гагаринский район.
Позиция в каталоге: Пластиковые окна на заказ окна пвх поз-6507.
Договор, гарантия и аккуратный монтаж.

#Саратов",https://www.avito.ru/saratov/remont_i_stroitelstvo/plastikovye_okna_na_zakaz_okna_pvh_poz-6507_3911270968,Саратов,Гагаринский район,,old,https://downloader.disk.yandex.ru/disk/adec01dae6a0eaa54aac0c6117f8be0c7016f52ca6514684970eec444bb6cc3d/6a04b9a0/VFMkxLrTsaxwuukpC-RIRL1WQCAbc-Zpiualtxy8rKHp1-E3YbXXec0Ytql1WdUpOw_jSNjNeeFgO-ja3ryz2Q%3D%3D?uid=0&filename=014_photo_2026-05-06_13-41-13.jpg&disposition=attachment&hash=&limit=0&content_type=image%2Fjpeg&owner_uid=0&fsize=251216&hid=0672ef336b34a496f4086f23c6ccb03f&media_type=image&tknv=v3&etag=eab1418e2d8290f05f97c9805d2e94ee,https://downloader.disk.yandex.ru/disk/b1ef6fb8ba86b818c5344aebc488a3952c5a5491b5998590d7db4963bc4c7c74/6a04b9a0/VFMkxLrTsaxwuukpC-RIROtlFugsYOaHoOdxu7EIV4HVqfc5RDX9u2de4I2Q7gNPdZ52XWnzCexsDUcL0IAG-w%3D%3D?uid=0&filename=015_photo_2026-05-06_13-41-32.jpg&disposition=attachment&hash=&limit=0&content_type=image%2Fjpeg&owner_uid=0&fsize=358534&hid=76abb8c109ab1b78051843df395429db&media_type=image&tknv=v3&etag=ad360787522dddda1d195983e98118e1,https://downloader.disk.yandex.ru/disk/b9c811ff7b5d6f8058abbfc7b5ce07c29365bab3d1fe9faa7869adf54b3d38db/6a04b9a0/VFMkxLrTsaxwuukpC-RIRItF_kApkMI9N-VDkwQLB84eZobMbGLCMoP31Nk80QwGi6vXbgtx42GtTXl_Ul_5ag%3D%3D?uid=0&filename=025_photo_2026-05-06_13-44-27.jpg&disposition=attachment&hash=&limit=0&content_type=image%2Fjpeg&owner_uid=0&fsize=152390&hid=e0847427b9ce604b0c3ace025686070b&media_type=image&tknv=v3&etag=01c88dab60ef4f37f7d092936f1e96f4,/Users/aleksandrsolovev/Desktop/avito_autoload_fixed/avito_autoload/2_фото/пластиковые_окна/пластиковые_окна_объявления_6500.csv
avito-пластиковые-окна-3911270968-3,3911270968,3,пластиковые_окна,Ремонт и строительство,Пластиковые окна на заказ окна пвх поз-6507 Центральный район от производителя,2500,"Саратовская обл., Саратов, Центральный район","Изготавливаем пластиковые окна ПВХ под заказ в Саратов. В стоимость входит: бесплатный замер, производство по точным размерам, профессиональный монтаж с запенкой и подоконником. Используем профиль VEKA, Rehau или KBE. Стеклопакет однокамерный или двухкамерный на выбор. Энергосберегающее стекло — теплопотери снижаются до 40%. Шумоизоляция — подходит для квартир у оживлённых дорог. Дополнительно: откосы, отливы, москитная сетка. От 2500 рублей — зависит от размера и комплектации. Работаем официально: договор, акт, гарантийный талон. Позвоните или напишите — рассчитаем стоимость за 5 минут по вашим размерам. Товар: Пластиковые окна на заказ окна пвх поз-6507.
Работаем по квартирам, домам и коммерческим помещениям.
Работаем по адресу: Саратов, Центральный район.
Позиция в каталоге: Пластиковые окна на заказ окна пвх поз-6507.
Договор, гарантия и аккуратный монтаж.

#Саратов",https://www.avito.ru/saratov/remont_i_stroitelstvo/plastikovye_okna_na_zakaz_okna_pvh_poz-6507_3911270968,Саратов,Центральный район,,old,https://downloader.disk.yandex.ru/disk/b1ef6fb8ba86b818c5344aebc488a3952c5a5491b5998590d7db4963bc4c7c74/6a04b9a0/VFMkxLrTsaxwuukpC-RIROtlFugsYOaHoOdxu7EIV4HVqfc5RDX9u2de4I2Q7gNPdZ52XWnzCexsDUcL0IAG-w%3D%3D?uid=0&filename=015_photo_2026-05-06_13-41-32.jpg&disposition=attachment&hash=&limit=0&content_type=image%2Fjpeg&owner_uid=0&fsize=358534&hid=76abb8c109ab1b78051843df395429db&media_type=image&tknv=v3&etag=ad360787522dddda1d195983e98118e1,https://downloader.disk.yandex.ru/disk/b9c811ff7b5d6f8058abbfc7b5ce07c29365bab3d1fe9faa7869adf54b3d38db/6a04b9a0/VFMkxLrTsaxwuukpC-RIRItF_kApkMI9N-VDkwQLB84eZobMbGLCMoP31Nk80QwGi6vXbgtx42GtTXl_Ul_5ag%3D%3D?uid=0&filename=025_photo_2026-05-06_13-44-27.jpg&disposition=attachment&hash=&limit=0&content_type=image%2Fjpeg&owner_uid=0&fsize=152390&hid=e0847427b9ce604b0c3ace025686070b&media_type=image&tknv=v3&etag=01c88dab60ef4f37f7d092936f1e96f4,https://downloader.disk.yandex.ru/disk/bfa5a193d544f093cbc0c35edf08d57b20faf25e405f68bb577cd58989398ef8/6a04b9a0/VFMkxLrTsaxwuukpC-RIRGxqv2E307Meh8ZdZM4ZX1Drm_cZe8icrxDTSIbrP6ZBhBuwz55nQDBOoDMycJ8pxA%3D%3D?uid=0&filename=022_photo_2026-05-06_13-43-51.jpg&disposition=attachment&hash=&limit=0&content_type=image%2Fjpeg&owner_uid=0&fsize=269335&hid=af0c4763e5a0c1907c96477ad9d4a07c&media_type=image&tknv=v3&etag=98195635221901e591dcffe504b39101,/Users/aleksandrsolovev/Desktop/avito_autoload_fixed/avito_autoload/2_фото/пластиковые_окна/пластиковые_окна_объявления_6500.csv
avito-пластиковые-окна-3911205937-1,3911205937,1,пластиковые_окна,Ремонт и строительство,Пластиковые окна на заказ окна пвх поз-9607 с замером,2500,"Саратовская обл., Саратов, Пристанский","Изготавливаем пластиковые окна ПВХ под заказ в Саратов. В стоимость входит: бесплатный замер, производство по точным размерам, профессиональный монтаж с запенкой и подоконником. Используем профиль VEKA, Rehau или KBE. Стеклопакет однокамерный или двухкамерный на выбор. Энергосберегающее стекло — теплопотери снижаются до 40%. Шумоизоляция — подходит для квартир у оживлённых дорог. Дополнительно: откосы, отливы, москитная сетка. От 2500 рублей — зависит от размера и комплектации. Работаем официально: договор, акт, гарантийный талон. Позвоните или напишите — рассчитаем стоимость за 5 минут по вашим размерам. Товар: Пластиковые окна на заказ окна пвх поз-9607.
Сделаем точный замер и подберём профиль под ваш бюджет.
Работаем по адресу: Саратов, Пристанский.
Позиция в каталоге: Пластиковые окна на заказ окна пвх поз-9607.
Договор, гарантия и аккуратный монтаж.

#Саратов",https://www.avito.ru/engels/remont_i_stroitelstvo/plastikovye_okna_na_zakaz_okna_pvh_poz-9607_3911205937,Саратов,Пристанский,,old,https://downloader.disk.yandex.ru/disk/b9c811ff7b5d6f8058abbfc7b5ce07c29365bab3d1fe9faa7869adf54b3d38db/6a04b9a0/VFMkxLrTsaxwuukpC-RIRItF_kApkMI9N-VDkwQLB84eZobMbGLCMoP31Nk80QwGi6vXbgtx42GtTXl_Ul_5ag%3D%3D?uid=0&filename=025_photo_2026-05-06_13-44-27.jpg&disposition=attachment&hash=&limit=0&content_type=image%2Fjpeg&owner_uid=0&fsize=152390&hid=e0847427b9ce604b0c3ace025686070b&media_type=image&tknv=v3&etag=01c88dab60ef4f37f7d092936f1e96f4,https://downloader.disk.yandex.ru/disk/bfa5a193d544f093cbc0c35edf08d57b20faf25e405f68bb577cd58989398ef8/6a04b9a0/VFMkxLrTsaxwuukpC-RIRGxqv2E307Meh8ZdZM4ZX1Drm_cZe8icrxDTSIbrP6ZBhBuwz55nQDBOoDMycJ8pxA%3D%3D?uid=0&filename=022_photo_2026-05-06_13-43-51.jpg&disposition=attachment&hash=&limit=0&content_type=image%2Fjpeg&owner_uid=0&fsize=269335&hid=af0c4763e5a0c1907c96477ad9d4a07c&media_type=image&tknv=v3&etag=98195635221901e591dcffe504b39101,https://downloader.disk.yandex.ru/disk/c243ecce442ade18b3c4935edfe51405772014f4a022ae717b68e78eb9b533e1/6a04b9a0/VFMkxLrTsaxwuukpC-RIRA-rMxQn7jqs69_Wgd1RVu9NLlDWUOqVqsnNOamNpg1rb7leQuNWEFk8YudSZFqixQ%3D%3D?uid=0&filename=028_photo_2026-05-06_13-45-02.jpg&disposition=attachment&hash=&limit=0&content_type=image%2Fjpeg&owner_uid=0&fsize=215946&hid=474e796c91d1f32a631c59b21161cd45&media_type=image&tknv=v3&etag=b759b3723b91b32cac7ca2de1df9f0d4,/Users/aleksandrsolovev/Desktop/avito_autoload_fixed/avito_autoload/2_фото/пластиковые_окна/пластиковые_окна_объявления_6500.csv
avito-пластиковые-окна-3911205937-2,3911205937,2,пластиковые_окна,Ремонт и строительство,Пластиковые окна на заказ окна пвх поз-9607 Саратов по вашим размерам,2500,"Саратовская обл., Саратов, Кировский район","Изготавливаем пластиковые окна ПВХ под заказ в Саратов. В стоимость входит: бесплатный замер, производство по точным размерам, профессиональный монтаж с запенкой и подоконником. Используем профиль VEKA, Rehau или KBE. Стеклопакет однокамерный или двухкамерный на выбор. Энергосберегающее стекло — теплопотери снижаются до 40%. Шумоизоляция — подходит для квартир у оживлённых дорог. Дополнительно: откосы, отливы, москитная сетка. От 2500 рублей — зависит от размера и комплектации. Работаем официально: договор, акт, гарантийный талон. Позвоните или напишите — рассчитаем стоимость за 5 минут по вашим размерам. Товар: Пластиковые окна на заказ окна пвх поз-9607.
Помогаем заменить старые окна без лишних переплат.
Работаем по адресу: Саратов, Кировский район.
Позиция в каталоге: Пластиковые окна на заказ окна пвх поз-9607.
Договор, гарантия и аккуратный монтаж.

#Саратов",https://www.avito.ru/engels/remont_i_stroitelstvo/plastikovye_okna_na_zakaz_okna_pvh_poz-9607_3911205937,Саратов,Кировский район,,old,https://downloader.disk.yandex.ru/disk/bfa5a193d544f093cbc0c35edf08d57b20faf25e405f68bb577cd58989398ef8/6a04b9a0/VFMkxLrTsaxwuukpC-RIRGxqv2E307Meh8ZdZM4ZX1Drm_cZe8icrxDTSIbrP6ZBhBuwz55nQDBOoDMycJ8pxA%3D%3D?uid=0&filename=022_photo_2026-05-06_13-43-51.jpg&disposition=attachment&hash=&limit=0&content_type=image%2Fjpeg&owner_uid=0&fsize=269335&hid=af0c4763e5a0c1907c96477ad9d4a07c&media_type=image&tknv=v3&etag=98195635221901e591dcffe504b39101,https://downloader.disk.yandex.ru/disk/c243ecce442ade18b3c4935edfe51405772014f4a022ae717b68e78eb9b533e1/6a04b9a0/VFMkxLrTsaxwuukpC-RIRA-rMxQn7jqs69_Wgd1RVu9NLlDWUOqVqsnNOamNpg1rb7leQuNWEFk8YudSZFqixQ%3D%3D?uid=0&filename=028_photo_2026-05-06_13-45-02.jpg&disposition=attachment&hash=&limit=0&content_type=image%2Fjpeg&owner_uid=0&fsize=215946&hid=474e796c91d1f32a631c59b21161cd45&media_type=image&tknv=v3&etag=b759b3723b91b32cac7ca2de1df9f0d4,https://downloader.disk.yandex.ru/disk/d09a4db6b518d8c9afa72bb92275454eb91f74dd45b3abca4dd538567abd53d8/6a04b9a0/VFMkxLrTsaxwuukpC-RIRBsCysqyA7oGcGuKziWGhl0IpcFa7KCTRFCEM_u5hDuCHuev8RcTnZZERvU9gZNXRA%3D%3D?uid=0&filename=001_photo_2026-05-06_13-38-19.jpg&disposition=attachment&hash=&limit=0&content_type=image%2Fjpeg&owner_uid=0&fsize=260134&hid=f3758ed5323ef32e80765443a2886d2a&media_type=image&tknv=v3&etag=5e2d9f35988eb264881650b86b564b18,/Users/aleksandrsolovev/Desktop/avito_autoload_fixed/avito_autoload/2_фото/пластиковые_окна/пластиковые_окна_объявления_6500.csv
avito-пластиковые-окна-7910682640-1,7910682640,1,пластиковые_окна,Ремонт и строительство,Окна на заказ без монтажа с замером,5000,"Саратовская обл., Саратов, Кировский район, ул. имени Осипова","Изготавливаем пластиковые окна ПВХ под заказ в Саратов. В стоимость входит: бесплатный замер, производство по точным размерам, профессиональный монтаж с запенкой и подоконником. Используем профиль VEKA, Rehau или KBE. Стеклопакет однокамерный или двухкамерный на выбор. Энергосберегающее стекло — теплопотери снижаются до 40%. Шумоизоляция — подходит для квартир у оживлённых дорог. Дополнительно: откосы, отливы, москитная сетка. Цена — от 5000 руб. Работаем официально: договор, акт, гарантийный талон. Позвоните или напишите — рассчитаем стоимость за 5 минут по вашим размерам. Товар: Окна на заказ без монтажа. Работаем в т.ч. по адресу: ул. имени Осипова.
Сделаем точный замер и подберём профиль под ваш бюджет.
Работаем по адресу: Саратов, Кировский район.
Позиция в каталоге: Окна на заказ без монтажа.
Договор, гарантия и аккуратный монтаж.

#Саратов",https://www.avito.ru/saratov/remont_i_stroitelstvo/okna_na_zakaz_bez_montazha_7910682640,Саратов,Кировский район,ул. имени Осипова,active,https://downloader.disk.yandex.ru/disk/c243ecce442ade18b3c4935edfe51405772014f4a022ae717b68e78eb9b533e1/6a04b9a0/VFMkxLrTsaxwuukpC-RIRA-rMxQn7jqs69_Wgd1RVu9NLlDWUOqVqsnNOamNpg1rb7leQuNWEFk8YudSZFqixQ%3D%3D?uid=0&filename=028_photo_2026-05-06_13-45-02.jpg&disposition=attachment&hash=&limit=0&content_type=image%2Fjpeg&owner_uid=0&fsize=215946&hid=474e796c91d1f32a631c59b21161cd45&media_type=image&tknv=v3&etag=b759b3723b91b32cac7ca2de1df9f0d4,https://downloader.disk.yandex.ru/disk/d09a4db6b518d8c9afa72bb92275454eb91f74dd45b3abca4dd538567abd53d8/6a04b9a0/VFMkxLrTsaxwuukpC-RIRBsCysqyA7oGcGuKziWGhl0IpcFa7KCTRFCEM_u5hDuCHuev8RcTnZZERvU9gZNXRA%3D%3D?uid=0&filename=001_photo_2026-05-06_13-38-19.jpg&disposition=attachment&hash=&limit=0&content_type=image%2Fjpeg&owner_uid=0&fsize=260134&hid=f3758ed5323ef32e80765443a2886d2a&media_type=image&tknv=v3&etag=5e2d9f35988eb264881650b86b564b18,https://downloader.disk.yandex.ru/disk/debaab0ebde085902d0cc367e6d2a6fe3318a5f0c1b0e0ce7a24fa5db8ac4eeb/6a04b9a0/VFMkxLrTsaxwuukpC-RIRADAQLYriSvFeAZpUl5rgl7qTSWA9c5UmRocIfI6CFg-TMAtxm48mhsEllOsRpqWGA%3D%3D?uid=0&filename=010_photo_2026-05-06_13-40-10.jpg&disposition=attachment&hash=&limit=0&content_type=image%2Fjpeg&owner_uid=0&fsize=237404&hid=9087a5b4be207c3a194edc2c38f00d03&media_type=image&tknv=v3&etag=63300c996536fc1c4ee16e9866210daa,/Users/aleksandrsolovev/Desktop/avito_autoload_fixed/avito_autoload/2_фото/пластиковые_окна/пластиковые_окна_объявления_6500.csv
avito-пластиковые-окна-7910682640-2,7910682640,2,пластиковые_окна,Ремонт и строительство,Окна на заказ без монтажа Саратов по вашим размерам,5000,"Саратовская обл., Саратов, Ленинский район, ул. имени Осипова","Изготавливаем пластиковые окна ПВХ под заказ в Саратов. В стоимость входит: бесплатный замер, производство по точным размерам, профессиональный монтаж с запенкой и подоконником. Используем профиль VEKA, Rehau или KBE. Стеклопакет однокамерный или двухкамерный на выбор. Энергосберегающее стекло — теплопотери снижаются до 40%. Шумоизоляция — подходит для квартир у оживлённых дорог. Дополнительно: откосы, отливы, москитная сетка. Цена — от 5000 руб. Работаем официально: договор, акт, гарантийный талон. Позвоните или напишите — рассчитаем стоимость за 5 минут по вашим размерам. Товар: Окна на заказ без монтажа. Работаем в т.ч. по адресу: ул. имени Осипова.
Помогаем заменить старые окна без лишних переплат.
Работаем по адресу: Саратов, Ленинский район.
Позиция в каталоге: Окна на заказ без монтажа.
Договор, гарантия и аккуратный монтаж.

#Саратов",https://www.avito.ru/saratov/remont_i_stroitelstvo/okna_na_zakaz_bez_montazha_7910682640,Саратов,Ленинский район,ул. имени Осипова,active,https://downloader.disk.yandex.ru/disk/d09a4db6b518d8c9afa72bb92275454eb91f74dd45b3abca4dd538567abd53d8/6a04b9a0/VFMkxLrTsaxwuukpC-RIRBsCysqyA7oGcGuKziWGhl0IpcFa7KCTRFCEM_u5hDuCHuev8RcTnZZERvU9gZNXRA%3D%3D?uid=0&filename=001_photo_2026-05-06_13-38-19.jpg&disposition=attachment&hash=&limit=0&content_type=image%2Fjpeg&owner_uid=0&fsize=260134&hid=f3758ed5323ef32e80765443a2886d2a&media_type=image&tknv=v3&etag=5e2d9f35988eb264881650b86b564b18,https://downloader.disk.yandex.ru/disk/debaab0ebde085902d0cc367e6d2a6fe3318a5f0c1b0e0ce7a24fa5db8ac4eeb/6a04b9a0/VFMkxLrTsaxwuukpC-RIRADAQLYriSvFeAZpUl5rgl7qTSWA9c5UmRocIfI6CFg-TMAtxm48mhsEllOsRpqWGA%3D%3D?uid=0&filename=010_photo_2026-05-06_13-40-10.jpg&disposition=attachment&hash=&limit=0&content_type=image%2Fjpeg&owner_uid=0&fsize=237404&hid=9087a5b4be207c3a194edc2c38f00d03&media_type=image&tknv=v3&etag=63300c996536fc1c4ee16e9866210daa,https://downloader.disk.yandex.ru/disk/f04bfcfdf526d965e4e50bd541543df940f03d0b63dbaf595d9ec0bd75998ec3/6a04b9a0/VFMkxLrTsaxwuukpC-RIREBaxnWhO0uMdl9zzqG1jOUNX8-kTbg60C1df0fj9ebRlaKNK33tkRjey8P2AjL4zA%3D%3D?uid=0&filename=016_photo_2026-05-06_13-42-39.jpg&disposition=attachment&hash=&limit=0&content_type=image%2Fjpeg&owner_uid=0&fsize=157791&hid=31e9328f3e7572d9535f8662e22ca544&media_type=image&tknv=v3&etag=80f270a9ef1418bff4f71624802ff7c4,/Users/aleksandrsolovev/Desktop/avito_autoload_fixed/avito_autoload/2_фото/пластиковые_окна/пластиковые_окна_объявления_6500.csv
avito-пластиковые-окна-7910682640-3,7910682640,3,пластиковые_окна,Ремонт и строительство,Окна на заказ без монтажа Заводской район от производителя,5000,"Саратовская обл., Саратов, Заводской район, ул. имени Осипова","Изготавливаем пластиковые окна ПВХ под заказ в Саратов. В стоимость входит: бесплатный замер, производство по точным размерам, профессиональный монтаж с запенкой и подоконником. Используем профиль VEKA, Rehau или KBE. Стеклопакет однокамерный или двухкамерный на выбор. Энергосберегающее стекло — теплопотери снижаются до 40%. Шумоизоляция — подходит для квартир у оживлённых дорог. Дополнительно: откосы, отливы, москитная сетка. Цена — от 5000 руб. Работаем официально: договор, акт, гарантийный талон. Позвоните или напишите — рассчитаем стоимость за 5 минут по вашим размерам. Товар: Окна на заказ без монтажа. Работаем в т.ч. по адресу: ул. имени Осипова.
Работаем по квартирам, домам и коммерческим помещениям.
Работаем по адресу: Саратов, Заводской район.
Позиция в каталоге: Окна на заказ без монтажа.
Договор, гарантия и аккуратный монтаж.

#Саратов",https://www.avito.ru/saratov/remont_i_stroitelstvo/okna_na_zakaz_bez_montazha_7910682640,Саратов,Заводской район,ул. имени Осипова,active,https://downloader.disk.yandex.ru/disk/debaab0ebde085902d0cc367e6d2a6fe3318a5f0c1b0e0ce7a24fa5db8ac4eeb/6a04b9a0/VFMkxLrTsaxwuukpC-RIRADAQLYriSvFeAZpUl5rgl7qTSWA9c5UmRocIfI6CFg-TMAtxm48mhsEllOsRpqWGA%3D%3D?uid=0&filename=010_photo_2026-05-06_13-40-10.jpg&disposition=attachment&hash=&limit=0&content_type=image%2Fjpeg&owner_uid=0&fsize=237404&hid=9087a5b4be207c3a194edc2c38f00d03&media_type=image&tknv=v3&etag=63300c996536fc1c4ee16e9866210daa,https://downloader.disk.yandex.ru/disk/f04bfcfdf526d965e4e50bd541543df940f03d0b63dbaf595d9ec0bd75998ec3/6a04b9a0/VFMkxLrTsaxwuukpC-RIREBaxnWhO0uMdl9zzqG1jOUNX8-kTbg60C1df0fj9ebRlaKNK33tkRjey8P2AjL4zA%3D%3D?uid=0&filename=016_photo_2026-05-06_13-42-39.jpg&disposition=attachment&hash=&limit=0&content_type=image%2Fjpeg&owner_uid=0&fsize=157791&hid=31e9328f3e7572d9535f8662e22ca544&media_type=image&tknv=v3&etag=80f270a9ef1418bff4f71624802ff7c4,https://downloader.disk.yandex.ru/disk/f321ff02ed50f56222f9e4b9d07d529085dc66991d3f592f3c142896989483a0/6a04b9a0/VFMkxLrTsaxwuukpC-RIREjsmuubmSES5QuFwIWOO1brSvK4hASF5VX5xBmWM7KCgGjkJnsQ2n5kNtCjeQXpLA%3D%3D?uid=0&filename=018_photo_2026-05-06_13-43-06.jpg&disposition=attachment&hash=&limit=0&content_type=image%2Fjpeg&owner_uid=0&fsize=167680&hid=ae2d5ea235590aa79d5ad9fa0a376ed6&media_type=image&tknv=v3&etag=b073fc04e67be56a75cd6a8db0fe900c,/Users/aleksandrsolovev/Desktop/avito_autoload_fixed/avito_autoload/2_фото/пластиковые_окна/пластиковые_окна_объявления_6500.csv
avito-пластиковые-окна-7910650714-1,7910650714,1,пластиковые_окна,Ремонт и строительство,Окна на заказ без монтажа под ключ,5000,"Саратовская обл., Саратов, Ленинский район, ул. Тельмана","Меняете окна в Саратов? Работаем без посредников — прямо с производства. Что делаем: замер (бесплатно), изготовление, монтаж, вывоз мусора. Профиль: VEKA, Rehau, KBE. Однокамерный или двухкамерный стеклопакет. Есть энергосберегающий вариант — экономия на отоплении с первой зимы. Можно заказать с откосами, отливами и подоконником. Стоимость от 5000 рублей. Срок изготовления — от 5 рабочих дней. Даём договор и гарантийный талон. Товар: Окна на заказ без монтажа. Работаем в т.ч. по адресу: ул. Тельмана.
Работаем по квартирам, домам и коммерческим помещениям.
Работаем по адресу: Саратов, Ленинский район.
Позиция в каталоге: Окна на заказ без монтажа.
Можно заказать откосы, подоконник и москитную сетку.

#Саратов",https://www.avito.ru/engels/remont_i_stroitelstvo/okna_na_zakaz_bez_montazha_7910650714,Саратов,Ленинский район,ул. Тельмана,active,https://downloader.disk.yandex.ru/disk/f04bfcfdf526d965e4e50bd541543df940f03d0b63dbaf595d9ec0bd75998ec3/6a04b9a0/VFMkxLrTsaxwuukpC-RIREBaxnWhO0uMdl9zzqG1jOUNX8-kTbg60C1df0fj9ebRlaKNK33tkRjey8P2AjL4zA%3D%3D?uid=0&filename=016_photo_2026-05-06_13-42-39.jpg&disposition=attachment&hash=&limit=0&content_type=image%2Fjpeg&owner_uid=0&fsize=157791&hid=31e9328f3e7572d9535f8662e22ca544&media_type=image&tknv=v3&etag=80f270a9ef1418bff4f71624802ff7c4,https://downloader.disk.yandex.ru/disk/f321ff02ed50f56222f9e4b9d07d529085dc66991d3f592f3c142896989483a0/6a04b9a0/VFMkxLrTsaxwuukpC-RIREjsmuubmSES5QuFwIWOO1brSvK4hASF5VX5xBmWM7KCgGjkJnsQ2n5kNtCjeQXpLA%3D%3D?uid=0&filename=018_photo_2026-05-06_13-43-06.jpg&disposition=attachment&hash=&limit=0&content_type=image%2Fjpeg&owner_uid=0&fsize=167680&hid=ae2d5ea235590aa79d5ad9fa0a376ed6&media_type=image&tknv=v3&etag=b073fc04e67be56a75cd6a8db0fe900c,https://downloader.disk.yandex.ru/disk/fda96037995de65b7d6326e12e8215f981f98010b6620959f4eeba214f2f83e4/6a04b9a0/VFMkxLrTsaxwuukpC-RIRD7dUxMvTQWFSRb8nPmySsXH9i4iAH2FHa5La32tSEw1EyBqh29qe1UCuys6zmDBHg%3D%3D?uid=0&filename=023_photo_2026-05-06_13-43-57.jpg&disposition=attachment&hash=&limit=0&content_type=image%2Fjpeg&owner_uid=0&fsize=374004&hid=cea80736b7f385b500aeea7113b95483&media_type=image&tknv=v3&etag=9fd2e875573f4b510d3cafadb0719671,/Users/aleksandrsolovev/Desktop/avito_autoload_fixed/avito_autoload/2_фото/пластиковые_окна/пластиковые_окна_объявления_6500.csv
avito-пластиковые-окна-7910650714-2,7910650714,2,пластиковые_окна,Ремонт и строительство,Окна на заказ без монтажа Саратов с установкой,5000,"Саратовская обл., Саратов, Заводской район, ул. Тельмана","Меняете окна в Саратов? Работаем без посредников — прямо с производства. Что делаем: замер (бесплатно), изготовление, монтаж, вывоз мусора. Профиль: VEKA, Rehau, KBE. Однокамерный или двухкамерный стеклопакет. Есть энергосберегающий вариант — экономия на отоплении с первой зимы. Можно заказать с откосами, отливами и подоконником. Стоимость от 5000 рублей. Срок изготовления — от 5 рабочих дней. Даём договор и гарантийный талон. Товар: Окна на заказ без монтажа. Работаем в т.ч. по адресу: ул. Тельмана.
Сделаем точный замер и подберём профиль под ваш бюджет.
Работаем по адресу: Саратов, Заводской район.
Позиция в каталоге: Окна на заказ без монтажа.
Можно заказать откосы, подоконник и москитную сетку.

#Саратов",https://www.avito.ru/engels/remont_i_stroitelstvo/okna_na_zakaz_bez_montazha_7910650714,Саратов,Заводской район,ул. Тельмана,active,https://downloader.disk.yandex.ru/disk/f321ff02ed50f56222f9e4b9d07d529085dc66991d3f592f3c142896989483a0/6a04b9a0/VFMkxLrTsaxwuukpC-RIREjsmuubmSES5QuFwIWOO1brSvK4hASF5VX5xBmWM7KCgGjkJnsQ2n5kNtCjeQXpLA%3D%3D?uid=0&filename=018_photo_2026-05-06_13-43-06.jpg&disposition=attachment&hash=&limit=0&content_type=image%2Fjpeg&owner_uid=0&fsize=167680&hid=ae2d5ea235590aa79d5ad9fa0a376ed6&media_type=image&tknv=v3&etag=b073fc04e67be56a75cd6a8db0fe900c,https://downloader.disk.yandex.ru/disk/fda96037995de65b7d6326e12e8215f981f98010b6620959f4eeba214f2f83e4/6a04b9a0/VFMkxLrTsaxwuukpC-RIRD7dUxMvTQWFSRb8nPmySsXH9i4iAH2FHa5La32tSEw1EyBqh29qe1UCuys6zmDBHg%3D%3D?uid=0&filename=023_photo_2026-05-06_13-43-57.jpg&disposition=attachment&hash=&limit=0&content_type=image%2Fjpeg&owner_uid=0&fsize=374004&hid=cea80736b7f385b500aeea7113b95483&media_type=image&tknv=v3&etag=9fd2e875573f4b510d3cafadb0719671,https://downloader.disk.yandex.ru/disk/008c492285b3d665dd8684de060b3b571e7e2fcb31df90135bb394e23523345d/6a04b9a0/VFMkxLrTsaxwuukpC-RIRMgmV0ounsgQeQIKkryCg1YhtX8Tskv2ffzDzxScJ7ByZxfjIOkaZw9hAu7dglNkCQ%3D%3D?uid=0&filename=008_photo_2026-05-06_13-39-47.jpg&disposition=attachment&hash=&limit=0&content_type=image%2Fjpeg&owner_uid=0&fsize=320882&hid=79572758d1eeb436119831254d3b6096&media_type=image&tknv=v3&etag=0dd490d2b77bf3bcafd2ed551f0c73e2,/Users/aleksandrsolovev/Desktop/avito_autoload_fixed/avito_autoload/2_фото/пластиковые_окна/пластиковые_окна_объявления_6500.csv
avito-пластиковые-окна-7910650714-3,7910650714,3,пластиковые_окна,Ремонт и строительство,Окна на заказ без монтажа Октябрьский район с замером,5000,"Саратовская обл., Саратов, Октябрьский район, ул. Тельмана","Меняете окна в Саратов? Работаем без посредников — прямо с производства. Что делаем: замер (бесплатно), изготовление, монтаж, вывоз мусора. Профиль: VEKA, Rehau, KBE. Однокамерный или двухкамерный стеклопакет. Есть энергосберегающий вариант — экономия на отоплении с первой зимы. Можно заказать с откосами, отливами и подоконником. Стоимость от 5000 рублей. Срок изготовления — от 5 рабочих дней. Даём договор и гарантийный талон. Товар: Окна на заказ без монтажа. Работаем в т.ч. по адресу: ул. Тельмана.
Помогаем заменить старые окна без лишних переплат.
Работаем по адресу: Саратов, Октябрьский район.
Позиция в каталоге: Окна на заказ без монтажа.
Можно заказать откосы, подоконник и москитную сетку.

#Саратов",https://www.avito.ru/engels/remont_i_stroitelstvo/okna_na_zakaz_bez_montazha_7910650714,Саратов,Октябрьский район,ул. Тельмана,active,https://downloader.disk.yandex.ru/disk/fda96037995de65b7d6326e12e8215f981f98010b6620959f4eeba214f2f83e4/6a04b9a0/VFMkxLrTsaxwuukpC-RIRD7dUxMvTQWFSRb8nPmySsXH9i4iAH2FHa5La32tSEw1EyBqh29qe1UCuys6zmDBHg%3D%3D?uid=0&filename=023_photo_2026-05-06_13-43-57.jpg&disposition=attachment&hash=&limit=0&content_type=image%2Fjpeg&owner_uid=0&fsize=374004&hid=cea80736b7f385b500aeea7113b95483&media_type=image&tknv=v3&etag=9fd2e875573f4b510d3cafadb0719671,https://downloader.disk.yandex.ru/disk/008c492285b3d665dd8684de060b3b571e7e2fcb31df90135bb394e23523345d/6a04b9a0/VFMkxLrTsaxwuukpC-RIRMgmV0ounsgQeQIKkryCg1YhtX8Tskv2ffzDzxScJ7ByZxfjIOkaZw9hAu7dglNkCQ%3D%3D?uid=0&filename=008_photo_2026-05-06_13-39-47.jpg&disposition=attachment&hash=&limit=0&content_type=image%2Fjpeg&owner_uid=0&fsize=320882&hid=79572758d1eeb436119831254d3b6096&media_type=image&tknv=v3&etag=0dd490d2b77bf3bcafd2ed551f0c73e2,https://downloader.disk.yandex.ru/disk/0e1d9e1341f7b783a2f151b0da95780e43261544d2b795bd06a3262b2cfc72da/6a04b9a0/VFMkxLrTsaxwuukpC-RIRDfgXtSB0MH6j-0wM_yXCFhMv0HbgCM8dF5fmtuhtmgxoYEIx1-5LCnO3ABeGa94hQ%3D%3D?uid=0&filename=007_photo_2026-05-06_13-39-34.jpg&disposition=attachment&hash=&limit=0&content_type=image%2Fjpeg&owner_uid=0&fsize=162615&hid=26f1c5e1db26f1c24a4bb527fffae346&media_type=image&tknv=v3&etag=6c1605bf6e007348858b7d8c215021ec,/Users/aleksandrsolovev/Desktop/avito_autoload_fixed/avito_autoload/2_фото/пластиковые_окна/пластиковые_окна_объявления_6500.csv
avito-рулонные-шторы-3911237467-2,3911237467,2,рулонные_шторы,Ремонт и строительство,Рулонные шторы в коробе и с направляющими ркн-5548 Саратов на заказ,300,"Саратовская обл., Саратов, Центральный район","Рулонные шторы в коробе и с направляющими ркн-5548 в Саратов. Изготавливаем рулонные шторы под точный размер — никаких щелей по бокам. Материалы: блэкаут, день-ночь, полупрозрачные, влагостойкие. На ПВХ профиль — без сверления. На стену или потолок — при желании. Управление цепочкой или пружинный pull&release. Более 100 вариантов цвета. Привезём образцы. От 300 руб. — точная цена после замера. Замер бесплатно. Крепление в цене. Гарантия на механизм. Товар: Рулонные шторы в коробе и с направляющими ркн-5548.
Есть решения для спальни, кухни, офиса и балкона.
Работаем по адресу: Саратов, Центральный район.
Позиция в каталоге: Рулонные шторы в коробе и с направляющими ркн-5548.
Монтаж возможен со сверлением и без сверления.

#Саратов",https://www.avito.ru/saratov/remont_i_stroitelstvo/rulonnye_shtory_v_korobe_i_s_napravlyayuschimi_rkn-5548_3911237467,Саратов,Центральный район,,old,https://downloader.disk.yandex.ru/disk/079d977dd18d29097e46d4d5d4d8ddb0ce5974f99931609d2bcbfd25ffef3df1/6a04b9a0/VFMkxLrTsaxwuukpC-RIRKagC8uJm8kKK_fs2KV4aiOZKtoH2GcVBLPSuifWUJmKJ93bNY-befA8aPHB0bK04g%3D%3D?uid=0&filename=060_IMG_20260512_101228.png&disposition=attachment&hash=&limit=0&content_type=image%2Fpng&owner_uid=0&fsize=3508592&hid=d0d8105b3e2e9f33a7337b7d448ea998&media_type=image&tknv=v3&etag=d132271ec96bb942d6faa0f3003ecc6c,https://downloader.disk.yandex.ru/disk/0b215fcdac3f798b0396ca5b35f85c39432c7a7769834feda9ce346f40b811c4/6a04b9a0/VFMkxLrTsaxwuukpC-RIRINsQhQJ3uAcj02yTqlFoalkfkIFcOQcVJXz1mUGM9QdWEKyGphHQ07wXz7BxagNnw%3D%3D?uid=0&filename=048_IMG_20260512_101040.png&disposition=attachment&hash=&limit=0&content_type=image%2Fpng&owner_uid=0&fsize=1453629&hid=4ee88faee5b6a7705af75f4d5578f311&media_type=image&tknv=v3&etag=fcd6b07cd404071f77d54cff418b4abb,https://downloader.disk.yandex.ru/disk/0bf0acdd96e9119dec8ee45ac28bb870613792a212df964ba7deb7705c52cf2f/6a04b9a0/VFMkxLrTsaxwuukpC-RIROHaJsZqdjMpGU02TxWsYUitLc-tIOy3QdZJYjMdAN-bF7YdUhiu7F8A9uxiZMd0wQ%3D%3D?uid=0&filename=032_IMG_20260512_100801.png&disposition=attachment&hash=&limit=0&content_type=image%2Fpng&owner_uid=0&fsize=875177&hid=ff4a62cd367032b220568b9259b16c4e&media_type=image&tknv=v3&etag=a1f96c3557d9cb324fe8ec971d056a24,/Users/aleksandrsolovev/Desktop/avito_autoload_fixed/avito_autoload/2_фото/рулонные_шторы/рулонные_шторы_объявления_6500.csv
avito-рулонные-шторы-3911237467-3,3911237467,3,рулонные_шторы,Ремонт и строительство,Рулонные шторы в коробе и с направляющими ркн-5548 Приволжский район с установкой,300,"Саратовская обл., Саратов, Приволжский район","Рулонные шторы в коробе и с направляющими ркн-5548 в Саратов. Изготавливаем рулонные шторы под точный размер — никаких щелей по бокам. Материалы: блэкаут, день-ночь, полупрозрачные, влагостойкие. На ПВХ профиль — без сверления. На стену или потолок — при желании. Управление цепочкой или пружинный pull&release. Более 100 вариантов цвета. Привезём образцы. От 300 руб. — точная цена после замера. Замер бесплатно. Крепление в цене. Гарантия на механизм. Товар: Рулонные шторы в коробе и с направляющими ркн-5548.
Изготавливаем шторы точно под размер створки или проёма.
Работаем по адресу: Саратов, Приволжский район.
Позиция в каталоге: Рулонные шторы в коробе и с направляющими ркн-5548.
Монтаж возможен со сверлением и без сверления.

#Саратов",https://www.avito.ru/saratov/remont_i_stroitelstvo/rulonnye_shtory_v_korobe_i_s_napravlyayuschimi_rkn-5548_3911237467,Саратов,Приволжский район,,old,https://downloader.disk.yandex.ru/disk/0b215fcdac3f798b0396ca5b35f85c39432c7a7769834feda9ce346f40b811c4/6a04b9a0/VFMkxLrTsaxwuukpC-RIRINsQhQJ3uAcj02yTqlFoalkfkIFcOQcVJXz1mUGM9QdWEKyGphHQ07wXz7BxagNnw%3D%3D?uid=0&filename=048_IMG_20260512_101040.png&disposition=attachment&hash=&limit=0&content_type=image%2Fpng&owner_uid=0&fsize=1453629&hid=4ee88faee5b6a7705af75f4d5578f311&media_type=image&tknv=v3&etag=fcd6b07cd404071f77d54cff418b4abb,https://downloader.disk.yandex.ru/disk/0bf0acdd96e9119dec8ee45ac28bb870613792a212df964ba7deb7705c52cf2f/6a04b9a0/VFMkxLrTsaxwuukpC-RIROHaJsZqdjMpGU02TxWsYUitLc-tIOy3QdZJYjMdAN-bF7YdUhiu7F8A9uxiZMd0wQ%3D%3D?uid=0&filename=032_IMG_20260512_100801.png&disposition=attachment&hash=&limit=0&content_type=image%2Fpng&owner_uid=0&fsize=875177&hid=ff4a62cd367032b220568b9259b16c4e&media_type=image&tknv=v3&etag=a1f96c3557d9cb324fe8ec971d056a24,https://downloader.disk.yandex.ru/disk/0c3bf572e516beb0807d0cee2f93993b2229c1718d0ee5ac73fc5e9a908b193a/6a04b9a0/VFMkxLrTsaxwuukpC-RIRE9IzhhLMXDxYXeXxSfSOb4MYtNpgRUndpUynHX79QwkqVHtR_L3EXLJaKEygm1WMQ%3D%3D?uid=0&filename=050_IMG_20260512_101108.png&disposition=attachment&hash=&limit=0&content_type=image%2Fpng&owner_uid=0&fsize=2458405&hid=5860526ca1f89573301becc82cafc846&media_type=image&tknv=v3&etag=0de3bc7b5fa78a6b547582b10eca3671,/Users/aleksandrsolovev/Desktop/avito_autoload_fixed/avito_autoload/2_фото/рулонные_шторы/рулонные_шторы_объявления_6500.csv
avito-рулонные-шторы-3911018386-1,3911018386,1,рулонные_шторы,Ремонт и строительство,Рулонные шторы в коробе и с направляющими ркн-9935 день-ночь,300,"Саратовская обл., Саратов, Центральный район","Рулонные шторы в коробе и с направляющими ркн-9935 в Саратов. Изготавливаем рулонные шторы под точный размер — никаких щелей по бокам. Материалы: блэкаут, день-ночь, полупрозрачные, влагостойкие. На ПВХ профиль — без сверления. На стену или потолок — при желании. Управление цепочкой или пружинный pull&release. Более 100 вариантов цвета. Привезём образцы. Цена указана от 300 руб., уточняйте под ваш размер. Замер бесплатно. Крепление в цене. Гарантия на механизм. Товар: Рулонные шторы в коробе и с направляющими ркн-9935.
Подберём ткань, оттенок и тип крепления под ваш интерьер.
Работаем по адресу: Саратов, Центральный район.
Позиция в каталоге: Рулонные шторы в коробе и с направляющими ркн-9935.
Монтаж возможен со сверлением и без сверления.

#Саратов",https://www.avito.ru/saratov/remont_i_stroitelstvo/rulonnye_shtory_v_korobe_i_s_napravlyayuschimi_rkn-9935_3911018386,Саратов,Центральный район,,old,https://downloader.disk.yandex.ru/disk/0bf0acdd96e9119dec8ee45ac28bb870613792a212df964ba7deb7705c52cf2f/6a04b9a0/VFMkxLrTsaxwuukpC-RIROHaJsZqdjMpGU02TxWsYUitLc-tIOy3QdZJYjMdAN-bF7YdUhiu7F8A9uxiZMd0wQ%3D%3D?uid=0&filename=032_IMG_20260512_100801.png&disposition=attachment&hash=&limit=0&content_type=image%2Fpng&owner_uid=0&fsize=875177&hid=ff4a62cd367032b220568b9259b16c4e&media_type=image&tknv=v3&etag=a1f96c3557d9cb324fe8ec971d056a24,https://downloader.disk.yandex.ru/disk/0c3bf572e516beb0807d0cee2f93993b2229c1718d0ee5ac73fc5e9a908b193a/6a04b9a0/VFMkxLrTsaxwuukpC-RIRE9IzhhLMXDxYXeXxSfSOb4MYtNpgRUndpUynHX79QwkqVHtR_L3EXLJaKEygm1WMQ%3D%3D?uid=0&filename=050_IMG_20260512_101108.png&disposition=attachment&hash=&limit=0&content_type=image%2Fpng&owner_uid=0&fsize=2458405&hid=5860526ca1f89573301becc82cafc846&media_type=image&tknv=v3&etag=0de3bc7b5fa78a6b547582b10eca3671,https://downloader.disk.yandex.ru/disk/0f94b5ecd570e03ae277fefa61bb679ab47f89d787c2fa5f10abeb13195bf601/6a04b9a0/VFMkxLrTsaxwuukpC-RIRB9cdDMn42lrEiaLjzrKr_Ktl6IBml2YmU6uWJ2uTJ6ne5_zD2xvxcTfJhqZ1qJmyw%3D%3D?uid=0&filename=016_IMG_20260512_100522.png&disposition=attachment&hash=&limit=0&content_type=image%2Fpng&owner_uid=0&fsize=644016&hid=422585ffb99fd7e498afc0c37b34ba71&media_type=image&tknv=v3&etag=5b91072c1719b489ba979ad7ea0dbf3b,/Users/aleksandrsolovev/Desktop/avito_autoload_fixed/avito_autoload/2_фото/рулонные_шторы/рулонные_шторы_объявления_6500.csv
avito-рулонные-шторы-3910914651-2,3910914651,2,рулонные_шторы,Ремонт и строительство,Рулонные шторы в коробе и с направляющими ркн-3370 Саратов по размеру окна,300,"Саратовская обл., Саратов, Северный микрорайон","Хотите шторы, которые точно подойдут к окну? Рулонные в Саратов под заказ. День-ночь: полосатое полотно позволяет выбирать свет от яркого до полной темноты. Блэкаут: спать днём — легко, детская затемняется полностью. Полупрозрачные: уют без потери света. Способ крепления на ваш выбор: в проём, на раму, потолок, стену. Без сверления — на зажимах под ПВХ. Цена указана от 300 руб., уточняйте под ваш размер. Замер, изготовление, установка. Гарантия на механизм. Товар: Рулонные шторы в коробе и с направляющими ркн-3370.
Подберём ткань, оттенок и тип крепления под ваш интерьер.
Работаем по адресу: Саратов, Северный микрорайон.
Позиция в каталоге: Рулонные шторы в коробе и с направляющими ркн-3370.
Есть ткани блэкаут, день-ночь и полупрозрачные.

#Саратов",https://www.avito.ru/saratov/remont_i_stroitelstvo/rulonnye_shtory_v_korobe_i_s_napravlyayuschimi_rkn-3370_3910914651,Саратов,Северный микрорайон,,old,https://downloader.disk.yandex.ru/disk/0c3bf572e516beb0807d0cee2f93993b2229c1718d0ee5ac73fc5e9a908b193a/6a04b9a0/VFMkxLrTsaxwuukpC-RIRE9IzhhLMXDxYXeXxSfSOb4MYtNpgRUndpUynHX79QwkqVHtR_L3EXLJaKEygm1WMQ%3D%3D?uid=0&filename=050_IMG_20260512_101108.png&disposition=attachment&hash=&limit=0&content_type=image%2Fpng&owner_uid=0&fsize=2458405&hid=5860526ca1f89573301becc82cafc846&media_type=image&tknv=v3&etag=0de3bc7b5fa78a6b547582b10eca3671,https://downloader.disk.yandex.ru/disk/0f94b5ecd570e03ae277fefa61bb679ab47f89d787c2fa5f10abeb13195bf601/6a04b9a0/VFMkxLrTsaxwuukpC-RIRB9cdDMn42lrEiaLjzrKr_Ktl6IBml2YmU6uWJ2uTJ6ne5_zD2xvxcTfJhqZ1qJmyw%3D%3D?uid=0&filename=016_IMG_20260512_100522.png&disposition=attachment&hash=&limit=0&content_type=image%2Fpng&owner_uid=0&fsize=644016&hid=422585ffb99fd7e498afc0c37b34ba71&media_type=image&tknv=v3&etag=5b91072c1719b489ba979ad7ea0dbf3b,https://downloader.disk.yandex.ru/disk/1b5eba3b01f67ef6c9e0d94ac0cabcf122726b8e2a5c5332ae75048db0b680f2/6a04b9a0/VFMkxLrTsaxwuukpC-RIRFNkc0aqrZCvVtbEnvorLW1lQKxAVTCCM__yC5Z43m64Y66iz5mSaF_Nuwkgiqq7JA%3D%3D?uid=0&filename=042_IMG_20260512_100944.png&disposition=attachment&hash=&limit=0&content_type=image%2Fpng&owner_uid=0&fsize=1136205&hid=22d6a064df6935f9a1e1f416ce89333b&media_type=image&tknv=v3&etag=1ef47eb7295d35507ff3347e86256835,/Users/aleksandrsolovev/Desktop/avito_autoload_fixed/avito_autoload/2_фото/рулонные_шторы/рулонные_шторы_объявления_6500.csv
avito-рулонные-шторы-3911018386-3,3911018386,3,рулонные_шторы,Ремонт и строительство,Рулонные шторы в коробе и с направляющими ркн-9935 Южный микрорайон с установкой,300,"Саратовская обл., Саратов, Южный микрорайон","Рулонные шторы в коробе и с направляющими ркн-9935 в Саратов. Изготавливаем рулонные шторы под точный размер — никаких щелей по бокам. Материалы: блэкаут, день-ночь, полупрозрачные, влагостойкие. На ПВХ профиль — без сверления. На стену или потолок — при желании. Управление цепочкой или пружинный pull&release. Более 100 вариантов цвета. Привезём образцы. Цена указана от 300 руб., уточняйте под ваш размер. Замер бесплатно. Крепление в цене. Гарантия на механизм. Товар: Рулонные шторы в коробе и с направляющими ркн-9935.
Изготавливаем шторы точно под размер створки или проёма.
Работаем по адресу: Саратов, Южный микрорайон.
Позиция в каталоге: Рулонные шторы в коробе и с направляющими ркн-9935.
Монтаж возможен со сверлением и без сверления.

#Саратов",https://www.avito.ru/saratov/remont_i_stroitelstvo/rulonnye_shtory_v_korobe_i_s_napravlyayuschimi_rkn-9935_3911018386,Саратов,Южный микрорайон,,old,https://downloader.disk.yandex.ru/disk/0f94b5ecd570e03ae277fefa61bb679ab47f89d787c2fa5f10abeb13195bf601/6a04b9a0/VFMkxLrTsaxwuukpC-RIRB9cdDMn42lrEiaLjzrKr_Ktl6IBml2YmU6uWJ2uTJ6ne5_zD2xvxcTfJhqZ1qJmyw%3D%3D?uid=0&filename=016_IMG_20260512_100522.png&disposition=attachment&hash=&limit=0&content_type=image%2Fpng&owner_uid=0&fsize=644016&hid=422585ffb99fd7e498afc0c37b34ba71&media_type=image&tknv=v3&etag=5b91072c1719b489ba979ad7ea0dbf3b,https://downloader.disk.yandex.ru/disk/1b5eba3b01f67ef6c9e0d94ac0cabcf122726b8e2a5c5332ae75048db0b680f2/6a04b9a0/VFMkxLrTsaxwuukpC-RIRFNkc0aqrZCvVtbEnvorLW1lQKxAVTCCM__yC5Z43m64Y66iz5mSaF_Nuwkgiqq7JA%3D%3D?uid=0&filename=042_IMG_20260512_100944.png&disposition=attachment&hash=&limit=0&content_type=image%2Fpng&owner_uid=0&fsize=1136205&hid=22d6a064df6935f9a1e1f416ce89333b&media_type=image&tknv=v3&etag=1ef47eb7295d35507ff3347e86256835,https://downloader.disk.yandex.ru/disk/1e30ee2f97f7695399e917297db1fef164b4c8a8d75e3628cabedade92fc4e0c/6a04b9a0/VFMkxLrTsaxwuukpC-RIRFoywFoWq14p3yYJMnfaYuYq0ODAKmxTkfegknGgYzIzcmlF5u3xTGTbLrW5kwBImw%3D%3D?uid=0&filename=038_IMG_20260512_100850.png&disposition=attachment&hash=&limit=0&content_type=image%2Fpng&owner_uid=0&fsize=1794246&hid=3bbce012a98b86a16e9c4421825595ef&media_type=image&tknv=v3&etag=ba9239308677ad002ae0fa4e44d160a7,/Users/aleksandrsolovev/Desktop/avito_autoload_fixed/avito_autoload/2_фото/рулонные_шторы/рулонные_шторы_объявления_6500.csv
avito-рулонные-шторы-3911413503-1,3911413503,1,рулонные_шторы,Ремонт и строительство,Рулонные шторы в коробе и с направляющими ркн-3004 день-ночь,300,"Саратовская обл., Саратов, Приволжский район","Рулонные шторы в коробе и с направляющими ркн-3004 в Саратов. Изготавливаем рулонные шторы под точный размер — никаких щелей по бокам. Материалы: блэкаут, день-ночь, полупрозрачные, влагостойкие. На ПВХ профиль — без сверления. На стену или потолок — при желании. Управление цепочкой или пружинный pull&release. Более 100 вариантов цвета. Привезём образцы. Начальная цена 300 руб., финальная — после замера. Замер бесплатно. Крепление в цене. Гарантия на механизм. Товар: Рулонные шторы в коробе и с направляющими ркн-3004.
Подберём ткань, оттенок и тип крепления под ваш интерьер.
Работаем по адресу: Саратов, Приволжский район.
Позиция в каталоге: Рулонные шторы в коробе и с направляющими ркн-3004.
Монтаж возможен со сверлением и без сверления.

#Саратов",https://www.avito.ru/engels/remont_i_stroitelstvo/rulonnye_shtory_v_korobe_i_s_napravlyayuschimi_rkn-3004_3911413503,Саратов,Приволжский район,,old,https://downloader.disk.yandex.ru/disk/1b5eba3b01f67ef6c9e0d94ac0cabcf122726b8e2a5c5332ae75048db0b680f2/6a04b9a0/VFMkxLrTsaxwuukpC-RIRFNkc0aqrZCvVtbEnvorLW1lQKxAVTCCM__yC5Z43m64Y66iz5mSaF_Nuwkgiqq7JA%3D%3D?uid=0&filename=042_IMG_20260512_100944.png&disposition=attachment&hash=&limit=0&content_type=image%2Fpng&owner_uid=0&fsize=1136205&hid=22d6a064df6935f9a1e1f416ce89333b&media_type=image&tknv=v3&etag=1ef47eb7295d35507ff3347e86256835,https://downloader.disk.yandex.ru/disk/1e30ee2f97f7695399e917297db1fef164b4c8a8d75e3628cabedade92fc4e0c/6a04b9a0/VFMkxLrTsaxwuukpC-RIRFoywFoWq14p3yYJMnfaYuYq0ODAKmxTkfegknGgYzIzcmlF5u3xTGTbLrW5kwBImw%3D%3D?uid=0&filename=038_IMG_20260512_100850.png&disposition=attachment&hash=&limit=0&content_type=image%2Fpng&owner_uid=0&fsize=1794246&hid=3bbce012a98b86a16e9c4421825595ef&media_type=image&tknv=v3&etag=ba9239308677ad002ae0fa4e44d160a7,https://downloader.disk.yandex.ru/disk/202b6344070d86bb874e2259e6cfed6811459a952f034b74207733d18f81edc8/6a04b9a0/VFMkxLrTsaxwuukpC-RIRCtdD3EajYGc2Ip3WTaXVT7XaXx-W-ewxE2A5lfhs96HiiHK8jh-bpTDQ-RA-b7PSQ%3D%3D?uid=0&filename=004_IMG_20260512_100239.png&disposition=attachment&hash=&limit=0&content_type=image%2Fpng&owner_uid=0&fsize=878776&hid=3631a86e669ec6e482c8fd9f7d86d025&media_type=image&tknv=v3&etag=b6825c63bdd9718e9a8e1193ce86c686,/Users/aleksandrsolovev/Desktop/avito_autoload_fixed/avito_autoload/2_фото/рулонные_шторы/рулонные_шторы_объявления_6500.csv
avito-рулонные-шторы-3911318062-2,3911318062,2,рулонные_шторы,Ремонт и строительство,Рулонные шторы в коробе и с направляющими ркн-3609 Саратов по размеру окна,300,"Саратовская обл., Саратов, Мелиорация","Хотите шторы, которые точно подойдут к окну? Рулонные в Саратов под заказ. День-ночь: полосатое полотно позволяет выбирать свет от яркого до полной темноты. Блэкаут: спать днём — легко, детская затемняется полностью. Полупрозрачные: уют без потери света. Способ крепления на ваш выбор: в проём, на раму, потолок, стену. Без сверления — на зажимах под ПВХ. Начальная цена 300 руб., финальная — после замера. Замер, изготовление, установка. Гарантия на механизм. Товар: Рулонные шторы в коробе и с направляющими ркн-3609.
Подберём ткань, оттенок и тип крепления под ваш интерьер.
Работаем по адресу: Саратов, Мелиорация.
Позиция в каталоге: Рулонные шторы в коробе и с направляющими ркн-3609.
Есть ткани блэкаут, день-ночь и полупрозрачные.

#Саратов",https://www.avito.ru/engels/remont_i_stroitelstvo/rulonnye_shtory_v_korobe_i_s_napravlyayuschimi_rkn-3609_3911318062,Саратов,Мелиорация,,old,https://downloader.disk.yandex.ru/disk/1e30ee2f97f7695399e917297db1fef164b4c8a8d75e3628cabedade92fc4e0c/6a04b9a0/VFMkxLrTsaxwuukpC-RIRFoywFoWq14p3yYJMnfaYuYq0ODAKmxTkfegknGgYzIzcmlF5u3xTGTbLrW5kwBImw%3D%3D?uid=0&filename=038_IMG_20260512_100850.png&disposition=attachment&hash=&limit=0&content_type=image%2Fpng&owner_uid=0&fsize=1794246&hid=3bbce012a98b86a16e9c4421825595ef&media_type=image&tknv=v3&etag=ba9239308677ad002ae0fa4e44d160a7,https://downloader.disk.yandex.ru/disk/202b6344070d86bb874e2259e6cfed6811459a952f034b74207733d18f81edc8/6a04b9a0/VFMkxLrTsaxwuukpC-RIRCtdD3EajYGc2Ip3WTaXVT7XaXx-W-ewxE2A5lfhs96HiiHK8jh-bpTDQ-RA-b7PSQ%3D%3D?uid=0&filename=004_IMG_20260512_100239.png&disposition=attachment&hash=&limit=0&content_type=image%2Fpng&owner_uid=0&fsize=878776&hid=3631a86e669ec6e482c8fd9f7d86d025&media_type=image&tknv=v3&etag=b6825c63bdd9718e9a8e1193ce86c686,https://downloader.disk.yandex.ru/disk/2679b86f5a96559224a2d780cd808b43287de5f5ff4861139ca6ba67c20397e3/6a04b9a0/VFMkxLrTsaxwuukpC-RIRK_RsE-YgEBOk37MChGHCjOA0fM1tKw3EsyC48Sx2TZxmWlIngUUZ44ghnrZ1EMxQw%3D%3D?uid=0&filename=062_IMG_20260512_101306.png&disposition=attachment&hash=&limit=0&content_type=image%2Fpng&owner_uid=0&fsize=917452&hid=460a1c1c963576213ec3fb3c4632e86f&media_type=image&tknv=v3&etag=287605327ec2425730af3057ab176fed,/Users/aleksandrsolovev/Desktop/avito_autoload_fixed/avito_autoload/2_фото/рулонные_шторы/рулонные_шторы_объявления_6500.csv
avito-рулонные-шторы-3911413503-3,3911413503,3,рулонные_шторы,Ремонт и строительство,Рулонные шторы в коробе и с направляющими ркн-3004 Шурова Гора с установкой,300,"Саратовская обл., Саратов, Шурова Гора","Рулонные шторы в коробе и с направляющими ркн-3004 в Саратов. Изготавливаем рулонные шторы под точный размер — никаких щелей по бокам. Материалы: блэкаут, день-ночь, полупрозрачные, влагостойкие. На ПВХ профиль — без сверления. На стену или потолок — при желании. Управление цепочкой или пружинный pull&release. Более 100 вариантов цвета. Привезём образцы. Начальная цена 300 руб., финальная — после замера. Замер бесплатно. Крепление в цене. Гарантия на механизм. Товар: Рулонные шторы в коробе и с направляющими ркн-3004.
Изготавливаем шторы точно под размер створки или проёма.
Работаем по адресу: Саратов, Шурова Гора.
Позиция в каталоге: Рулонные шторы в коробе и с направляющими ркн-3004.
Монтаж возможен со сверлением и без сверления.

#Саратов",https://www.avito.ru/engels/remont_i_stroitelstvo/rulonnye_shtory_v_korobe_i_s_napravlyayuschimi_rkn-3004_3911413503,Саратов,Шурова Гора,,old,https://downloader.disk.yandex.ru/disk/202b6344070d86bb874e2259e6cfed6811459a952f034b74207733d18f81edc8/6a04b9a0/VFMkxLrTsaxwuukpC-RIRCtdD3EajYGc2Ip3WTaXVT7XaXx-W-ewxE2A5lfhs96HiiHK8jh-bpTDQ-RA-b7PSQ%3D%3D?uid=0&filename=004_IMG_20260512_100239.png&disposition=attachment&hash=&limit=0&content_type=image%2Fpng&owner_uid=0&fsize=878776&hid=3631a86e669ec6e482c8fd9f7d86d025&media_type=image&tknv=v3&etag=b6825c63bdd9718e9a8e1193ce86c686,https://downloader.disk.yandex.ru/disk/2679b86f5a96559224a2d780cd808b43287de5f5ff4861139ca6ba67c20397e3/6a04b9a0/VFMkxLrTsaxwuukpC-RIRK_RsE-YgEBOk37MChGHCjOA0fM1tKw3EsyC48Sx2TZxmWlIngUUZ44ghnrZ1EMxQw%3D%3D?uid=0&filename=062_IMG_20260512_101306.png&disposition=attachment&hash=&limit=0&content_type=image%2Fpng&owner_uid=0&fsize=917452&hid=460a1c1c963576213ec3fb3c4632e86f&media_type=image&tknv=v3&etag=287605327ec2425730af3057ab176fed,https://downloader.disk.yandex.ru/disk/2a2512f5766735a424bb9618855f120b79c0d3af4e007fef5e4faa9ea19ebde6/6a04b9a0/VFMkxLrTsaxwuukpC-RIRPcs6dyThqx_qB-j4wsSGKGlRJxTMWVcSKvI2BQ3ibT1UPTOfuSg4b3zC1zPZYvFLQ%3D%3D?uid=0&filename=033_IMG_20260512_100808.png&disposition=attachment&hash=&limit=0&content_type=image%2Fpng&owner_uid=0&fsize=857701&hid=4c91ca2781d02f9f9017aa05e04b628a&media_type=image&tknv=v3&etag=63dbda23554fa55d8e29695ddcf6f1c8,/Users/aleksandrsolovev/Desktop/avito_autoload_fixed/avito_autoload/2_фото/рулонные_шторы/рулонные_шторы_объявления_6500.csv
avito-рулонные-шторы-3911429739-1,3911429739,1,рулонные_шторы,Ремонт и строительство,Рулонные шторы в коробе и с направляющими ркн-2959 день-ночь,300,"Саратовская обл., Саратов, Гагаринский район","Рулонные шторы в коробе и с направляющими ркн-2959 в Саратов. Изготавливаем рулонные шторы под точный размер — никаких щелей по бокам. Материалы: блэкаут, день-ночь, полупрозрачные, влагостойкие. На ПВХ профиль — без сверления. На стену или потолок — при желании. Управление цепочкой или пружинный pull&release. Более 100 вариантов цвета. Привезём образцы. От 300 руб. — точная цена после замера. Замер бесплатно. Крепление в цене. Гарантия на механизм. Товар: Рулонные шторы в коробе и с направляющими ркн-2959.
Подберём ткань, оттенок и тип крепления под ваш интерьер.
Работаем по адресу: Саратов, Гагаринский район.
Позиция в каталоге: Рулонные шторы в коробе и с направляющими ркн-2959.
Монтаж возможен со сверлением и без сверления.

#Саратов",https://www.avito.ru/saratov/remont_i_stroitelstvo/rulonnye_shtory_v_korobe_i_s_napravlyayuschimi_rkn-2959_3911429739,Саратов,Гагаринский район,,old,https://downloader.disk.yandex.ru/disk/2679b86f5a96559224a2d780cd808b43287de5f5ff4861139ca6ba67c20397e3/6a04b9a0/VFMkxLrTsaxwuukpC-RIRK_RsE-YgEBOk37MChGHCjOA0fM1tKw3EsyC48Sx2TZxmWlIngUUZ44ghnrZ1EMxQw%3D%3D?uid=0&filename=062_IMG_20260512_101306.png&disposition=attachment&hash=&limit=0&content_type=image%2Fpng&owner_uid=0&fsize=917452&hid=460a1c1c963576213ec3fb3c4632e86f&media_type=image&tknv=v3&etag=287605327ec2425730af3057ab176fed,https://downloader.disk.yandex.ru/disk/2a2512f5766735a424bb9618855f120b79c0d3af4e007fef5e4faa9ea19ebde6/6a04b9a0/VFMkxLrTsaxwuukpC-RIRPcs6dyThqx_qB-j4wsSGKGlRJxTMWVcSKvI2BQ3ibT1UPTOfuSg4b3zC1zPZYvFLQ%3D%3D?uid=0&filename=033_IMG_20260512_100808.png&disposition=attachment&hash=&limit=0&content_type=image%2Fpng&owner_uid=0&fsize=857701&hid=4c91ca2781d02f9f9017aa05e04b628a&media_type=image&tknv=v3&etag=63dbda23554fa55d8e29695ddcf6f1c8,https://downloader.disk.yandex.ru/disk/34fcf078c53e2319aff5aa40024394672f7f30f29015b87b6629b92b8234621b/6a04b9a0/VFMkxLrTsaxwuukpC-RIRLmZEYo0ltxJKE04essD1B2XWUvRnfVt5DBXLvlVNJt_6V2JBMANkkjeR7GQp-QO6g%3D%3D?uid=0&filename=036_IMG_20260512_100832.png&disposition=attachment&hash=&limit=0&content_type=image%2Fpng&owner_uid=0&fsize=1504178&hid=e259eb3c9eb2635629f84785779dcdb4&media_type=image&tknv=v3&etag=ee0219db83a0aa3cbc8367112561d88d,/Users/aleksandrsolovev/Desktop/avito_autoload_fixed/avito_autoload/2_фото/рулонные_шторы/рулонные_шторы_объявления_6500.csv
avito-рулонные-шторы-3911330777-2,3911330777,2,рулонные_шторы,Ремонт и строительство,Рулонные шторы в коробе и с направляющими ркн-1065 Саратов по размеру окна,300,"Саратовская обл., Саратов, Центральный район","Хотите шторы, которые точно подойдут к окну? Рулонные в Саратов под заказ. День-ночь: полосатое полотно позволяет выбирать свет от яркого до полной темноты. Блэкаут: спать днём — легко, детская затемняется полностью. Полупрозрачные: уют без потери света. Способ крепления на ваш выбор: в проём, на раму, потолок, стену. Без сверления — на зажимах под ПВХ. От 300 руб. — точная цена после замера. Замер, изготовление, установка. Гарантия на механизм. Товар: Рулонные шторы в коробе и с направляющими ркн-1065.
Подберём ткань, оттенок и тип крепления под ваш интерьер.
Работаем по адресу: Саратов, Центральный район.
Позиция в каталоге: Рулонные шторы в коробе и с направляющими ркн-1065.
Есть ткани блэкаут, день-ночь и полупрозрачные.

#Саратов",https://www.avito.ru/saratov/remont_i_stroitelstvo/rulonnye_shtory_v_korobe_i_s_napravlyayuschimi_rkn-1065_3911330777,Саратов,Центральный район,,old,https://downloader.disk.yandex.ru/disk/2a2512f5766735a424bb9618855f120b79c0d3af4e007fef5e4faa9ea19ebde6/6a04b9a0/VFMkxLrTsaxwuukpC-RIRPcs6dyThqx_qB-j4wsSGKGlRJxTMWVcSKvI2BQ3ibT1UPTOfuSg4b3zC1zPZYvFLQ%3D%3D?uid=0&filename=033_IMG_20260512_100808.png&disposition=attachment&hash=&limit=0&content_type=image%2Fpng&owner_uid=0&fsize=857701&hid=4c91ca2781d02f9f9017aa05e04b628a&media_type=image&tknv=v3&etag=63dbda23554fa55d8e29695ddcf6f1c8,https://downloader.disk.yandex.ru/disk/34fcf078c53e2319aff5aa40024394672f7f30f29015b87b6629b92b8234621b/6a04b9a0/VFMkxLrTsaxwuukpC-RIRLmZEYo0ltxJKE04essD1B2XWUvRnfVt5DBXLvlVNJt_6V2JBMANkkjeR7GQp-QO6g%3D%3D?uid=0&filename=036_IMG_20260512_100832.png&disposition=attachment&hash=&limit=0&content_type=image%2Fpng&owner_uid=0&fsize=1504178&hid=e259eb3c9eb2635629f84785779dcdb4&media_type=image&tknv=v3&etag=ee0219db83a0aa3cbc8367112561d88d,https://downloader.disk.yandex.ru/disk/39e60e9311522802e23d1f538a25c2a6be6b2465d43a1bb5f916c18e0a8c872e/6a04b9a0/VFMkxLrTsaxwuukpC-RIRIjR9z6kCCnxtdxq74jdGWX_qHIQFp7hg_hF_h4DMu7NG2d1On0U4d-Gw91gCbE5Rg%3D%3D?uid=0&filename=056_IMG_20260512_101206.png&disposition=attachment&hash=&limit=0&content_type=image%2Fpng&owner_uid=0&fsize=1218065&hid=04d511967416016c7c8c3fbe41f470f1&media_type=image&tknv=v3&etag=6f0e3d0544725636cc1475b888fdba00,/Users/aleksandrsolovev/Desktop/avito_autoload_fixed/avito_autoload/2_фото/рулонные_шторы/рулонные_шторы_объявления_6500.csv
avito-рулонные-шторы-3911596475-3,3911596475,3,рулонные_шторы,Ремонт и строительство,Рулонные шторы в коробе и с направляющими ркн-1473 Северный микрорайон с установкой,300,"Саратовская обл., Саратов, Северный микрорайон","Рулонные шторы в коробе и с направляющими ркн-1473 в Саратов. Изготавливаем рулонные шторы под точный размер — никаких щелей по бокам. Материалы: блэкаут, день-ночь, полупрозрачные, влагостойкие. На ПВХ профиль — без сверления. На стену или потолок — при желании. Управление цепочкой или пружинный pull&release. Более 100 вариантов цвета. Привезём образцы. От 300 руб. — точная цена после замера. Замер бесплатно. Крепление в цене. Гарантия на механизм. Товар: Рулонные шторы в коробе и с направляющими ркн-1473.
Изготавливаем шторы точно под размер створки или проёма.
Работаем по адресу: Саратов, Северный микрорайон.
Позиция в каталоге: Рулонные шторы в коробе и с направляющими ркн-1473.
Монтаж возможен со сверлением и без сверления.

#Саратов",https://www.avito.ru/saratov/remont_i_stroitelstvo/rulonnye_shtory_v_korobe_i_s_napravlyayuschimi_rkn-1473_3911596475,Саратов,Северный микрорайон,,old,https://downloader.disk.yandex.ru/disk/34fcf078c53e2319aff5aa40024394672f7f30f29015b87b6629b92b8234621b/6a04b9a0/VFMkxLrTsaxwuukpC-RIRLmZEYo0ltxJKE04essD1B2XWUvRnfVt5DBXLvlVNJt_6V2JBMANkkjeR7GQp-QO6g%3D%3D?uid=0&filename=036_IMG_20260512_100832.png&disposition=attachment&hash=&limit=0&content_type=image%2Fpng&owner_uid=0&fsize=1504178&hid=e259eb3c9eb2635629f84785779dcdb4&media_type=image&tknv=v3&etag=ee0219db83a0aa3cbc8367112561d88d,https://downloader.disk.yandex.ru/disk/39e60e9311522802e23d1f538a25c2a6be6b2465d43a1bb5f916c18e0a8c872e/6a04b9a0/VFMkxLrTsaxwuukpC-RIRIjR9z6kCCnxtdxq74jdGWX_qHIQFp7hg_hF_h4DMu7NG2d1On0U4d-Gw91gCbE5Rg%3D%3D?uid=0&filename=056_IMG_20260512_101206.png&disposition=attachment&hash=&limit=0&content_type=image%2Fpng&owner_uid=0&fsize=1218065&hid=04d511967416016c7c8c3fbe41f470f1&media_type=image&tknv=v3&etag=6f0e3d0544725636cc1475b888fdba00,https://downloader.disk.yandex.ru/disk/3a61668276810b911a3c987f3fd095bff0e631a79d3d8669db11641d6a92b8e5/6a04b9a0/VFMkxLrTsaxwuukpC-RIROIT0cbca7xNg0AEjEniy6IK6Nwn4auht6BR5appzF-GB3iZ49LhVGZu7RnyNNqTAQ%3D%3D?uid=0&filename=055_IMG_20260512_101158.png&disposition=attachment&hash=&limit=0&content_type=image%2Fpng&owner_uid=0&fsize=789412&hid=99f82cce1646d2e0ecba54092cd42a06&media_type=image&tknv=v3&etag=63071f4e85eeb43dfb8895a1b88e8ef0,/Users/aleksandrsolovev/Desktop/avito_autoload_fixed/avito_autoload/2_фото/рулонные_шторы/рулонные_шторы_объявления_6500.csv
avito-рулонные-шторы-3911362233-1,3911362233,1,рулонные_шторы,Ремонт и строительство,Рулонные шторы в коробе и с направляющими ркн-7038 день-ночь,300,"Саратовская обл., Саратов, Ленинский район","Рулонные шторы в коробе и с направляющими ркн-7038 в Саратов. Изготавливаем рулонные шторы под точный размер — никаких щелей по бокам. Материалы: блэкаут, день-ночь, полупрозрачные, влагостойкие. На ПВХ профиль — без сверления. На стену или потолок — при желании. Управление цепочкой или пружинный pull&release. Более 100 вариантов цвета. Привезём образцы. Цена указана от 300 руб., уточняйте под ваш размер. Замер бесплатно. Крепление в цене. Гарантия на механизм. Товар: Рулонные шторы в коробе и с направляющими ркн-7038.
Подберём ткань, оттенок и тип крепления под ваш интерьер.
Работаем по адресу: Саратов, Ленинский район.
Позиция в каталоге: Рулонные шторы в коробе и с направляющими ркн-7038.
Монтаж возможен со сверлением и без сверления.

#Саратов",https://www.avito.ru/saratov/remont_i_stroitelstvo/rulonnye_shtory_v_korobe_i_s_napravlyayuschimi_rkn-7038_3911362233,Саратов,Ленинский район,,old,https://downloader.disk.yandex.ru/disk/39e60e9311522802e23d1f538a25c2a6be6b2465d43a1bb5f916c18e0a8c872e/6a04b9a0/VFMkxLrTsaxwuukpC-RIRIjR9z6kCCnxtdxq74jdGWX_qHIQFp7hg_hF_h4DMu7NG2d1On0U4d-Gw91gCbE5Rg%3D%3D?uid=0&filename=056_IMG_20260512_101206.png&disposition=attachment&hash=&limit=0&content_type=image%2Fpng&owner_uid=0&fsize=1218065&hid=04d511967416016c7c8c3fbe41f470f1&media_type=image&tknv=v3&etag=6f0e3d0544725636cc1475b888fdba00,https://downloader.disk.yandex.ru/disk/3a61668276810b911a3c987f3fd095bff0e631a79d3d8669db11641d6a92b8e5/6a04b9a0/VFMkxLrTsaxwuukpC-RIROIT0cbca7xNg0AEjEniy6IK6Nwn4auht6BR5appzF-GB3iZ49LhVGZu7RnyNNqTAQ%3D%3D?uid=0&filename=055_IMG_20260512_101158.png&disposition=attachment&hash=&limit=0&content_type=image%2Fpng&owner_uid=0&fsize=789412&hid=99f82cce1646d2e0ecba54092cd42a06&media_type=image&tknv=v3&etag=63071f4e85eeb43dfb8895a1b88e8ef0,https://downloader.disk.yandex.ru/disk/3c397d21618b2f5f10146b0b0238d6f87f40cdb2e9183cfe2f1667ff86b99353/6a04b9a0/VFMkxLrTsaxwuukpC-RIRHSpIoI2D9bSAnRkpUrwHMQMrxjz-K1pxLagiN_6baE8ydiefY7sEqPy44wIUB4Hcg%3D%3D?uid=0&filename=017_IMG_20260512_100534.png&disposition=attachment&hash=&limit=0&content_type=image%2Fpng&owner_uid=0&fsize=2254249&hid=5cda6fd4c07eb81912877fe5df37b5ed&media_type=image&tknv=v3&etag=c852e56ec7ad94fa1d7d585d55d46395,/Users/aleksandrsolovev/Desktop/avito_autoload_fixed/avito_autoload/2_фото/рулонные_шторы/рулонные_шторы_объявления_6500.csv
avito-рулонные-шторы-3911116878-2,3911116878,2,рулонные_шторы,Ремонт и строительство,Рулонные шторы в коробе и с направляющими ркн-8293 Саратов по размеру окна,300,"Саратовская обл., Саратов, Северный микрорайон","Хотите шторы, которые точно подойдут к окну? Рулонные в Саратов под заказ. День-ночь: полосатое полотно позволяет выбирать свет от яркого до полной темноты. Блэкаут: спать днём — легко, детская затемняется полностью. Полупрозрачные: уют без потери света. Способ крепления на ваш выбор: в проём, на раму, потолок, стену. Без сверления — на зажимах под ПВХ. Цена указана от 300 руб., уточняйте под ваш размер. Замер, изготовление, установка. Гарантия на механизм. Товар: Рулонные шторы в коробе и с направляющими ркн-8293.
Подберём ткань, оттенок и тип крепления под ваш интерьер.
Работаем по адресу: Саратов, Северный микрорайон.
Позиция в каталоге: Рулонные шторы в коробе и с направляющими ркн-8293.
Есть ткани блэкаут, день-ночь и полупрозрачные.

#Саратов",https://www.avito.ru/engels/remont_i_stroitelstvo/rulonnye_shtory_v_korobe_i_s_napravlyayuschimi_rkn-8293_3911116878,Саратов,Северный микрорайон,,old,https://downloader.disk.yandex.ru/disk/3a61668276810b911a3c987f3fd095bff0e631a79d3d8669db11641d6a92b8e5/6a04b9a0/VFMkxLrTsaxwuukpC-RIROIT0cbca7xNg0AEjEniy6IK6Nwn4auht6BR5appzF-GB3iZ49LhVGZu7RnyNNqTAQ%3D%3D?uid=0&filename=055_IMG_20260512_101158.png&disposition=attachment&hash=&limit=0&content_type=image%2Fpng&owner_uid=0&fsize=789412&hid=99f82cce1646d2e0ecba54092cd42a06&media_type=image&tknv=v3&etag=63071f4e85eeb43dfb8895a1b88e8ef0,https://downloader.disk.yandex.ru/disk/3c397d21618b2f5f10146b0b0238d6f87f40cdb2e9183cfe2f1667ff86b99353/6a04b9a0/VFMkxLrTsaxwuukpC-RIRHSpIoI2D9bSAnRkpUrwHMQMrxjz-K1pxLagiN_6baE8ydiefY7sEqPy44wIUB4Hcg%3D%3D?uid=0&filename=017_IMG_20260512_100534.png&disposition=attachment&hash=&limit=0&content_type=image%2Fpng&owner_uid=0&fsize=2254249&hid=5cda6fd4c07eb81912877fe5df37b5ed&media_type=image&tknv=v3&etag=c852e56ec7ad94fa1d7d585d55d46395,https://downloader.disk.yandex.ru/disk/4116d0409cfb20c8d9211c2a5130554340c0ab176fc11f4e29c4dd1a5c5008fe/6a04b9a0/VFMkxLrTsaxwuukpC-RIRISAtbsWIkOt1VLvexDH9i6m4AuA9POEDZYtcxY3dhjFUvEoluOxdNA1sPUJQ4JkVQ%3D%3D?uid=0&filename=025_IMG_20260512_100652.png&disposition=attachment&hash=&limit=0&content_type=image%2Fpng&owner_uid=0&fsize=2023805&hid=5196385c4b295b2d467d4a8edf8ab44f&media_type=image&tknv=v3&etag=2c41cacc5238129c879fa960cd044a00,/Users/aleksandrsolovev/Desktop/avito_autoload_fixed/avito_autoload/2_фото/рулонные_шторы/рулонные_шторы_объявления_6500.csv
avito-рулонные-шторы-3911362233-3,3911362233,3,рулонные_шторы,Ремонт и строительство,Рулонные шторы в коробе и с направляющими ркн-7038 Октябрьский район с установкой,300,"Саратовская обл., Саратов, Октябрьский район","Рулонные шторы в коробе и с направляющими ркн-7038 в Саратов. Изготавливаем рулонные шторы под точный размер — никаких щелей по бокам. Материалы: блэкаут, день-ночь, полупрозрачные, влагостойкие. На ПВХ профиль — без сверления. На стену или потолок — при желании. Управление цепочкой или пружинный pull&release. Более 100 вариантов цвета. Привезём образцы. Цена указана от 300 руб., уточняйте под ваш размер. Замер бесплатно. Крепление в цене. Гарантия на механизм. Товар: Рулонные шторы в коробе и с направляющими ркн-7038.
Изготавливаем шторы точно под размер створки или проёма.
Работаем по адресу: Саратов, Октябрьский район.
Позиция в каталоге: Рулонные шторы в коробе и с направляющими ркн-7038.
Монтаж возможен со сверлением и без сверления.

#Саратов",https://www.avito.ru/saratov/remont_i_stroitelstvo/rulonnye_shtory_v_korobe_i_s_napravlyayuschimi_rkn-7038_3911362233,Саратов,Октябрьский район,,old,https://downloader.disk.yandex.ru/disk/3c397d21618b2f5f10146b0b0238d6f87f40cdb2e9183cfe2f1667ff86b99353/6a04b9a0/VFMkxLrTsaxwuukpC-RIRHSpIoI2D9bSAnRkpUrwHMQMrxjz-K1pxLagiN_6baE8ydiefY7sEqPy44wIUB4Hcg%3D%3D?uid=0&filename=017_IMG_20260512_100534.png&disposition=attachment&hash=&limit=0&content_type=image%2Fpng&owner_uid=0&fsize=2254249&hid=5cda6fd4c07eb81912877fe5df37b5ed&media_type=image&tknv=v3&etag=c852e56ec7ad94fa1d7d585d55d46395,https://downloader.disk.yandex.ru/disk/4116d0409cfb20c8d9211c2a5130554340c0ab176fc11f4e29c4dd1a5c5008fe/6a04b9a0/VFMkxLrTsaxwuukpC-RIRISAtbsWIkOt1VLvexDH9i6m4AuA9POEDZYtcxY3dhjFUvEoluOxdNA1sPUJQ4JkVQ%3D%3D?uid=0&filename=025_IMG_20260512_100652.png&disposition=attachment&hash=&limit=0&content_type=image%2Fpng&owner_uid=0&fsize=2023805&hid=5196385c4b295b2d467d4a8edf8ab44f&media_type=image&tknv=v3&etag=2c41cacc5238129c879fa960cd044a00,https://downloader.disk.yandex.ru/disk/423d1772475f0cee8b5f9daff787a858ae59d5708a40f232266da3ac5e0bc155/6a04b9a0/VFMkxLrTsaxwuukpC-RIRGrIFU-P9wU6xwX_O4Sa_4hFaBuezNBvXuvKqsaTHvXulurO-Swn0MOXpF-rGFsISg%3D%3D?uid=0&filename=021_IMG_20260512_100620.png&disposition=attachment&hash=&limit=0&content_type=image%2Fpng&owner_uid=0&fsize=2031103&hid=ca506e40ca534dc3e7d61432582dc4e8&media_type=image&tknv=v3&etag=9ea3d893ea1d4e0b2e68e979e5063b9b,/Users/aleksandrsolovev/Desktop/avito_autoload_fixed/avito_autoload/2_фото/рулонные_шторы/рулонные_шторы_объявления_6500.csv
avito-рулонные-шторы-3911361801-1,3911361801,1,рулонные_шторы,Ремонт и строительство,Рулонные шторы в коробе и с направляющими ркн-8703 блэкаут,300,"Саратовская обл., Саратов, Заводской район","Хотите шторы, которые точно подойдут к окну? Рулонные в Саратов под заказ. День-ночь: полосатое полотно позволяет выбирать свет от яркого до полной темноты. Блэкаут: спать днём — легко, детская затемняется полностью. Полупрозрачные: уют без потери света. Способ крепления на ваш выбор: в проём, на раму, потолок, стену. Без сверления — на зажимах под ПВХ. Начальная цена 300 руб., финальная — после замера. Замер, изготовление, установка. Гарантия на механизм. Товар: Рулонные шторы в коробе и с направляющими ркн-8703.
Изготавливаем шторы точно под размер створки или проёма.
Работаем по адресу: Саратов, Заводской район.
Позиция в каталоге: Рулонные шторы в коробе и с направляющими ркн-8703.
Есть ткани блэкаут, день-ночь и полупрозрачные.

#Саратов",https://www.avito.ru/voronezh/remont_i_stroitelstvo/rulonnye_shtory_v_korobe_i_s_napravlyayuschimi_rkn-8703_3911361801,Саратов,Заводской район,,old,https://downloader.disk.yandex.ru/disk/4116d0409cfb20c8d9211c2a5130554340c0ab176fc11f4e29c4dd1a5c5008fe/6a04b9a0/VFMkxLrTsaxwuukpC-RIRISAtbsWIkOt1VLvexDH9i6m4AuA9POEDZYtcxY3dhjFUvEoluOxdNA1sPUJQ4JkVQ%3D%3D?uid=0&filename=025_IMG_20260512_100652.png&disposition=attachment&hash=&limit=0&content_type=image%2Fpng&owner_uid=0&fsize=2023805&hid=5196385c4b295b2d467d4a8edf8ab44f&media_type=image&tknv=v3&etag=2c41cacc5238129c879fa960cd044a00,https://downloader.disk.yandex.ru/disk/423d1772475f0cee8b5f9daff787a858ae59d5708a40f232266da3ac5e0bc155/6a04b9a0/VFMkxLrTsaxwuukpC-RIRGrIFU-P9wU6xwX_O4Sa_4hFaBuezNBvXuvKqsaTHvXulurO-Swn0MOXpF-rGFsISg%3D%3D?uid=0&filename=021_IMG_20260512_100620.png&disposition=attachment&hash=&limit=0&content_type=image%2Fpng&owner_uid=0&fsize=2031103&hid=ca506e40ca534dc3e7d61432582dc4e8&media_type=image&tknv=v3&etag=9ea3d893ea1d4e0b2e68e979e5063b9b,https://downloader.disk.yandex.ru/disk/454921ec8169815ed001472625ff1feb47bf2975d130560a69da6867e7757ae9/6a04b9a0/VFMkxLrTsaxwuukpC-RIRGzZuGXGXwefEqiFry5_fsiYSFEi0kGJpLYy-9GrEwBZi2bmHrByIak8Hy9xlMHAVg%3D%3D?uid=0&filename=013_IMG_20260512_100434.png&disposition=attachment&hash=&limit=0&content_type=image%2Fpng&owner_uid=0&fsize=1939194&hid=db879b769d81f6e485771a080bdd61c4&media_type=image&tknv=v3&etag=adba85f2856c25f3428b963e48e3577c,/Users/aleksandrsolovev/Desktop/avito_autoload_fixed/avito_autoload/2_фото/рулонные_шторы/рулонные_шторы_объявления_6500.csv
avito-рулонные-шторы-3911361801-2,3911361801,2,рулонные_шторы,Ремонт и строительство,Рулонные шторы в коробе и с направляющими ркн-8703 Саратов по размеру окна,300,"Саратовская обл., Саратов, Октябрьский район","Хотите шторы, которые точно подойдут к окну? Рулонные в Саратов под заказ. День-ночь: полосатое полотно позволяет выбирать свет от яркого до полной темноты. Блэкаут: спать днём — легко, детская затемняется полностью. Полупрозрачные: уют без потери света. Способ крепления на ваш выбор: в проём, на раму, потолок, стену. Без сверления — на зажимах под ПВХ. Начальная цена 300 руб., финальная — после замера. Замер, изготовление, установка. Гарантия на механизм. Товар: Рулонные шторы в коробе и с направляющими ркн-8703.
Подберём ткань, оттенок и тип крепления под ваш интерьер.
Работаем по адресу: Саратов, Октябрьский район.
Позиция в каталоге: Рулонные шторы в коробе и с направляющими ркн-8703.
Есть ткани блэкаут, день-ночь и полупрозрачные.

#Саратов",https://www.avito.ru/voronezh/remont_i_stroitelstvo/rulonnye_shtory_v_korobe_i_s_napravlyayuschimi_rkn-8703_3911361801,Саратов,Октябрьский район,,old,https://downloader.disk.yandex.ru/disk/423d1772475f0cee8b5f9daff787a858ae59d5708a40f232266da3ac5e0bc155/6a04b9a0/VFMkxLrTsaxwuukpC-RIRGrIFU-P9wU6xwX_O4Sa_4hFaBuezNBvXuvKqsaTHvXulurO-Swn0MOXpF-rGFsISg%3D%3D?uid=0&filename=021_IMG_20260512_100620.png&disposition=attachment&hash=&limit=0&content_type=image%2Fpng&owner_uid=0&fsize=2031103&hid=ca506e40ca534dc3e7d61432582dc4e8&media_type=image&tknv=v3&etag=9ea3d893ea1d4e0b2e68e979e5063b9b,https://downloader.disk.yandex.ru/disk/454921ec8169815ed001472625ff1feb47bf2975d130560a69da6867e7757ae9/6a04b9a0/VFMkxLrTsaxwuukpC-RIRGzZuGXGXwefEqiFry5_fsiYSFEi0kGJpLYy-9GrEwBZi2bmHrByIak8Hy9xlMHAVg%3D%3D?uid=0&filename=013_IMG_20260512_100434.png&disposition=attachment&hash=&limit=0&content_type=image%2Fpng&owner_uid=0&fsize=1939194&hid=db879b769d81f6e485771a080bdd61c4&media_type=image&tknv=v3&etag=adba85f2856c25f3428b963e48e3577c,https://downloader.disk.yandex.ru/disk/486c30d28ea597a8359d4de6b2749cb0e2c94fdc5c8e7dbe2515450c77b90520/6a04b9a0/VFMkxLrTsaxwuukpC-RIRMw3-rw_dPjGI75ZQXo8OUPUgU-UnfCwoZ91K3oihSvUw0NJ1MOoYzYR4f5q2suSsg%3D%3D?uid=0&filename=001_IMG_20260512_100206.png&disposition=attachment&hash=&limit=0&content_type=image%2Fpng&owner_uid=0&fsize=1592526&hid=ce16e6749f8ec49ff6d9d44d9fa6f294&media_type=image&tknv=v3&etag=3419b99c8d308054cf71c38d92e623e7,/Users/aleksandrsolovev/Desktop/avito_autoload_fixed/avito_autoload/2_фото/рулонные_шторы/рулонные_шторы_объявления_6500.csv
avito-рулонные-шторы-3911361801-3,3911361801,3,рулонные_шторы,Ремонт и строительство,Рулонные шторы в коробе и с направляющими ркн-8703 Фрунзенский район день-ночь,300,"Саратовская обл., Саратов, Фрунзенский район","Хотите шторы, которые точно подойдут к окну? Рулонные в Саратов под заказ. День-ночь: полосатое полотно позволяет выбирать свет от яркого до полной темноты. Блэкаут: спать днём — легко, детская затемняется полностью. Полупрозрачные: уют без потери света. Способ крепления на ваш выбор: в проём, на раму, потолок, стену. Без сверления — на зажимах под ПВХ. Начальная цена 300 руб., финальная — после замера. Замер, изготовление, установка. Гарантия на механизм. Товар: Рулонные шторы в коробе и с направляющими ркн-8703.
Есть решения для спальни, кухни, офиса и балкона.
Работаем по адресу: Саратов, Фрунзенский район.
Позиция в каталоге: Рулонные шторы в коробе и с направляющими ркн-8703.
Есть ткани блэкаут, день-ночь и полупрозрачные.

#Саратов",https://www.avito.ru/voronezh/remont_i_stroitelstvo/rulonnye_shtory_v_korobe_i_s_napravlyayuschimi_rkn-8703_3911361801,Саратов,Фрунзенский район,,old,https://downloader.disk.yandex.ru/disk/454921ec8169815ed001472625ff1feb47bf2975d130560a69da6867e7757ae9/6a04b9a0/VFMkxLrTsaxwuukpC-RIRGzZuGXGXwefEqiFry5_fsiYSFEi0kGJpLYy-9GrEwBZi2bmHrByIak8Hy9xlMHAVg%3D%3D?uid=0&filename=013_IMG_20260512_100434.png&disposition=attachment&hash=&limit=0&content_type=image%2Fpng&owner_uid=0&fsize=1939194&hid=db879b769d81f6e485771a080bdd61c4&media_type=image&tknv=v3&etag=adba85f2856c25f3428b963e48e3577c,https://downloader.disk.yandex.ru/disk/486c30d28ea597a8359d4de6b2749cb0e2c94fdc5c8e7dbe2515450c77b90520/6a04b9a0/VFMkxLrTsaxwuukpC-RIRMw3-rw_dPjGI75ZQXo8OUPUgU-UnfCwoZ91K3oihSvUw0NJ1MOoYzYR4f5q2suSsg%3D%3D?uid=0&filename=001_IMG_20260512_100206.png&disposition=attachment&hash=&limit=0&content_type=image%2Fpng&owner_uid=0&fsize=1592526&hid=ce16e6749f8ec49ff6d9d44d9fa6f294&media_type=image&tknv=v3&etag=3419b99c8d308054cf71c38d92e623e7,https://downloader.disk.yandex.ru/disk/4a48785832cfdd05a76fbe420de7c1ab87eb991582deadc45449dc8c36715739/6a04b9a0/VFMkxLrTsaxwuukpC-RIROtilp2Cc9nMoM-HLLHULYURvR4Nq1wOloaZXWyrSkrabJjLKivkG3lgoEwVRtOXSw%3D%3D?uid=0&filename=029_IMG_20260512_100731.png&disposition=attachment&hash=&limit=0&content_type=image%2Fpng&owner_uid=0&fsize=2135812&hid=14f0c90ecccf862659ad928e2fd0d6c6&media_type=image&tknv=v3&etag=6d8cfe9ffb3d067396cbf2c84209aeef,/Users/aleksandrsolovev/Desktop/avito_autoload_fixed/avito_autoload/2_фото/рулонные_шторы/рулонные_шторы_объявления_6500.csv
avito-рулонные-шторы-3911554645-1,3911554645,1,рулонные_шторы,Ремонт и строительство,Рулонные шторы в коробе и с направляющими ркн-5036 день-ночь,300,"Саратовская обл., Саратов, Октябрьский район","Рулонные шторы в коробе и с направляющими ркн-5036 в Саратов. Изготавливаем рулонные шторы под точный размер — никаких щелей по бокам. Материалы: блэкаут, день-ночь, полупрозрачные, влагостойкие. На ПВХ профиль — без сверления. На стену или потолок — при желании. Управление цепочкой или пружинный pull&release. Более 100 вариантов цвета. Привезём образцы. От 300 рублей — зависит от размера и комплектации. Замер бесплатно. Крепление в цене. Гарантия на механизм. Товар: Рулонные шторы в коробе и с направляющими ркн-5036.
Подберём ткань, оттенок и тип крепления под ваш интерьер.
Работаем по адресу: Саратов, Октябрьский район.
Позиция в каталоге: Рулонные шторы в коробе и с направляющими ркн-5036.
Монтаж возможен со сверлением и без сверления.

#Саратов",https://www.avito.ru/voronezh/remont_i_stroitelstvo/rulonnye_shtory_v_korobe_i_s_napravlyayuschimi_rkn-5036_3911554645,Саратов,Октябрьский район,,old,https://downloader.disk.yandex.ru/disk/486c30d28ea597a8359d4de6b2749cb0e2c94fdc5c8e7dbe2515450c77b90520/6a04b9a0/VFMkxLrTsaxwuukpC-RIRMw3-rw_dPjGI75ZQXo8OUPUgU-UnfCwoZ91K3oihSvUw0NJ1MOoYzYR4f5q2suSsg%3D%3D?uid=0&filename=001_IMG_20260512_100206.png&disposition=attachment&hash=&limit=0&content_type=image%2Fpng&owner_uid=0&fsize=1592526&hid=ce16e6749f8ec49ff6d9d44d9fa6f294&media_type=image&tknv=v3&etag=3419b99c8d308054cf71c38d92e623e7,https://downloader.disk.yandex.ru/disk/4a48785832cfdd05a76fbe420de7c1ab87eb991582deadc45449dc8c36715739/6a04b9a0/VFMkxLrTsaxwuukpC-RIROtilp2Cc9nMoM-HLLHULYURvR4Nq1wOloaZXWyrSkrabJjLKivkG3lgoEwVRtOXSw%3D%3D?uid=0&filename=029_IMG_20260512_100731.png&disposition=attachment&hash=&limit=0&content_type=image%2Fpng&owner_uid=0&fsize=2135812&hid=14f0c90ecccf862659ad928e2fd0d6c6&media_type=image&tknv=v3&etag=6d8cfe9ffb3d067396cbf2c84209aeef,https://downloader.disk.yandex.ru/disk/4fcb26d563d4e4baa5b8c6776425d06b4cea1ce5c6c9737424a2fa9407753bf5/6a04b9a0/VFMkxLrTsaxwuukpC-RIRNFVD3kU1iDXM-atr83kolVe_9rWpsFfip0F5-fX1cQ0dry9SPOsX9NZK4VGHlVyOQ%3D%3D?uid=0&filename=028_IMG_20260512_100722.png&disposition=attachment&hash=&limit=0&content_type=image%2Fpng&owner_uid=0&fsize=2079564&hid=4f5706373e762c0c884c9d7bc4428d5a&media_type=image&tknv=v3&etag=5d9bd88091650b7e113dc7e8ce811685,/Users/aleksandrsolovev/Desktop/avito_autoload_fixed/avito_autoload/2_фото/рулонные_шторы/рулонные_шторы_объявления_6500.csv
avito-рулонные-шторы-3911554645-2,3911554645,2,рулонные_шторы,Ремонт и строительство,Рулонные шторы в коробе и с направляющими ркн-5036 Саратов на заказ,300,"Саратовская обл., Саратов, Фрунзенский район","Рулонные шторы в коробе и с направляющими ркн-5036 в Саратов. Изготавливаем рулонные шторы под точный размер — никаких щелей по бокам. Материалы: блэкаут, день-ночь, полупрозрачные, влагостойкие. На ПВХ профиль — без сверления. На стену или потолок — при желании. Управление цепочкой или пружинный pull&release. Более 100 вариантов цвета. Привезём образцы. От 300 рублей — зависит от размера и комплектации. Замер бесплатно. Крепление в цене. Гарантия на механизм. Товар: Рулонные шторы в коробе и с направляющими ркн-5036.
Есть решения для спальни, кухни, офиса и балкона.
Работаем по адресу: Саратов, Фрунзенский район.
Позиция в каталоге: Рулонные шторы в коробе и с направляющими ркн-5036.
Монтаж возможен со сверлением и без сверления.

#Саратов",https://www.avito.ru/voronezh/remont_i_stroitelstvo/rulonnye_shtory_v_korobe_i_s_napravlyayuschimi_rkn-5036_3911554645,Саратов,Фрунзенский район,,old,https://downloader.disk.yandex.ru/disk/4a48785832cfdd05a76fbe420de7c1ab87eb991582deadc45449dc8c36715739/6a04b9a0/VFMkxLrTsaxwuukpC-RIROtilp2Cc9nMoM-HLLHULYURvR4Nq1wOloaZXWyrSkrabJjLKivkG3lgoEwVRtOXSw%3D%3D?uid=0&filename=029_IMG_20260512_100731.png&disposition=attachment&hash=&limit=0&content_type=image%2Fpng&owner_uid=0&fsize=2135812&hid=14f0c90ecccf862659ad928e2fd0d6c6&media_type=image&tknv=v3&etag=6d8cfe9ffb3d067396cbf2c84209aeef,https://downloader.disk.yandex.ru/disk/4fcb26d563d4e4baa5b8c6776425d06b4cea1ce5c6c9737424a2fa9407753bf5/6a04b9a0/VFMkxLrTsaxwuukpC-RIRNFVD3kU1iDXM-atr83kolVe_9rWpsFfip0F5-fX1cQ0dry9SPOsX9NZK4VGHlVyOQ%3D%3D?uid=0&filename=028_IMG_20260512_100722.png&disposition=attachment&hash=&limit=0&content_type=image%2Fpng&owner_uid=0&fsize=2079564&hid=4f5706373e762c0c884c9d7bc4428d5a&media_type=image&tknv=v3&etag=5d9bd88091650b7e113dc7e8ce811685,https://downloader.disk.yandex.ru/disk/5c28d27ce2964e0ceef961dd3ba5e2c74d7c3433c5bb3c78b4e9e6f80799439d/6a04b9a0/VFMkxLrTsaxwuukpC-RIRFGtwT8QL3hKHrF-yhjEwEcB0QTJMOCJp90w5-8J6g0q66C-lFIBdTP-qEdSxo5C4A%3D%3D?uid=0&filename=015_IMG_20260512_100503.png&disposition=attachment&hash=&limit=0&content_type=image%2Fpng&owner_uid=0&fsize=547517&hid=b1686b57f672376a7ec3149473fb893a&media_type=image&tknv=v3&etag=9da1596a3d0b128027a68a7f1004d3b0,/Users/aleksandrsolovev/Desktop/avito_autoload_fixed/avito_autoload/2_фото/рулонные_шторы/рулонные_шторы_объявления_6500.csv
avito-рулонные-шторы-3911554645-3,3911554645,3,рулонные_шторы,Ремонт и строительство,Рулонные шторы в коробе и с направляющими ркн-5036 Волжский район с установкой,300,"Саратовская обл., Саратов, Волжский район","Рулонные шторы в коробе и с направляющими ркн-5036 в Саратов. Изготавливаем рулонные шторы под точный размер — никаких щелей по бокам. Материалы: блэкаут, день-ночь, полупрозрачные, влагостойкие. На ПВХ профиль — без сверления. На стену или потолок — при желании. Управление цепочкой или пружинный pull&release. Более 100 вариантов цвета. Привезём образцы. От 300 рублей — зависит от размера и комплектации. Замер бесплатно. Крепление в цене. Гарантия на механизм. Товар: Рулонные шторы в коробе и с направляющими ркн-5036.
Изготавливаем шторы точно под размер створки или проёма.
Работаем по адресу: Саратов, Волжский район.
Позиция в каталоге: Рулонные шторы в коробе и с направляющими ркн-5036.
Монтаж возможен со сверлением и без сверления.

#Саратов",https://www.avito.ru/voronezh/remont_i_stroitelstvo/rulonnye_shtory_v_korobe_i_s_napravlyayuschimi_rkn-5036_3911554645,Саратов,Волжский район,,old,https://downloader.disk.yandex.ru/disk/4fcb26d563d4e4baa5b8c6776425d06b4cea1ce5c6c9737424a2fa9407753bf5/6a04b9a0/VFMkxLrTsaxwuukpC-RIRNFVD3kU1iDXM-atr83kolVe_9rWpsFfip0F5-fX1cQ0dry9SPOsX9NZK4VGHlVyOQ%3D%3D?uid=0&filename=028_IMG_20260512_100722.png&disposition=attachment&hash=&limit=0&content_type=image%2Fpng&owner_uid=0&fsize=2079564&hid=4f5706373e762c0c884c9d7bc4428d5a&media_type=image&tknv=v3&etag=5d9bd88091650b7e113dc7e8ce811685,https://downloader.disk.yandex.ru/disk/5c28d27ce2964e0ceef961dd3ba5e2c74d7c3433c5bb3c78b4e9e6f80799439d/6a04b9a0/VFMkxLrTsaxwuukpC-RIRFGtwT8QL3hKHrF-yhjEwEcB0QTJMOCJp90w5-8J6g0q66C-lFIBdTP-qEdSxo5C4A%3D%3D?uid=0&filename=015_IMG_20260512_100503.png&disposition=attachment&hash=&limit=0&content_type=image%2Fpng&owner_uid=0&fsize=547517&hid=b1686b57f672376a7ec3149473fb893a&media_type=image&tknv=v3&etag=9da1596a3d0b128027a68a7f1004d3b0,https://downloader.disk.yandex.ru/disk/5fd5e5c193dac5e974ab50fd4f27b27b3e0b0ce6fd7784030204aff05c37632f/6a04b9a0/VFMkxLrTsaxwuukpC-RIRLStB5yh4YnwsWf3tYom5SaVtBdK1q_E6DTra5Lptlmdh8uSzDzp-1pqqKvK8LuLGg%3D%3D?uid=0&filename=043_IMG_20260512_100950.png&disposition=attachment&hash=&limit=0&content_type=image%2Fpng&owner_uid=0&fsize=1081776&hid=d748a87ee7d7e74da3d1a964dbe560c7&media_type=image&tknv=v3&etag=230849abef1af57d91ff83f38572dd71,/Users/aleksandrsolovev/Desktop/avito_autoload_fixed/avito_autoload/2_фото/рулонные_шторы/рулонные_шторы_объявления_6500.csv
avito-рулонные-шторы-3911012368-1,3911012368,1,рулонные_шторы,Ремонт и строительство,Рулонные шторы в коричневом коробе РКК-7028 блэкаут,300,"Саратовская обл., Саратов, Ленинский район","Хотите шторы, которые точно подойдут к окну? Рулонные в Саратов под заказ. День-ночь: полосатое полотно позволяет выбирать свет от яркого до полной темноты. Блэкаут: спать днём — легко, детская затемняется полностью. Полупрозрачные: уют без потери света. Способ крепления на ваш выбор: в проём, на раму, потолок, стену. Без сверления — на зажимах под ПВХ. Цена указана от 300 руб., уточняйте под ваш размер. Замер, изготовление, установка. Гарантия на механизм. Товар: Рулонные шторы в коричневом коробе РКК-7028.
Изготавливаем шторы точно под размер створки или проёма.
Работаем по адресу: Саратов, Ленинский район.
Позиция в каталоге: Рулонные шторы в коричневом коробе РКК-7028.
Есть ткани блэкаут, день-ночь и полупрозрачные.

#Саратов",https://www.avito.ru/voronezh/remont_i_stroitelstvo/rulonnye_shtory_v_korichnevom_korobe_rkk-7028_3911012368,Саратов,Ленинский район,,old,https://downloader.disk.yandex.ru/disk/5c28d27ce2964e0ceef961dd3ba5e2c74d7c3433c5bb3c78b4e9e6f80799439d/6a04b9a0/VFMkxLrTsaxwuukpC-RIRFGtwT8QL3hKHrF-yhjEwEcB0QTJMOCJp90w5-8J6g0q66C-lFIBdTP-qEdSxo5C4A%3D%3D?uid=0&filename=015_IMG_20260512_100503.png&disposition=attachment&hash=&limit=0&content_type=image%2Fpng&owner_uid=0&fsize=547517&hid=b1686b57f672376a7ec3149473fb893a&media_type=image&tknv=v3&etag=9da1596a3d0b128027a68a7f1004d3b0,https://downloader.disk.yandex.ru/disk/5fd5e5c193dac5e974ab50fd4f27b27b3e0b0ce6fd7784030204aff05c37632f/6a04b9a0/VFMkxLrTsaxwuukpC-RIRLStB5yh4YnwsWf3tYom5SaVtBdK1q_E6DTra5Lptlmdh8uSzDzp-1pqqKvK8LuLGg%3D%3D?uid=0&filename=043_IMG_20260512_100950.png&disposition=attachment&hash=&limit=0&content_type=image%2Fpng&owner_uid=0&fsize=1081776&hid=d748a87ee7d7e74da3d1a964dbe560c7&media_type=image&tknv=v3&etag=230849abef1af57d91ff83f38572dd71,https://downloader.disk.yandex.ru/disk/622cb2a723e2ebfb94d04f65e1797ebb39b3cef2c3d0ce56837676d49d02de5b/6a04b9a0/VFMkxLrTsaxwuukpC-RIRID-hdda-2cJsTM9CsCCUT5-Ntmh2ln7XvK7VVfoDO8wJUdTXRcJg_U2GJ5IbKTbFw%3D%3D?uid=0&filename=059_IMG_20260512_101222.png&disposition=attachment&hash=&limit=0&content_type=image%2Fpng&owner_uid=0&fsize=1053478&hid=fb2fc0b4c73064146dc2b1bb27253808&media_type=image&tknv=v3&etag=9b6d7b418e9e723dd106a2d0800abc15,/Users/aleksandrsolovev/Desktop/avito_autoload_fixed/avito_autoload/2_фото/рулонные_шторы/рулонные_шторы_объявления_6500.csv
avito-рулонные-шторы-3911012368-2,3911012368,2,рулонные_шторы,Ремонт и строительство,Рулонные шторы в коричневом коробе РКК-7028 Саратов по размеру окна,300,"Саратовская обл., Саратов, Заводской район","Хотите шторы, которые точно подойдут к окну? Рулонные в Саратов под заказ. День-ночь: полосатое полотно позволяет выбирать свет от яркого до полной темноты. Блэкаут: спать днём — легко, детская затемняется полностью. Полупрозрачные: уют без потери света. Способ крепления на ваш выбор: в проём, на раму, потолок, стену. Без сверления — на зажимах под ПВХ. Цена указана от 300 руб., уточняйте под ваш размер. Замер, изготовление, установка. Гарантия на механизм. Товар: Рулонные шторы в коричневом коробе РКК-7028.
Подберём ткань, оттенок и тип крепления под ваш интерьер.
Работаем по адресу: Саратов, Заводской район.
Позиция в каталоге: Рулонные шторы в коричневом коробе РКК-7028.
Есть ткани блэкаут, день-ночь и полупрозрачные.

#Саратов",https://www.avito.ru/voronezh/remont_i_stroitelstvo/rulonnye_shtory_v_korichnevom_korobe_rkk-7028_3911012368,Саратов,Заводской район,,old,https://downloader.disk.yandex.ru/disk/5fd5e5c193dac5e974ab50fd4f27b27b3e0b0ce6fd7784030204aff05c37632f/6a04b9a0/VFMkxLrTsaxwuukpC-RIRLStB5yh4YnwsWf3tYom5SaVtBdK1q_E6DTra5Lptlmdh8uSzDzp-1pqqKvK8LuLGg%3D%3D?uid=0&filename=043_IMG_20260512_100950.png&disposition=attachment&hash=&limit=0&content_type=image%2Fpng&owner_uid=0&fsize=1081776&hid=d748a87ee7d7e74da3d1a964dbe560c7&media_type=image&tknv=v3&etag=230849abef1af57d91ff83f38572dd71,https://downloader.disk.yandex.ru/disk/622cb2a723e2ebfb94d04f65e1797ebb39b3cef2c3d0ce56837676d49d02de5b/6a04b9a0/VFMkxLrTsaxwuukpC-RIRID-hdda-2cJsTM9CsCCUT5-Ntmh2ln7XvK7VVfoDO8wJUdTXRcJg_U2GJ5IbKTbFw%3D%3D?uid=0&filename=059_IMG_20260512_101222.png&disposition=attachment&hash=&limit=0&content_type=image%2Fpng&owner_uid=0&fsize=1053478&hid=fb2fc0b4c73064146dc2b1bb27253808&media_type=image&tknv=v3&etag=9b6d7b418e9e723dd106a2d0800abc15,https://downloader.disk.yandex.ru/disk/651f26e123e19cefcd670d721c6fe1236715e23806944a1a7a05a4f18b27c545/6a04b9a0/VFMkxLrTsaxwuukpC-RIRHL7usZsMqSWXUWCgN3OjZQy4RnMn51TKJXzk8gQotCrtaJYhEyQwdzv3we_gLEPhQ%3D%3D?uid=0&filename=007_IMG_20260512_100308.png&disposition=attachment&hash=&limit=0&content_type=image%2Fpng&owner_uid=0&fsize=1585292&hid=8dc1491097b345b9eaed964502796bfc&media_type=image&tknv=v3&etag=27a7441464ed6ed812bc54a90912107c,/Users/aleksandrsolovev/Desktop/avito_autoload_fixed/avito_autoload/2_фото/рулонные_шторы/рулонные_шторы_объявления_6500.csv
avito-рулонные-шторы-3911012368-3,3911012368,3,рулонные_шторы,Ремонт и строительство,Рулонные шторы в коричневом коробе РКК-7028 Октябрьский район день-ночь,300,"Саратовская обл., Саратов, Октябрьский район","Хотите шторы, которые точно подойдут к окну? Рулонные в Саратов под заказ. День-ночь: полосатое полотно позволяет выбирать свет от яркого до полной темноты. Блэкаут: спать днём — легко, детская затемняется полностью. Полупрозрачные: уют без потери света. Способ крепления на ваш выбор: в проём, на раму, потолок, стену. Без сверления — на зажимах под ПВХ. Цена указана от 300 руб., уточняйте под ваш размер. Замер, изготовление, установка. Гарантия на механизм. Товар: Рулонные шторы в коричневом коробе РКК-7028.
Есть решения для спальни, кухни, офиса и балкона.
Работаем по адресу: Саратов, Октябрьский район.
Позиция в каталоге: Рулонные шторы в коричневом коробе РКК-7028.
Есть ткани блэкаут, день-ночь и полупрозрачные.

#Саратов",https://www.avito.ru/voronezh/remont_i_stroitelstvo/rulonnye_shtory_v_korichnevom_korobe_rkk-7028_3911012368,Саратов,Октябрьский район,,old,https://downloader.disk.yandex.ru/disk/622cb2a723e2ebfb94d04f65e1797ebb39b3cef2c3d0ce56837676d49d02de5b/6a04b9a0/VFMkxLrTsaxwuukpC-RIRID-hdda-2cJsTM9CsCCUT5-Ntmh2ln7XvK7VVfoDO8wJUdTXRcJg_U2GJ5IbKTbFw%3D%3D?uid=0&filename=059_IMG_20260512_101222.png&disposition=attachment&hash=&limit=0&content_type=image%2Fpng&owner_uid=0&fsize=1053478&hid=fb2fc0b4c73064146dc2b1bb27253808&media_type=image&tknv=v3&etag=9b6d7b418e9e723dd106a2d0800abc15,https://downloader.disk.yandex.ru/disk/651f26e123e19cefcd670d721c6fe1236715e23806944a1a7a05a4f18b27c545/6a04b9a0/VFMkxLrTsaxwuukpC-RIRHL7usZsMqSWXUWCgN3OjZQy4RnMn51TKJXzk8gQotCrtaJYhEyQwdzv3we_gLEPhQ%3D%3D?uid=0&filename=007_IMG_20260512_100308.png&disposition=attachment&hash=&limit=0&content_type=image%2Fpng&owner_uid=0&fsize=1585292&hid=8dc1491097b345b9eaed964502796bfc&media_type=image&tknv=v3&etag=27a7441464ed6ed812bc54a90912107c,https://downloader.disk.yandex.ru/disk/6dd50a2f8979b102372d97a06bf799c6b389431de6356c0acfbce7b20bc11750/6a04b9a0/VFMkxLrTsaxwuukpC-RIRLvJd4dSs7YFtsj6XJqqRhAIKJpk-hUv4AB3ykgPgk6EEw6aCR3cG_QTjuu-gpkUEw%3D%3D?uid=0&filename=023_IMG_20260512_100640.png&disposition=attachment&hash=&limit=0&content_type=image%2Fpng&owner_uid=0&fsize=1111553&hid=8d4f1672f9d60348be7d9cc999da1539&media_type=image&tknv=v3&etag=d6be516586e423cc4d27e16e5bb2d0fe,/Users/aleksandrsolovev/Desktop/avito_autoload_fixed/avito_autoload/2_фото/рулонные_шторы/рулонные_шторы_объявления_6500.csv
avito-рулонные-шторы-3911342238-1,3911342238,1,рулонные_шторы,Ремонт и строительство,Рулонные шторы в коробе и с направляющими ркн-6385 день-ночь,300,"Саратовская обл., Саратов, Приволжский район","Рулонные шторы в коробе и с направляющими ркн-6385 в Саратов. Изготавливаем рулонные шторы под точный размер — никаких щелей по бокам. Материалы: блэкаут, день-ночь, полупрозрачные, влагостойкие. На ПВХ профиль — без сверления. На стену или потолок — при желании. Управление цепочкой или пружинный pull&release. Более 100 вариантов цвета. Привезём образцы. Начальная цена 300 руб., финальная — после замера. Замер бесплатно. Крепление в цене. Гарантия на механизм. Товар: Рулонные шторы в коробе и с направляющими ркн-6385.
Подберём ткань, оттенок и тип крепления под ваш интерьер.
Работаем по адресу: Саратов, Приволжский район.
Позиция в каталоге: Рулонные шторы в коробе и с направляющими ркн-6385.
Монтаж возможен со сверлением и без сверления.

#Саратов",https://www.avito.ru/saratov/remont_i_stroitelstvo/rulonnye_shtory_v_korobe_i_s_napravlyayuschimi_rkn-6385_3911342238,Саратов,Приволжский район,,old,https://downloader.disk.yandex.ru/disk/651f26e123e19cefcd670d721c6fe1236715e23806944a1a7a05a4f18b27c545/6a04b9a0/VFMkxLrTsaxwuukpC-RIRHL7usZsMqSWXUWCgN3OjZQy4RnMn51TKJXzk8gQotCrtaJYhEyQwdzv3we_gLEPhQ%3D%3D?uid=0&filename=007_IMG_20260512_100308.png&disposition=attachment&hash=&limit=0&content_type=image%2Fpng&owner_uid=0&fsize=1585292&hid=8dc1491097b345b9eaed964502796bfc&media_type=image&tknv=v3&etag=27a7441464ed6ed812bc54a90912107c,https://downloader.disk.yandex.ru/disk/6dd50a2f8979b102372d97a06bf799c6b389431de6356c0acfbce7b20bc11750/6a04b9a0/VFMkxLrTsaxwuukpC-RIRLvJd4dSs7YFtsj6XJqqRhAIKJpk-hUv4AB3ykgPgk6EEw6aCR3cG_QTjuu-gpkUEw%3D%3D?uid=0&filename=023_IMG_20260512_100640.png&disposition=attachment&hash=&limit=0&content_type=image%2Fpng&owner_uid=0&fsize=1111553&hid=8d4f1672f9d60348be7d9cc999da1539&media_type=image&tknv=v3&etag=d6be516586e423cc4d27e16e5bb2d0fe,https://downloader.disk.yandex.ru/disk/7951c5f42e0d8af52aadccfed70245a77f68d1b66040324a209326e6cc1e2e7d/6a04b9a0/VFMkxLrTsaxwuukpC-RIRNwjhLVSKTFrj1SZPfTmr7-PY4BGm_CvjM1XJVMP3K0zg4w7OD11ztjzkK2mZMB-jw%3D%3D?uid=0&filename=006_IMG_20260512_100300.png&disposition=attachment&hash=&limit=0&content_type=image%2Fpng&owner_uid=0&fsize=2152909&hid=bfc077476619b81a4bd3022f0ec51868&media_type=image&tknv=v3&etag=340d1a4ca0f615d65bc51dd1af6c0ce2,/Users/aleksandrsolovev/Desktop/avito_autoload_fixed/avito_autoload/2_фото/рулонные_шторы/рулонные_шторы_объявления_6500.csv
avito-рулонные-шторы-3911103849-2,3911103849,2,рулонные_шторы,Ремонт и строительство,Рулонные шторы в коробе и с направляющими ркн-3448 Саратов по размеру окна,300,"Саратовская обл., Саратов, Октябрьский район","Хотите шторы, которые точно подойдут к окну? Рулонные в Саратов под заказ. День-ночь: полосатое полотно позволяет выбирать свет от яркого до полной темноты. Блэкаут: спать днём — легко, детская затемняется полностью. Полупрозрачные: уют без потери света. Способ крепления на ваш выбор: в проём, на раму, потолок, стену. Без сверления — на зажимах под ПВХ. Начальная цена 300 руб., финальная — после замера. Замер, изготовление, установка. Гарантия на механизм. Товар: Рулонные шторы в коробе и с направляющими ркн-3448.
Подберём ткань, оттенок и тип крепления под ваш интерьер.
Работаем по адресу: Саратов, Октябрьский район.
Позиция в каталоге: Рулонные шторы в коробе и с направляющими ркн-3448.
Есть ткани блэкаут, день-ночь и полупрозрачные.

#Саратов",https://www.avito.ru/voronezh/remont_i_stroitelstvo/rulonnye_shtory_v_korobe_i_s_napravlyayuschimi_rkn-3448_3911103849,Саратов,Октябрьский район,,old,https://downloader.disk.yandex.ru/disk/6dd50a2f8979b102372d97a06bf799c6b389431de6356c0acfbce7b20bc11750/6a04b9a0/VFMkxLrTsaxwuukpC-RIRLvJd4dSs7YFtsj6XJqqRhAIKJpk-hUv4AB3ykgPgk6EEw6aCR3cG_QTjuu-gpkUEw%3D%3D?uid=0&filename=023_IMG_20260512_100640.png&disposition=attachment&hash=&limit=0&content_type=image%2Fpng&owner_uid=0&fsize=1111553&hid=8d4f1672f9d60348be7d9cc999da1539&media_type=image&tknv=v3&etag=d6be516586e423cc4d27e16e5bb2d0fe,https://downloader.disk.yandex.ru/disk/7951c5f42e0d8af52aadccfed70245a77f68d1b66040324a209326e6cc1e2e7d/6a04b9a0/VFMkxLrTsaxwuukpC-RIRNwjhLVSKTFrj1SZPfTmr7-PY4BGm_CvjM1XJVMP3K0zg4w7OD11ztjzkK2mZMB-jw%3D%3D?uid=0&filename=006_IMG_20260512_100300.png&disposition=attachment&hash=&limit=0&content_type=image%2Fpng&owner_uid=0&fsize=2152909&hid=bfc077476619b81a4bd3022f0ec51868&media_type=image&tknv=v3&etag=340d1a4ca0f615d65bc51dd1af6c0ce2,https://downloader.disk.yandex.ru/disk/7b33e2b1c46a377860b630fe009b9bf03121fb122431e69094cee58db489894d/6a04b9a0/VFMkxLrTsaxwuukpC-RIRIEl3agiYP30mhH5MvqpjraAO9lAIz8RD247zJTEhI2mVqEQHXO1dZuDzrS93cL3nQ%3D%3D?uid=0&filename=008_IMG_20260512_100315.png&disposition=attachment&hash=&limit=0&content_type=image%2Fpng&owner_uid=0&fsize=1061839&hid=827ca16e3727983d51347889f788e1d7&media_type=image&tknv=v3&etag=62b94afdd24b6e5afe317e7800d4f811,/Users/aleksandrsolovev/Desktop/avito_autoload_fixed/avito_autoload/2_фото/рулонные_шторы/рулонные_шторы_объявления_6500.csv
avito-рулонные-шторы-3911342238-3,3911342238,3,рулонные_шторы,Ремонт и строительство,Рулонные шторы в коробе и с направляющими ркн-6385 Шурова Гора с установкой,300,"Саратовская обл., Саратов, Шурова Гора","Рулонные шторы в коробе и с направляющими ркн-6385 в Саратов. Изготавливаем рулонные шторы под точный размер — никаких щелей по бокам. Материалы: блэкаут, день-ночь, полупрозрачные, влагостойкие. На ПВХ профиль — без сверления. На стену или потолок — при желании. Управление цепочкой или пружинный pull&release. Более 100 вариантов цвета. Привезём образцы. Начальная цена 300 руб., финальная — после замера. Замер бесплатно. Крепление в цене. Гарантия на механизм. Товар: Рулонные шторы в коробе и с направляющими ркн-6385.
Изготавливаем шторы точно под размер створки или проёма.
Работаем по адресу: Саратов, Шурова Гора.
Позиция в каталоге: Рулонные шторы в коробе и с направляющими ркн-6385.
Монтаж возможен со сверлением и без сверления.

#Саратов",https://www.avito.ru/saratov/remont_i_stroitelstvo/rulonnye_shtory_v_korobe_i_s_napravlyayuschimi_rkn-6385_3911342238,Саратов,Шурова Гора,,old,https://downloader.disk.yandex.ru/disk/7951c5f42e0d8af52aadccfed70245a77f68d1b66040324a209326e6cc1e2e7d/6a04b9a0/VFMkxLrTsaxwuukpC-RIRNwjhLVSKTFrj1SZPfTmr7-PY4BGm_CvjM1XJVMP3K0zg4w7OD11ztjzkK2mZMB-jw%3D%3D?uid=0&filename=006_IMG_20260512_100300.png&disposition=attachment&hash=&limit=0&content_type=image%2Fpng&owner_uid=0&fsize=2152909&hid=bfc077476619b81a4bd3022f0ec51868&media_type=image&tknv=v3&etag=340d1a4ca0f615d65bc51dd1af6c0ce2,https://downloader.disk.yandex.ru/disk/7b33e2b1c46a377860b630fe009b9bf03121fb122431e69094cee58db489894d/6a04b9a0/VFMkxLrTsaxwuukpC-RIRIEl3agiYP30mhH5MvqpjraAO9lAIz8RD247zJTEhI2mVqEQHXO1dZuDzrS93cL3nQ%3D%3D?uid=0&filename=008_IMG_20260512_100315.png&disposition=attachment&hash=&limit=0&content_type=image%2Fpng&owner_uid=0&fsize=1061839&hid=827ca16e3727983d51347889f788e1d7&media_type=image&tknv=v3&etag=62b94afdd24b6e5afe317e7800d4f811,https://downloader.disk.yandex.ru/disk/7df94bef5db6cbdb462340f36e39e768d6f3b8fa3ff27379825f5b1883cc13de/6a04b9a0/VFMkxLrTsaxwuukpC-RIROixxOvjPubTzxABDhjmf9Xh_SpUTf1QLtNRC28PoI7l1zvkn7xLoV8hOJLm2zPpDQ%3D%3D?uid=0&filename=035_IMG_20260512_100825.png&disposition=attachment&hash=&limit=0&content_type=image%2Fpng&owner_uid=0&fsize=1880516&hid=b98295164a84d338a8d1ae2a88072c8d&media_type=image&tknv=v3&etag=c2eee708182b00afbc10a025bef1f40b,/Users/aleksandrsolovev/Desktop/avito_autoload_fixed/avito_autoload/2_фото/рулонные_шторы/рулонные_шторы_объявления_6500.csv
avito-рулонные-шторы-3911473494-1,3911473494,1,рулонные_шторы,Ремонт и строительство,Рулонные шторы в коробе и с направляющими ркн-2436 по размеру окна,300,"Саратовская обл., Саратов, Октябрьский район","Рулонные шторы на заказ в Саратов — замер, изготовление, установка. Виды: день-ночь (зебра), блэкаут (полное затемнение), полупрозрачные, влагостойкие для кухни. Крепление на раму, в проём, на потолок или стену. Управление: цепочка, пружинный механизм или электропривод. Более 100 расцветок и фактур. Изготовление точно под размер вашего окна. От 300 рублей — зависит от размера и комплектации. Замер и установка включены. Договор, гарантия на механизм. Товар: Рулонные шторы в коробе и с направляющими ркн-2436.
Подберём ткань, оттенок и тип крепления под ваш интерьер.
Работаем по адресу: Саратов, Октябрьский район.
Позиция в каталоге: Рулонные шторы в коробе и с направляющими ркн-2436.
Монтаж возможен со сверлением и без сверления.

#Саратов",https://www.avito.ru/voronezh/remont_i_stroitelstvo/rulonnye_shtory_v_korobe_i_s_napravlyayuschimi_rkn-2436_3911473494,Саратов,Октябрьский район,,old,https://downloader.disk.yandex.ru/disk/7b33e2b1c46a377860b630fe009b9bf03121fb122431e69094cee58db489894d/6a04b9a0/VFMkxLrTsaxwuukpC-RIRIEl3agiYP30mhH5MvqpjraAO9lAIz8RD247zJTEhI2mVqEQHXO1dZuDzrS93cL3nQ%3D%3D?uid=0&filename=008_IMG_20260512_100315.png&disposition=attachment&hash=&limit=0&content_type=image%2Fpng&owner_uid=0&fsize=1061839&hid=827ca16e3727983d51347889f788e1d7&media_type=image&tknv=v3&etag=62b94afdd24b6e5afe317e7800d4f811,https://downloader.disk.yandex.ru/disk/7df94bef5db6cbdb462340f36e39e768d6f3b8fa3ff27379825f5b1883cc13de/6a04b9a0/VFMkxLrTsaxwuukpC-RIROixxOvjPubTzxABDhjmf9Xh_SpUTf1QLtNRC28PoI7l1zvkn7xLoV8hOJLm2zPpDQ%3D%3D?uid=0&filename=035_IMG_20260512_100825.png&disposition=attachment&hash=&limit=0&content_type=image%2Fpng&owner_uid=0&fsize=1880516&hid=b98295164a84d338a8d1ae2a88072c8d&media_type=image&tknv=v3&etag=c2eee708182b00afbc10a025bef1f40b,https://downloader.disk.yandex.ru/disk/7ea95cab2c555c922d7fa106147bfe9cece224c1694df6123b055b8f8d28d445/6a04b9a0/VFMkxLrTsaxwuukpC-RIRJqWjjILm2Dv2Fb8KduqeWg0nTYtbHaKpSdYly6DqODECveReQzGtMXJaad71DqlfQ%3D%3D?uid=0&filename=003_IMG_20260512_100227.png&disposition=attachment&hash=&limit=0&content_type=image%2Fpng&owner_uid=0&fsize=1878494&hid=9c3bf428822604ce24dff19dec38d558&media_type=image&tknv=v3&etag=200c241c5a708cca3dd7de04589dee96,/Users/aleksandrsolovev/Desktop/avito_autoload_fixed/avito_autoload/2_фото/рулонные_шторы/рулонные_шторы_объявления_6500.csv
avito-рулонные-шторы-3911520558-2,3911520558,2,рулонные_шторы,Ремонт и строительство,Рулонные шторы в коробе и с направляющими ркн-1736 Саратов на заказ,300,"Саратовская обл., Саратов, Центральный район","Рулонные шторы в коробе и с направляющими ркн-1736 в Саратов. Изготавливаем рулонные шторы под точный размер — никаких щелей по бокам. Материалы: блэкаут, день-ночь, полупрозрачные, влагостойкие. На ПВХ профиль — без сверления. На стену или потолок — при желании. Управление цепочкой или пружинный pull&release. Более 100 вариантов цвета. Привезём образцы. От 300 руб. — точная цена после замера. Замер бесплатно. Крепление в цене. Гарантия на механизм. Товар: Рулонные шторы в коробе и с направляющими ркн-1736.
Есть решения для спальни, кухни, офиса и балкона.
Работаем по адресу: Саратов, Центральный район.
Позиция в каталоге: Рулонные шторы в коробе и с направляющими ркн-1736.
Монтаж возможен со сверлением и без сверления.

#Саратов",https://www.avito.ru/marks/remont_i_stroitelstvo/rulonnye_shtory_v_korobe_i_s_napravlyayuschimi_rkn-1736_3911520558,Саратов,Центральный район,,old,https://downloader.disk.yandex.ru/disk/7df94bef5db6cbdb462340f36e39e768d6f3b8fa3ff27379825f5b1883cc13de/6a04b9a0/VFMkxLrTsaxwuukpC-RIROixxOvjPubTzxABDhjmf9Xh_SpUTf1QLtNRC28PoI7l1zvkn7xLoV8hOJLm2zPpDQ%3D%3D?uid=0&filename=035_IMG_20260512_100825.png&disposition=attachment&hash=&limit=0&content_type=image%2Fpng&owner_uid=0&fsize=1880516&hid=b98295164a84d338a8d1ae2a88072c8d&media_type=image&tknv=v3&etag=c2eee708182b00afbc10a025bef1f40b,https://downloader.disk.yandex.ru/disk/7ea95cab2c555c922d7fa106147bfe9cece224c1694df6123b055b8f8d28d445/6a04b9a0/VFMkxLrTsaxwuukpC-RIRJqWjjILm2Dv2Fb8KduqeWg0nTYtbHaKpSdYly6DqODECveReQzGtMXJaad71DqlfQ%3D%3D?uid=0&filename=003_IMG_20260512_100227.png&disposition=attachment&hash=&limit=0&content_type=image%2Fpng&owner_uid=0&fsize=1878494&hid=9c3bf428822604ce24dff19dec38d558&media_type=image&tknv=v3&etag=200c241c5a708cca3dd7de04589dee96,https://downloader.disk.yandex.ru/disk/807e63e083ee4ffc5046a3bf2be9bd2d5cdbb21aebe80fe19e484225a2719b6f/6a04b9a0/VFMkxLrTsaxwuukpC-RIRPAH_subOa3Eg09FvqEYhDsUPQck0Ccldl4SpOVJLr8l9fpiKJta08N6whD6IjBl4Q%3D%3D?uid=0&filename=041_IMG_20260512_100920.png&disposition=attachment&hash=&limit=0&content_type=image%2Fpng&owner_uid=0&fsize=2339232&hid=407bce08ba004830bfd7335d5c879143&media_type=image&tknv=v3&etag=f5c1175880eeb813ecd28e8bcf34700b,/Users/aleksandrsolovev/Desktop/avito_autoload_fixed/avito_autoload/2_фото/рулонные_шторы/рулонные_шторы_объявления_6500.csv
avito-рулонные-шторы-3911520558-3,3911520558,3,рулонные_шторы,Ремонт и строительство,Рулонные шторы в коробе и с направляющими ркн-1736 Северный микрорайон с установкой,300,"Саратовская обл., Саратов, Северный микрорайон","Рулонные шторы в коробе и с направляющими ркн-1736 в Саратов. Изготавливаем рулонные шторы под точный размер — никаких щелей по бокам. Материалы: блэкаут, день-ночь, полупрозрачные, влагостойкие. На ПВХ профиль — без сверления. На стену или потолок — при желании. Управление цепочкой или пружинный pull&release. Более 100 вариантов цвета. Привезём образцы. От 300 руб. — точная цена после замера. Замер бесплатно. Крепление в цене. Гарантия на механизм. Товар: Рулонные шторы в коробе и с направляющими ркн-1736.
Изготавливаем шторы точно под размер створки или проёма.
Работаем по адресу: Саратов, Северный микрорайон.
Позиция в каталоге: Рулонные шторы в коробе и с направляющими ркн-1736.
Монтаж возможен со сверлением и без сверления.

#Саратов",https://www.avito.ru/marks/remont_i_stroitelstvo/rulonnye_shtory_v_korobe_i_s_napravlyayuschimi_rkn-1736_3911520558,Саратов,Северный микрорайон,,old,https://downloader.disk.yandex.ru/disk/7ea95cab2c555c922d7fa106147bfe9cece224c1694df6123b055b8f8d28d445/6a04b9a0/VFMkxLrTsaxwuukpC-RIRJqWjjILm2Dv2Fb8KduqeWg0nTYtbHaKpSdYly6DqODECveReQzGtMXJaad71DqlfQ%3D%3D?uid=0&filename=003_IMG_20260512_100227.png&disposition=attachment&hash=&limit=0&content_type=image%2Fpng&owner_uid=0&fsize=1878494&hid=9c3bf428822604ce24dff19dec38d558&media_type=image&tknv=v3&etag=200c241c5a708cca3dd7de04589dee96,https://downloader.disk.yandex.ru/disk/807e63e083ee4ffc5046a3bf2be9bd2d5cdbb21aebe80fe19e484225a2719b6f/6a04b9a0/VFMkxLrTsaxwuukpC-RIRPAH_subOa3Eg09FvqEYhDsUPQck0Ccldl4SpOVJLr8l9fpiKJta08N6whD6IjBl4Q%3D%3D?uid=0&filename=041_IMG_20260512_100920.png&disposition=attachment&hash=&limit=0&content_type=image%2Fpng&owner_uid=0&fsize=2339232&hid=407bce08ba004830bfd7335d5c879143&media_type=image&tknv=v3&etag=f5c1175880eeb813ecd28e8bcf34700b,https://downloader.disk.yandex.ru/disk/8787a00403ae1ac0b5fa6d40693c7974cdf2d1583d3fbf3ff95ef0fd55ed16c9/6a04b9a0/VFMkxLrTsaxwuukpC-RIRO4ST-RxOdvvI5feJz1g6loBZueV0OJkcTgMzkGOEAo8T9I0GRWs3nHM_jWwX1HeAA%3D%3D?uid=0&filename=061_IMG_20260512_101258.png&disposition=attachment&hash=&limit=0&content_type=image%2Fpng&owner_uid=0&fsize=2561844&hid=a390d9cc8b9e71a36a1cf7ce63faa5b0&media_type=image&tknv=v3&etag=1a42651320454729bd8285622cc5b47f,/Users/aleksandrsolovev/Desktop/avito_autoload_fixed/avito_autoload/2_фото/рулонные_шторы/рулонные_шторы_объявления_6500.csv
avito-рулонные-шторы-3911145092-1,3911145092,1,рулонные_шторы,Ремонт и строительство,Рулонные шторы в коробе и с направляющими ркн-9208 день-ночь,300,"Саратовская обл., Саратов, Центральный район","Рулонные шторы в коробе и с направляющими ркн-9208 в Саратов. Изготавливаем рулонные шторы под точный размер — никаких щелей по бокам. Материалы: блэкаут, день-ночь, полупрозрачные, влагостойкие. На ПВХ профиль — без сверления. На стену или потолок — при желании. Управление цепочкой или пружинный pull&release. Более 100 вариантов цвета. Привезём образцы. Цена указана от 300 руб., уточняйте под ваш размер. Замер бесплатно. Крепление в цене. Гарантия на механизм. Товар: Рулонные шторы в коробе и с направляющими ркн-9208.
Подберём ткань, оттенок и тип крепления под ваш интерьер.
Работаем по адресу: Саратов, Центральный район.
Позиция в каталоге: Рулонные шторы в коробе и с направляющими ркн-9208.
Монтаж возможен со сверлением и без сверления.

#Саратов",https://www.avito.ru/saratov/remont_i_stroitelstvo/rulonnye_shtory_v_korobe_i_s_napravlyayuschimi_rkn-9208_3911145092,Саратов,Центральный район,,old,https://downloader.disk.yandex.ru/disk/807e63e083ee4ffc5046a3bf2be9bd2d5cdbb21aebe80fe19e484225a2719b6f/6a04b9a0/VFMkxLrTsaxwuukpC-RIRPAH_subOa3Eg09FvqEYhDsUPQck0Ccldl4SpOVJLr8l9fpiKJta08N6whD6IjBl4Q%3D%3D?uid=0&filename=041_IMG_20260512_100920.png&disposition=attachment&hash=&limit=0&content_type=image%2Fpng&owner_uid=0&fsize=2339232&hid=407bce08ba004830bfd7335d5c879143&media_type=image&tknv=v3&etag=f5c1175880eeb813ecd28e8bcf34700b,https://downloader.disk.yandex.ru/disk/8787a00403ae1ac0b5fa6d40693c7974cdf2d1583d3fbf3ff95ef0fd55ed16c9/6a04b9a0/VFMkxLrTsaxwuukpC-RIRO4ST-RxOdvvI5feJz1g6loBZueV0OJkcTgMzkGOEAo8T9I0GRWs3nHM_jWwX1HeAA%3D%3D?uid=0&filename=061_IMG_20260512_101258.png&disposition=attachment&hash=&limit=0&content_type=image%2Fpng&owner_uid=0&fsize=2561844&hid=a390d9cc8b9e71a36a1cf7ce63faa5b0&media_type=image&tknv=v3&etag=1a42651320454729bd8285622cc5b47f,https://downloader.disk.yandex.ru/disk/88fdf384e0906eed794474d8a32e1bbf838e7e4288e0a664ec680106874ff1de/6a04b9a0/VFMkxLrTsaxwuukpC-RIROqMiE9IH1BlkpED9s7nhy2DnMFvkIc_akfcRmiuVzfxByiE5D2xnOMf1njKHBHyEA%3D%3D?uid=0&filename=053_IMG_20260512_101138.png&disposition=attachment&hash=&limit=0&content_type=image%2Fpng&owner_uid=0&fsize=2213302&hid=923a00416909472f16c144db44563d12&media_type=image&tknv=v3&etag=6f19ec17b92c76e130ffaa98b168d35d,/Users/aleksandrsolovev/Desktop/avito_autoload_fixed/avito_autoload/2_фото/рулонные_шторы/рулонные_шторы_объявления_6500.csv
avito-рулонные-шторы-3911145092-2,3911145092,2,рулонные_шторы,Ремонт и строительство,Рулонные шторы в коробе и с направляющими ркн-9208 Саратов на заказ,300,"Саратовская обл., Саратов, Северный микрорайон","Рулонные шторы в коробе и с направляющими ркн-9208 в Саратов. Изготавливаем рулонные шторы под точный размер — никаких щелей по бокам. Материалы: блэкаут, день-ночь, полупрозрачные, влагостойкие. На ПВХ профиль — без сверления. На стену или потолок — при желании. Управление цепочкой или пружинный pull&release. Более 100 вариантов цвета. Привезём образцы. Цена указана от 300 руб., уточняйте под ваш размер. Замер бесплатно. Крепление в цене. Гарантия на механизм. Товар: Рулонные шторы в коробе и с направляющими ркн-9208.
Есть решения для спальни, кухни, офиса и балкона.
Работаем по адресу: Саратов, Северный микрорайон.
Позиция в каталоге: Рулонные шторы в коробе и с направляющими ркн-9208.
Монтаж возможен со сверлением и без сверления.

#Саратов",https://www.avito.ru/saratov/remont_i_stroitelstvo/rulonnye_shtory_v_korobe_i_s_napravlyayuschimi_rkn-9208_3911145092,Саратов,Северный микрорайон,,old,https://downloader.disk.yandex.ru/disk/8787a00403ae1ac0b5fa6d40693c7974cdf2d1583d3fbf3ff95ef0fd55ed16c9/6a04b9a0/VFMkxLrTsaxwuukpC-RIRO4ST-RxOdvvI5feJz1g6loBZueV0OJkcTgMzkGOEAo8T9I0GRWs3nHM_jWwX1HeAA%3D%3D?uid=0&filename=061_IMG_20260512_101258.png&disposition=attachment&hash=&limit=0&content_type=image%2Fpng&owner_uid=0&fsize=2561844&hid=a390d9cc8b9e71a36a1cf7ce63faa5b0&media_type=image&tknv=v3&etag=1a42651320454729bd8285622cc5b47f,https://downloader.disk.yandex.ru/disk/88fdf384e0906eed794474d8a32e1bbf838e7e4288e0a664ec680106874ff1de/6a04b9a0/VFMkxLrTsaxwuukpC-RIROqMiE9IH1BlkpED9s7nhy2DnMFvkIc_akfcRmiuVzfxByiE5D2xnOMf1njKHBHyEA%3D%3D?uid=0&filename=053_IMG_20260512_101138.png&disposition=attachment&hash=&limit=0&content_type=image%2Fpng&owner_uid=0&fsize=2213302&hid=923a00416909472f16c144db44563d12&media_type=image&tknv=v3&etag=6f19ec17b92c76e130ffaa98b168d35d,https://downloader.disk.yandex.ru/disk/896b19088f81541f451c7e86143cbde154d1c604d3ef2c723239236b1170b8e6/6a04b9a0/VFMkxLrTsaxwuukpC-RIRCoS2nC6sOFzaSbK4D3gmvMrh1ic0OOLdUiCI_fCAvup132ghCe73DJMnZm8ivSQGw%3D%3D?uid=0&filename=026_IMG_20260512_100705.png&disposition=attachment&hash=&limit=0&content_type=image%2Fpng&owner_uid=0&fsize=860764&hid=c47171ad6cd7dd40ac1dd513afde834a&media_type=image&tknv=v3&etag=04a2e9b5787a4cf6006e46b49a06b79e,/Users/aleksandrsolovev/Desktop/avito_autoload_fixed/avito_autoload/2_фото/рулонные_шторы/рулонные_шторы_объявления_6500.csv
avito-рулонные-шторы-3911145092-3,3911145092,3,рулонные_шторы,Ремонт и строительство,Рулонные шторы в коробе и с направляющими ркн-9208 Южный микрорайон с установкой,300,"Саратовская обл., Саратов, Южный микрорайон","Рулонные шторы в коробе и с направляющими ркн-9208 в Саратов. Изготавливаем рулонные шторы под точный размер — никаких щелей по бокам. Материалы: блэкаут, день-ночь, полупрозрачные, влагостойкие. На ПВХ профиль — без сверления. На стену или потолок — при желании. Управление цепочкой или пружинный pull&release. Более 100 вариантов цвета. Привезём образцы. Цена указана от 300 руб., уточняйте под ваш размер. Замер бесплатно. Крепление в цене. Гарантия на механизм. Товар: Рулонные шторы в коробе и с направляющими ркн-9208.
Изготавливаем шторы точно под размер створки или проёма.
Работаем по адресу: Саратов, Южный микрорайон.
Позиция в каталоге: Рулонные шторы в коробе и с направляющими ркн-9208.
Монтаж возможен со сверлением и без сверления.

#Саратов",https://www.avito.ru/saratov/remont_i_stroitelstvo/rulonnye_shtory_v_korobe_i_s_napravlyayuschimi_rkn-9208_3911145092,Саратов,Южный микрорайон,,old,https://downloader.disk.yandex.ru/disk/88fdf384e0906eed794474d8a32e1bbf838e7e4288e0a664ec680106874ff1de/6a04b9a0/VFMkxLrTsaxwuukpC-RIROqMiE9IH1BlkpED9s7nhy2DnMFvkIc_akfcRmiuVzfxByiE5D2xnOMf1njKHBHyEA%3D%3D?uid=0&filename=053_IMG_20260512_101138.png&disposition=attachment&hash=&limit=0&content_type=image%2Fpng&owner_uid=0&fsize=2213302&hid=923a00416909472f16c144db44563d12&media_type=image&tknv=v3&etag=6f19ec17b92c76e130ffaa98b168d35d,https://downloader.disk.yandex.ru/disk/896b19088f81541f451c7e86143cbde154d1c604d3ef2c723239236b1170b8e6/6a04b9a0/VFMkxLrTsaxwuukpC-RIRCoS2nC6sOFzaSbK4D3gmvMrh1ic0OOLdUiCI_fCAvup132ghCe73DJMnZm8ivSQGw%3D%3D?uid=0&filename=026_IMG_20260512_100705.png&disposition=attachment&hash=&limit=0&content_type=image%2Fpng&owner_uid=0&fsize=860764&hid=c47171ad6cd7dd40ac1dd513afde834a&media_type=image&tknv=v3&etag=04a2e9b5787a4cf6006e46b49a06b79e,https://downloader.disk.yandex.ru/disk/8a62987d6aa5a88bf5f4a202b3f7a412e5e6717f7cc9d3bde3f7a2fc03be815a/6a04b9a0/VFMkxLrTsaxwuukpC-RIRNzi6pzVRnwkkjJrxu1p3Gq4AdEHQhjRNOYIZivO3IR1EJHuHWJY3J8ogWwcKk_xSg%3D%3D?uid=0&filename=027_IMG_20260512_100712.png&disposition=attachment&hash=&limit=0&content_type=image%2Fpng&owner_uid=0&fsize=1028014&hid=e643c42c66e832e3be36bd01abf56b0d&media_type=image&tknv=v3&etag=8cb960142d775e8a3d1cfd7879516a5f,/Users/aleksandrsolovev/Desktop/avito_autoload_fixed/avito_autoload/2_фото/рулонные_шторы/рулонные_шторы_объявления_6500.csv
avito-рулонные-шторы-3910979744-1,3910979744,1,рулонные_шторы,Ремонт и строительство,Рулонные шторы в коробе и с направляющими ркн-9121 блэкаут,300,"Саратовская обл., Саратов, Приволжский район","Хотите шторы, которые точно подойдут к окну? Рулонные в Саратов под заказ. День-ночь: полосатое полотно позволяет выбирать свет от яркого до полной темноты. Блэкаут: спать днём — легко, детская затемняется полностью. Полупрозрачные: уют без потери света. Способ крепления на ваш выбор: в проём, на раму, потолок, стену. Без сверления — на зажимах под ПВХ. Начальная цена 300 руб., финальная — после замера. Замер, изготовление, установка. Гарантия на механизм. Товар: Рулонные шторы в коробе и с направляющими ркн-9121.
Изготавливаем шторы точно под размер створки или проёма.
Работаем по адресу: Саратов, Приволжский район.
Позиция в каталоге: Рулонные шторы в коробе и с направляющими ркн-9121.
Есть ткани блэкаут, день-ночь и полупрозрачные.

#Саратов",https://www.avito.ru/saratov/remont_i_stroitelstvo/rulonnye_shtory_v_korobe_i_s_napravlyayuschimi_rkn-9121_3910979744,Саратов,Приволжский район,,old,https://downloader.disk.yandex.ru/disk/896b19088f81541f451c7e86143cbde154d1c604d3ef2c723239236b1170b8e6/6a04b9a0/VFMkxLrTsaxwuukpC-RIRCoS2nC6sOFzaSbK4D3gmvMrh1ic0OOLdUiCI_fCAvup132ghCe73DJMnZm8ivSQGw%3D%3D?uid=0&filename=026_IMG_20260512_100705.png&disposition=attachment&hash=&limit=0&content_type=image%2Fpng&owner_uid=0&fsize=860764&hid=c47171ad6cd7dd40ac1dd513afde834a&media_type=image&tknv=v3&etag=04a2e9b5787a4cf6006e46b49a06b79e,https://downloader.disk.yandex.ru/disk/8a62987d6aa5a88bf5f4a202b3f7a412e5e6717f7cc9d3bde3f7a2fc03be815a/6a04b9a0/VFMkxLrTsaxwuukpC-RIRNzi6pzVRnwkkjJrxu1p3Gq4AdEHQhjRNOYIZivO3IR1EJHuHWJY3J8ogWwcKk_xSg%3D%3D?uid=0&filename=027_IMG_20260512_100712.png&disposition=attachment&hash=&limit=0&content_type=image%2Fpng&owner_uid=0&fsize=1028014&hid=e643c42c66e832e3be36bd01abf56b0d&media_type=image&tknv=v3&etag=8cb960142d775e8a3d1cfd7879516a5f,https://downloader.disk.yandex.ru/disk/91cec0d2cbdc356b2e4f4052e9009a83f781e7b689b416635c5af3607d2d272a/6a04b9a0/VFMkxLrTsaxwuukpC-RIRDoPHybWko99crJBqBzgPJ4ZCzte3D8vbVMvajC1lgqarwD8wLvmfRndWYZ9Sn-5Qg%3D%3D?uid=0&filename=046_IMG_20260512_101024.png&disposition=attachment&hash=&limit=0&content_type=image%2Fpng&owner_uid=0&fsize=3037710&hid=a03524d9bdaa375046b9bfe5a58acefb&media_type=image&tknv=v3&etag=7277c762386b2e635af1ae8e3a65ab87,/Users/aleksandrsolovev/Desktop/avito_autoload_fixed/avito_autoload/2_фото/рулонные_шторы/рулонные_шторы_объявления_6500.csv
avito-рулонные-шторы-3910979744-2,3910979744,2,рулонные_шторы,Ремонт и строительство,Рулонные шторы в коробе и с направляющими ркн-9121 Саратов по размеру окна,300,"Саратовская обл., Саратов, Мелиорация","Хотите шторы, которые точно подойдут к окну? Рулонные в Саратов под заказ. День-ночь: полосатое полотно позволяет выбирать свет от яркого до полной темноты. Блэкаут: спать днём — легко, детская затемняется полностью. Полупрозрачные: уют без потери света. Способ крепления на ваш выбор: в проём, на раму, потолок, стену. Без сверления — на зажимах под ПВХ. Начальная цена 300 руб., финальная — после замера. Замер, изготовление, установка. Гарантия на механизм. Товар: Рулонные шторы в коробе и с направляющими ркн-9121.
Подберём ткань, оттенок и тип крепления под ваш интерьер.
Работаем по адресу: Саратов, Мелиорация.
Позиция в каталоге: Рулонные шторы в коробе и с направляющими ркн-9121.
Есть ткани блэкаут, день-ночь и полупрозрачные.

#Саратов",https://www.avito.ru/saratov/remont_i_stroitelstvo/rulonnye_shtory_v_korobe_i_s_napravlyayuschimi_rkn-9121_3910979744,Саратов,Мелиорация,,old,https://downloader.disk.yandex.ru/disk/8a62987d6aa5a88bf5f4a202b3f7a412e5e6717f7cc9d3bde3f7a2fc03be815a/6a04b9a0/VFMkxLrTsaxwuukpC-RIRNzi6pzVRnwkkjJrxu1p3Gq4AdEHQhjRNOYIZivO3IR1EJHuHWJY3J8ogWwcKk_xSg%3D%3D?uid=0&filename=027_IMG_20260512_100712.png&disposition=attachment&hash=&limit=0&content_type=image%2Fpng&owner_uid=0&fsize=1028014&hid=e643c42c66e832e3be36bd01abf56b0d&media_type=image&tknv=v3&etag=8cb960142d775e8a3d1cfd7879516a5f,https://downloader.disk.yandex.ru/disk/91cec0d2cbdc356b2e4f4052e9009a83f781e7b689b416635c5af3607d2d272a/6a04b9a0/VFMkxLrTsaxwuukpC-RIRDoPHybWko99crJBqBzgPJ4ZCzte3D8vbVMvajC1lgqarwD8wLvmfRndWYZ9Sn-5Qg%3D%3D?uid=0&filename=046_IMG_20260512_101024.png&disposition=attachment&hash=&limit=0&content_type=image%2Fpng&owner_uid=0&fsize=3037710&hid=a03524d9bdaa375046b9bfe5a58acefb&media_type=image&tknv=v3&etag=7277c762386b2e635af1ae8e3a65ab87,https://downloader.disk.yandex.ru/disk/91dbb9987fdd4501ea3c1d11d61fccd89581e06efb216d837f4d6d8fe5ef5e56/6a04b9a0/VFMkxLrTsaxwuukpC-RIRH26ZwqX3mFNQQcLds4dRNT2qwgdN5wTyhu27MlfQDZo2oxVrbHjEsZzCz_KNmlR2w%3D%3D?uid=0&filename=005_IMG_20260512_100250.png&disposition=attachment&hash=&limit=0&content_type=image%2Fpng&owner_uid=0&fsize=1154570&hid=9ebe846d5df264aae1a299dc15bd5555&media_type=image&tknv=v3&etag=40949eac2b134c69894028fb5fe5b56c,/Users/aleksandrsolovev/Desktop/avito_autoload_fixed/avito_autoload/2_фото/рулонные_шторы/рулонные_шторы_объявления_6500.csv
avito-рулонные-шторы-3910979744-3,3910979744,3,рулонные_шторы,Ремонт и строительство,Рулонные шторы в коробе и с направляющими ркн-9121 Шурова Гора день-ночь,300,"Саратовская обл., Саратов, Шурова Гора","Хотите шторы, которые точно подойдут к окну? Рулонные в Саратов под заказ. День-ночь: полосатое полотно позволяет выбирать свет от яркого до полной темноты. Блэкаут: спать днём — легко, детская затемняется полностью. Полупрозрачные: уют без потери света. Способ крепления на ваш выбор: в проём, на раму, потолок, стену. Без сверления — на зажимах под ПВХ. Начальная цена 300 руб., финальная — после замера. Замер, изготовление, установка. Гарантия на механизм. Товар: Рулонные шторы в коробе и с направляющими ркн-9121.
Есть решения для спальни, кухни, офиса и балкона.
Работаем по адресу: Саратов, Шурова Гора.
Позиция в каталоге: Рулонные шторы в коробе и с направляющими ркн-9121.
Есть ткани блэкаут, день-ночь и полупрозрачные.

#Саратов",https://www.avito.ru/saratov/remont_i_stroitelstvo/rulonnye_shtory_v_korobe_i_s_napravlyayuschimi_rkn-9121_3910979744,Саратов,Шурова Гора,,old,https://downloader.disk.yandex.ru/disk/91cec0d2cbdc356b2e4f4052e9009a83f781e7b689b416635c5af3607d2d272a/6a04b9a0/VFMkxLrTsaxwuukpC-RIRDoPHybWko99crJBqBzgPJ4ZCzte3D8vbVMvajC1lgqarwD8wLvmfRndWYZ9Sn-5Qg%3D%3D?uid=0&filename=046_IMG_20260512_101024.png&disposition=attachment&hash=&limit=0&content_type=image%2Fpng&owner_uid=0&fsize=3037710&hid=a03524d9bdaa375046b9bfe5a58acefb&media_type=image&tknv=v3&etag=7277c762386b2e635af1ae8e3a65ab87,https://downloader.disk.yandex.ru/disk/91dbb9987fdd4501ea3c1d11d61fccd89581e06efb216d837f4d6d8fe5ef5e56/6a04b9a0/VFMkxLrTsaxwuukpC-RIRH26ZwqX3mFNQQcLds4dRNT2qwgdN5wTyhu27MlfQDZo2oxVrbHjEsZzCz_KNmlR2w%3D%3D?uid=0&filename=005_IMG_20260512_100250.png&disposition=attachment&hash=&limit=0&content_type=image%2Fpng&owner_uid=0&fsize=1154570&hid=9ebe846d5df264aae1a299dc15bd5555&media_type=image&tknv=v3&etag=40949eac2b134c69894028fb5fe5b56c,https://downloader.disk.yandex.ru/disk/96bd7fc0696b6b1c89cbefdf07b85f5507c43803b88d6e903e276a40b2b8d06e/6a04b9a0/VFMkxLrTsaxwuukpC-RIRGXoX9RV807pnat6_qLA5Rnfa1q0dJ2-pDJ1N98S4Nfk-qP3uDYsbBefPk7hvL82Uw%3D%3D?uid=0&filename=051_IMG_20260512_101114.png&disposition=attachment&hash=&limit=0&content_type=image%2Fpng&owner_uid=0&fsize=1561016&hid=480b11deb8f715be3c8944daf11fb5a7&media_type=image&tknv=v3&etag=348eafafd300ffa9a7df9724387741a3,/Users/aleksandrsolovev/Desktop/avito_autoload_fixed/avito_autoload/2_фото/рулонные_шторы/рулонные_шторы_объявления_6500.csv
avito-рулонные-шторы-3911082250-1,3911082250,1,рулонные_шторы,Ремонт и строительство,Рулонные шторы в коробе и с направляющими CZ893 блэкаут,300,"Саратовская обл., Энгельс, Мелиорация","Хотите шторы, которые точно подойдут к окну? Рулонные в Энгельс под заказ. День-ночь: полосатое полотно позволяет выбирать свет от яркого до полной темноты. Блэкаут: спать днём — легко, детская затемняется полностью. Полупрозрачные: уют без потери света. Способ крепления на ваш выбор: в проём, на раму, потолок, стену. Без сверления — на зажимах под ПВХ. От 300 рублей — зависит от размера и комплектации. Замер, изготовление, установка. Гарантия на механизм. Товар: Рулонные шторы в коробе и с направляющими CZ893.
Изготавливаем шторы точно под размер створки или проёма.
Работаем по адресу: Энгельс, Мелиорация.
Позиция в каталоге: Рулонные шторы в коробе и с направляющими CZ893.
Есть ткани блэкаут, день-ночь и полупрозрачные.

#Энгельс",https://www.avito.ru/voronezh/remont_i_stroitelstvo/rulonnye_shtory_v_korobe_i_s_napravlyayuschimi_cz893_3911082250,Энгельс,Мелиорация,,old,https://downloader.disk.yandex.ru/disk/91dbb9987fdd4501ea3c1d11d61fccd89581e06efb216d837f4d6d8fe5ef5e56/6a04b9a0/VFMkxLrTsaxwuukpC-RIRH26ZwqX3mFNQQcLds4dRNT2qwgdN5wTyhu27MlfQDZo2oxVrbHjEsZzCz_KNmlR2w%3D%3D?uid=0&filename=005_IMG_20260512_100250.png&disposition=attachment&hash=&limit=0&content_type=image%2Fpng&owner_uid=0&fsize=1154570&hid=9ebe846d5df264aae1a299dc15bd5555&media_type=image&tknv=v3&etag=40949eac2b134c69894028fb5fe5b56c,https://downloader.disk.yandex.ru/disk/96bd7fc0696b6b1c89cbefdf07b85f5507c43803b88d6e903e276a40b2b8d06e/6a04b9a0/VFMkxLrTsaxwuukpC-RIRGXoX9RV807pnat6_qLA5Rnfa1q0dJ2-pDJ1N98S4Nfk-qP3uDYsbBefPk7hvL82Uw%3D%3D?uid=0&filename=051_IMG_20260512_101114.png&disposition=attachment&hash=&limit=0&content_type=image%2Fpng&owner_uid=0&fsize=1561016&hid=480b11deb8f715be3c8944daf11fb5a7&media_type=image&tknv=v3&etag=348eafafd300ffa9a7df9724387741a3,https://downloader.disk.yandex.ru/disk/99547e1601ebe3388519478f0c0b1a0b15a45c67f066ecda9c6376dc1cfc69b2/6a04b9a0/VFMkxLrTsaxwuukpC-RIREJYkxmqvr27EwuxCzOLMxCNRN1DFobUOpXEMypyHfQaWQAMi6Jlhgnj0VV5PbGzUA%3D%3D?uid=0&filename=002_IMG_20260512_100223.png&disposition=attachment&hash=&limit=0&content_type=image%2Fpng&owner_uid=0&fsize=701886&hid=5f9bf0d15344d8b8a3427b09dee9fc4c&media_type=image&tknv=v3&etag=edf40385e6dee1b058a6e8bd01343934,/Users/aleksandrsolovev/Desktop/avito_autoload_fixed/avito_autoload/2_фото/рулонные_шторы/рулонные_шторы_объявления_6500.csv
avito-рулонные-шторы-3911082250-2,3911082250,2,рулонные_шторы,Ремонт и строительство,Рулонные шторы в коробе и с направляющими CZ893 Энгельс по размеру окна,300,"Саратовская обл., Энгельс, Шурова Гора","Хотите шторы, которые точно подойдут к окну? Рулонные в Энгельс под заказ. День-ночь: полосатое полотно позволяет выбирать свет от яркого до полной темноты. Блэкаут: спать днём — легко, детская затемняется полностью. Полупрозрачные: уют без потери света. Способ крепления на ваш выбор: в проём, на раму, потолок, стену. Без сверления — на зажимах под ПВХ. От 300 рублей — зависит от размера и комплектации. Замер, изготовление, установка. Гарантия на механизм. Товар: Рулонные шторы в коробе и с направляющими CZ893.
Подберём ткань, оттенок и тип крепления под ваш интерьер.
Работаем по адресу: Энгельс, Шурова Гора.
Позиция в каталоге: Рулонные шторы в коробе и с направляющими CZ893.
Есть ткани блэкаут, день-ночь и полупрозрачные.

#Энгельс",https://www.avito.ru/voronezh/remont_i_stroitelstvo/rulonnye_shtory_v_korobe_i_s_napravlyayuschimi_cz893_3911082250,Энгельс,Шурова Гора,,old,https://downloader.disk.yandex.ru/disk/96bd7fc0696b6b1c89cbefdf07b85f5507c43803b88d6e903e276a40b2b8d06e/6a04b9a0/VFMkxLrTsaxwuukpC-RIRGXoX9RV807pnat6_qLA5Rnfa1q0dJ2-pDJ1N98S4Nfk-qP3uDYsbBefPk7hvL82Uw%3D%3D?uid=0&filename=051_IMG_20260512_101114.png&disposition=attachment&hash=&limit=0&content_type=image%2Fpng&owner_uid=0&fsize=1561016&hid=480b11deb8f715be3c8944daf11fb5a7&media_type=image&tknv=v3&etag=348eafafd300ffa9a7df9724387741a3,https://downloader.disk.yandex.ru/disk/99547e1601ebe3388519478f0c0b1a0b15a45c67f066ecda9c6376dc1cfc69b2/6a04b9a0/VFMkxLrTsaxwuukpC-RIREJYkxmqvr27EwuxCzOLMxCNRN1DFobUOpXEMypyHfQaWQAMi6Jlhgnj0VV5PbGzUA%3D%3D?uid=0&filename=002_IMG_20260512_100223.png&disposition=attachment&hash=&limit=0&content_type=image%2Fpng&owner_uid=0&fsize=701886&hid=5f9bf0d15344d8b8a3427b09dee9fc4c&media_type=image&tknv=v3&etag=edf40385e6dee1b058a6e8bd01343934,https://downloader.disk.yandex.ru/disk/99c1c8587dfbc62f7370bb79e3795849d26fc4170dd9b8682ed5c2e1730fb6c3/6a04b9a0/VFMkxLrTsaxwuukpC-RIRLoZPepgAFHkBNgnssmhfkfSYZfr9C4ug7cVGJ7-Blw3lf9uIfH-3WpVYd38frPIVQ%3D%3D?uid=0&filename=034_IMG_20260512_100816.png&disposition=attachment&hash=&limit=0&content_type=image%2Fpng&owner_uid=0&fsize=1231086&hid=a76a61a25ff849352bf773a980e73bd4&media_type=image&tknv=v3&etag=9b9b6a648f72e36c93737497b9f9e267,/Users/aleksandrsolovev/Desktop/avito_autoload_fixed/avito_autoload/2_фото/рулонные_шторы/рулонные_шторы_объявления_6500.csv
avito-рулонные-шторы-3911082250-3,3911082250,3,рулонные_шторы,Ремонт и строительство,Рулонные шторы в коробе и с направляющими CZ893 Анисовка день-ночь,300,"Саратовская обл., Энгельс, Анисовка","Хотите шторы, которые точно подойдут к окну? Рулонные в Энгельс под заказ. День-ночь: полосатое полотно позволяет выбирать свет от яркого до полной темноты. Блэкаут: спать днём — легко, детская затемняется полностью. Полупрозрачные: уют без потери света. Способ крепления на ваш выбор: в проём, на раму, потолок, стену. Без сверления — на зажимах под ПВХ. От 300 рублей — зависит от размера и комплектации. Замер, изготовление, установка. Гарантия на механизм. Товар: Рулонные шторы в коробе и с направляющими CZ893.
Есть решения для спальни, кухни, офиса и балкона.
Работаем по адресу: Энгельс, Анисовка.
Позиция в каталоге: Рулонные шторы в коробе и с направляющими CZ893.
Есть ткани блэкаут, день-ночь и полупрозрачные.

#Энгельс",https://www.avito.ru/voronezh/remont_i_stroitelstvo/rulonnye_shtory_v_korobe_i_s_napravlyayuschimi_cz893_3911082250,Энгельс,Анисовка,,old,https://downloader.disk.yandex.ru/disk/99547e1601ebe3388519478f0c0b1a0b15a45c67f066ecda9c6376dc1cfc69b2/6a04b9a0/VFMkxLrTsaxwuukpC-RIREJYkxmqvr27EwuxCzOLMxCNRN1DFobUOpXEMypyHfQaWQAMi6Jlhgnj0VV5PbGzUA%3D%3D?uid=0&filename=002_IMG_20260512_100223.png&disposition=attachment&hash=&limit=0&content_type=image%2Fpng&owner_uid=0&fsize=701886&hid=5f9bf0d15344d8b8a3427b09dee9fc4c&media_type=image&tknv=v3&etag=edf40385e6dee1b058a6e8bd01343934,https://downloader.disk.yandex.ru/disk/99c1c8587dfbc62f7370bb79e3795849d26fc4170dd9b8682ed5c2e1730fb6c3/6a04b9a0/VFMkxLrTsaxwuukpC-RIRLoZPepgAFHkBNgnssmhfkfSYZfr9C4ug7cVGJ7-Blw3lf9uIfH-3WpVYd38frPIVQ%3D%3D?uid=0&filename=034_IMG_20260512_100816.png&disposition=attachment&hash=&limit=0&content_type=image%2Fpng&owner_uid=0&fsize=1231086&hid=a76a61a25ff849352bf773a980e73bd4&media_type=image&tknv=v3&etag=9b9b6a648f72e36c93737497b9f9e267,https://downloader.disk.yandex.ru/disk/9fd48cb660d191bc911b1462254bdf61de3e1f6fcce33117e6e3eec79cc84f4a/6a04b9a0/VFMkxLrTsaxwuukpC-RIRN58GwsSrMtnQhxHdX-8gQrPxNinbr2amXKkTgneLhnsqrZNRFLIaSIZZ3geDyW-sw%3D%3D?uid=0&filename=054_IMG_20260512_101147.png&disposition=attachment&hash=&limit=0&content_type=image%2Fpng&owner_uid=0&fsize=1115601&hid=79e846faa314223b1bcf26beee5e2f87&media_type=image&tknv=v3&etag=bea37d3dad62e3db4d924ebf6b6fa6de,/Users/aleksandrsolovev/Desktop/avito_autoload_fixed/avito_autoload/2_фото/рулонные_шторы/рулонные_шторы_объявления_6500.csv
avito-рулонные-шторы-3911252951-1,3911252951,1,рулонные_шторы,Ремонт и строительство,Рулонные шторы в коробе и с направляющими ркн-7674 блэкаут,300,"Саратовская обл., Саратов, Центральный район","Хотите шторы, которые точно подойдут к окну? Рулонные в Саратов под заказ. День-ночь: полосатое полотно позволяет выбирать свет от яркого до полной темноты. Блэкаут: спать днём — легко, детская затемняется полностью. Полупрозрачные: уют без потери света. Способ крепления на ваш выбор: в проём, на раму, потолок, стену. Без сверления — на зажимах под ПВХ. Цена указана от 300 руб., уточняйте под ваш размер. Замер, изготовление, установка. Гарантия на механизм. Товар: Рулонные шторы в коробе и с направляющими ркн-7674.
Изготавливаем шторы точно под размер створки или проёма.
Работаем по адресу: Саратов, Центральный район.
Позиция в каталоге: Рулонные шторы в коробе и с направляющими ркн-7674.
Есть ткани блэкаут, день-ночь и полупрозрачные.

#Саратов",https://www.avito.ru/saratov/remont_i_stroitelstvo/rulonnye_shtory_v_korobe_i_s_napravlyayuschimi_rkn-7674_3911252951,Саратов,Центральный район,,old,https://downloader.disk.yandex.ru/disk/99c1c8587dfbc62f7370bb79e3795849d26fc4170dd9b8682ed5c2e1730fb6c3/6a04b9a0/VFMkxLrTsaxwuukpC-RIRLoZPepgAFHkBNgnssmhfkfSYZfr9C4ug7cVGJ7-Blw3lf9uIfH-3WpVYd38frPIVQ%3D%3D?uid=0&filename=034_IMG_20260512_100816.png&disposition=attachment&hash=&limit=0&content_type=image%2Fpng&owner_uid=0&fsize=1231086&hid=a76a61a25ff849352bf773a980e73bd4&media_type=image&tknv=v3&etag=9b9b6a648f72e36c93737497b9f9e267,https://downloader.disk.yandex.ru/disk/9fd48cb660d191bc911b1462254bdf61de3e1f6fcce33117e6e3eec79cc84f4a/6a04b9a0/VFMkxLrTsaxwuukpC-RIRN58GwsSrMtnQhxHdX-8gQrPxNinbr2amXKkTgneLhnsqrZNRFLIaSIZZ3geDyW-sw%3D%3D?uid=0&filename=054_IMG_20260512_101147.png&disposition=attachment&hash=&limit=0&content_type=image%2Fpng&owner_uid=0&fsize=1115601&hid=79e846faa314223b1bcf26beee5e2f87&media_type=image&tknv=v3&etag=bea37d3dad62e3db4d924ebf6b6fa6de,https://downloader.disk.yandex.ru/disk/a3e1aabb83ea28da1f4e990afe63483db11d90d38a9d68c1c7730a35bf27354f/6a04b9a0/VFMkxLrTsaxwuukpC-RIRHqUsPLVaQkgpnR1lPqCDYZNk1p_adv4_r7Jy0YjfEDFGH8A10l065nj-jbE8BnZKg%3D%3D?uid=0&filename=049_IMG_20260512_101059.png&disposition=attachment&hash=&limit=0&content_type=image%2Fpng&owner_uid=0&fsize=3060987&hid=d801bf9924bed63420dec342d7b7c933&media_type=image&tknv=v3&etag=f52887a2f3453220e61ed180a8ce9778,/Users/aleksandrsolovev/Desktop/avito_autoload_fixed/avito_autoload/2_фото/рулонные_шторы/рулонные_шторы_объявления_6500.csv
avito-рулонные-шторы-3911252951-2,3911252951,2,рулонные_шторы,Ремонт и строительство,Рулонные шторы в коробе и с направляющими ркн-7674 Саратов по размеру окна,300,"Саратовская обл., Саратов, Северный микрорайон","Хотите шторы, которые точно подойдут к окну? Рулонные в Саратов под заказ. День-ночь: полосатое полотно позволяет выбирать свет от яркого до полной темноты. Блэкаут: спать днём — легко, детская затемняется полностью. Полупрозрачные: уют без потери света. Способ крепления на ваш выбор: в проём, на раму, потолок, стену. Без сверления — на зажимах под ПВХ. Цена указана от 300 руб., уточняйте под ваш размер. Замер, изготовление, установка. Гарантия на механизм. Товар: Рулонные шторы в коробе и с направляющими ркн-7674.
Подберём ткань, оттенок и тип крепления под ваш интерьер.
Работаем по адресу: Саратов, Северный микрорайон.
Позиция в каталоге: Рулонные шторы в коробе и с направляющими ркн-7674.
Есть ткани блэкаут, день-ночь и полупрозрачные.

#Саратов",https://www.avito.ru/saratov/remont_i_stroitelstvo/rulonnye_shtory_v_korobe_i_s_napravlyayuschimi_rkn-7674_3911252951,Саратов,Северный микрорайон,,old,https://downloader.disk.yandex.ru/disk/9fd48cb660d191bc911b1462254bdf61de3e1f6fcce33117e6e3eec79cc84f4a/6a04b9a0/VFMkxLrTsaxwuukpC-RIRN58GwsSrMtnQhxHdX-8gQrPxNinbr2amXKkTgneLhnsqrZNRFLIaSIZZ3geDyW-sw%3D%3D?uid=0&filename=054_IMG_20260512_101147.png&disposition=attachment&hash=&limit=0&content_type=image%2Fpng&owner_uid=0&fsize=1115601&hid=79e846faa314223b1bcf26beee5e2f87&media_type=image&tknv=v3&etag=bea37d3dad62e3db4d924ebf6b6fa6de,https://downloader.disk.yandex.ru/disk/a3e1aabb83ea28da1f4e990afe63483db11d90d38a9d68c1c7730a35bf27354f/6a04b9a0/VFMkxLrTsaxwuukpC-RIRHqUsPLVaQkgpnR1lPqCDYZNk1p_adv4_r7Jy0YjfEDFGH8A10l065nj-jbE8BnZKg%3D%3D?uid=0&filename=049_IMG_20260512_101059.png&disposition=attachment&hash=&limit=0&content_type=image%2Fpng&owner_uid=0&fsize=3060987&hid=d801bf9924bed63420dec342d7b7c933&media_type=image&tknv=v3&etag=f52887a2f3453220e61ed180a8ce9778,https://downloader.disk.yandex.ru/disk/a8a47ea6afdfeb9c73cb242d8e2d17e1ee6c850fc78530cce12271c3afd2390f/6a04b9a0/VFMkxLrTsaxwuukpC-RIRIgWczgZtyzbLl2F_ISRPkm7FplsvK-6IxLLgPEkPEvnjKmYXwODlhISXW5XHzGhig%3D%3D?uid=0&filename=024_IMG_20260512_100647.png&disposition=attachment&hash=&limit=0&content_type=image%2Fpng&owner_uid=0&fsize=1070278&hid=dea514786c2a18391ad66e04cc9f5057&media_type=image&tknv=v3&etag=9ac399d94e47d7676d6eab6b962e67b4,/Users/aleksandrsolovev/Desktop/avito_autoload_fixed/avito_autoload/2_фото/рулонные_шторы/рулонные_шторы_объявления_6500.csv
avito-рулонные-шторы-3911252951-3,3911252951,3,рулонные_шторы,Ремонт и строительство,Рулонные шторы в коробе и с направляющими ркн-7674 Южный микрорайон день-ночь,300,"Саратовская обл., Саратов, Южный микрорайон","Хотите шторы, которые точно подойдут к окну? Рулонные в Саратов под заказ. День-ночь: полосатое полотно позволяет выбирать свет от яркого до полной темноты. Блэкаут: спать днём — легко, детская затемняется полностью. Полупрозрачные: уют без потери света. Способ крепления на ваш выбор: в проём, на раму, потолок, стену. Без сверления — на зажимах под ПВХ. Цена указана от 300 руб., уточняйте под ваш размер. Замер, изготовление, установка. Гарантия на механизм. Товар: Рулонные шторы в коробе и с направляющими ркн-7674.
Есть решения для спальни, кухни, офиса и балкона.
Работаем по адресу: Саратов, Южный микрорайон.
Позиция в каталоге: Рулонные шторы в коробе и с направляющими ркн-7674.
Есть ткани блэкаут, день-ночь и полупрозрачные.

#Саратов",https://www.avito.ru/saratov/remont_i_stroitelstvo/rulonnye_shtory_v_korobe_i_s_napravlyayuschimi_rkn-7674_3911252951,Саратов,Южный микрорайон,,old,https://downloader.disk.yandex.ru/disk/a3e1aabb83ea28da1f4e990afe63483db11d90d38a9d68c1c7730a35bf27354f/6a04b9a0/VFMkxLrTsaxwuukpC-RIRHqUsPLVaQkgpnR1lPqCDYZNk1p_adv4_r7Jy0YjfEDFGH8A10l065nj-jbE8BnZKg%3D%3D?uid=0&filename=049_IMG_20260512_101059.png&disposition=attachment&hash=&limit=0&content_type=image%2Fpng&owner_uid=0&fsize=3060987&hid=d801bf9924bed63420dec342d7b7c933&media_type=image&tknv=v3&etag=f52887a2f3453220e61ed180a8ce9778,https://downloader.disk.yandex.ru/disk/a8a47ea6afdfeb9c73cb242d8e2d17e1ee6c850fc78530cce12271c3afd2390f/6a04b9a0/VFMkxLrTsaxwuukpC-RIRIgWczgZtyzbLl2F_ISRPkm7FplsvK-6IxLLgPEkPEvnjKmYXwODlhISXW5XHzGhig%3D%3D?uid=0&filename=024_IMG_20260512_100647.png&disposition=attachment&hash=&limit=0&content_type=image%2Fpng&owner_uid=0&fsize=1070278&hid=dea514786c2a18391ad66e04cc9f5057&media_type=image&tknv=v3&etag=9ac399d94e47d7676d6eab6b962e67b4,https://downloader.disk.yandex.ru/disk/abad73968a6376d37976f4bad70b34e918902f31fed92cbb86764654f6144ab3/6a04b9a0/VFMkxLrTsaxwuukpC-RIRIL8Ya1C4YcOgL2WC02y5bAQzIiG5sct6w7f-F2AwJU7PdebwfStjoz-N1DaPwDEaA%3D%3D?uid=0&filename=057_IMG_20260512_101214.png&disposition=attachment&hash=&limit=0&content_type=image%2Fpng&owner_uid=0&fsize=669456&hid=c246fc7a2d53f4d65bf50454030baecd&media_type=image&tknv=v3&etag=ecaa0b6b7fd4731e62a38d0686451b80,/Users/aleksandrsolovev/Desktop/avito_autoload_fixed/avito_autoload/2_фото/рулонные_шторы/рулонные_шторы_объявления_6500.csv
avito-рулонные-шторы-3911124802-1,3911124802,1,рулонные_шторы,Ремонт и строительство,Рулонные шторы в коробе и с направляющими ркн-5018 день-ночь,300,"Саратовская обл., Саратов, Заводской район","Рулонные шторы в коробе и с направляющими ркн-5018 в Саратов. Изготавливаем рулонные шторы под точный размер — никаких щелей по бокам. Материалы: блэкаут, день-ночь, полупрозрачные, влагостойкие. На ПВХ профиль — без сверления. На стену или потолок — при желании. Управление цепочкой или пружинный pull&release. Более 100 вариантов цвета. Привезём образцы. Начальная цена 300 руб., финальная — после замера. Замер бесплатно. Крепление в цене. Гарантия на механизм. Товар: Рулонные шторы в коробе и с направляющими ркн-5018.
Подберём ткань, оттенок и тип крепления под ваш интерьер.
Работаем по адресу: Саратов, Заводской район.
Позиция в каталоге: Рулонные шторы в коробе и с направляющими ркн-5018.
Монтаж возможен со сверлением и без сверления.

#Саратов",https://www.avito.ru/saratov/remont_i_stroitelstvo/rulonnye_shtory_v_korobe_i_s_napravlyayuschimi_rkn-5018_3911124802,Саратов,Заводской район,,old,https://downloader.disk.yandex.ru/disk/a8a47ea6afdfeb9c73cb242d8e2d17e1ee6c850fc78530cce12271c3afd2390f/6a04b9a0/VFMkxLrTsaxwuukpC-RIRIgWczgZtyzbLl2F_ISRPkm7FplsvK-6IxLLgPEkPEvnjKmYXwODlhISXW5XHzGhig%3D%3D?uid=0&filename=024_IMG_20260512_100647.png&disposition=attachment&hash=&limit=0&content_type=image%2Fpng&owner_uid=0&fsize=1070278&hid=dea514786c2a18391ad66e04cc9f5057&media_type=image&tknv=v3&etag=9ac399d94e47d7676d6eab6b962e67b4,https://downloader.disk.yandex.ru/disk/abad73968a6376d37976f4bad70b34e918902f31fed92cbb86764654f6144ab3/6a04b9a0/VFMkxLrTsaxwuukpC-RIRIL8Ya1C4YcOgL2WC02y5bAQzIiG5sct6w7f-F2AwJU7PdebwfStjoz-N1DaPwDEaA%3D%3D?uid=0&filename=057_IMG_20260512_101214.png&disposition=attachment&hash=&limit=0&content_type=image%2Fpng&owner_uid=0&fsize=669456&hid=c246fc7a2d53f4d65bf50454030baecd&media_type=image&tknv=v3&etag=ecaa0b6b7fd4731e62a38d0686451b80,https://downloader.disk.yandex.ru/disk/b335324925eaaaa850055cc15a57658e4ac51da0cda8e8002c6f9dfbbe1061db/6a04b9a0/VFMkxLrTsaxwuukpC-RIRK0opB8CgKG7I_oNn3MNy30EQ1Ec71ampam6llfNVIkF1Zi81EMEwSD2B5SkIVm0pQ%3D%3D?uid=0&filename=020_IMG_20260512_100611.png&disposition=attachment&hash=&limit=0&content_type=image%2Fpng&owner_uid=0&fsize=1684792&hid=3f352ee28ba77b65d348b5e3916bbcbe&media_type=image&tknv=v3&etag=4182cc7a4967692dcc7ed56f7a7efeeb,/Users/aleksandrsolovev/Desktop/avito_autoload_fixed/avito_autoload/2_фото/рулонные_шторы/рулонные_шторы_объявления_6500.csv
avito-рулонные-шторы-3911502211-2,3911502211,2,рулонные_шторы,Ремонт и строительство,Рулонные шторы в коробе и с направляющими ркн-9254 Саратов по размеру окна,300,"Саратовская обл., Саратов, Октябрьский район","Хотите шторы, которые точно подойдут к окну? Рулонные в Саратов под заказ. День-ночь: полосатое полотно позволяет выбирать свет от яркого до полной темноты. Блэкаут: спать днём — легко, детская затемняется полностью. Полупрозрачные: уют без потери света. Способ крепления на ваш выбор: в проём, на раму, потолок, стену. Без сверления — на зажимах под ПВХ. Начальная цена 300 руб., финальная — после замера. Замер, изготовление, установка. Гарантия на механизм. Товар: Рулонные шторы в коробе и с направляющими ркн-9254.
Подберём ткань, оттенок и тип крепления под ваш интерьер.
Работаем по адресу: Саратов, Октябрьский район.
Позиция в каталоге: Рулонные шторы в коробе и с направляющими ркн-9254.
Есть ткани блэкаут, день-ночь и полупрозрачные.

#Саратов",https://www.avito.ru/voronezh/remont_i_stroitelstvo/rulonnye_shtory_v_korobe_i_s_napravlyayuschimi_rkn-9254_3911502211,Саратов,Октябрьский район,,old,https://downloader.disk.yandex.ru/disk/abad73968a6376d37976f4bad70b34e918902f31fed92cbb86764654f6144ab3/6a04b9a0/VFMkxLrTsaxwuukpC-RIRIL8Ya1C4YcOgL2WC02y5bAQzIiG5sct6w7f-F2AwJU7PdebwfStjoz-N1DaPwDEaA%3D%3D?uid=0&filename=057_IMG_20260512_101214.png&disposition=attachment&hash=&limit=0&content_type=image%2Fpng&owner_uid=0&fsize=669456&hid=c246fc7a2d53f4d65bf50454030baecd&media_type=image&tknv=v3&etag=ecaa0b6b7fd4731e62a38d0686451b80,https://downloader.disk.yandex.ru/disk/b335324925eaaaa850055cc15a57658e4ac51da0cda8e8002c6f9dfbbe1061db/6a04b9a0/VFMkxLrTsaxwuukpC-RIRK0opB8CgKG7I_oNn3MNy30EQ1Ec71ampam6llfNVIkF1Zi81EMEwSD2B5SkIVm0pQ%3D%3D?uid=0&filename=020_IMG_20260512_100611.png&disposition=attachment&hash=&limit=0&content_type=image%2Fpng&owner_uid=0&fsize=1684792&hid=3f352ee28ba77b65d348b5e3916bbcbe&media_type=image&tknv=v3&etag=4182cc7a4967692dcc7ed56f7a7efeeb,https://downloader.disk.yandex.ru/disk/b4b3c062786843ea0a841b9c5648afd0b54e71897683fdc46f46c94072626339/6a04b9a0/VFMkxLrTsaxwuukpC-RIRKrLU8p9P_ZDlH2lhI59zihXygmGLqkIbKhwbtas9NmQ_6FOl_1MHGYNEJuX7hT3Yg%3D%3D?uid=0&filename=039_IMG_20260512_100858.png&disposition=attachment&hash=&limit=0&content_type=image%2Fpng&owner_uid=0&fsize=2912601&hid=bfee7ce7503f2472b135b6e334b6fc60&media_type=image&tknv=v3&etag=f3fd249aec4645268575cbc415f4f62e,/Users/aleksandrsolovev/Desktop/avito_autoload_fixed/avito_autoload/2_фото/рулонные_шторы/рулонные_шторы_объявления_6500.csv
avito-рулонные-шторы-3911124802-3,3911124802,3,рулонные_шторы,Ремонт и строительство,Рулонные шторы в коробе и с направляющими ркн-5018 Фрунзенский район с установкой,300,"Саратовская обл., Саратов, Фрунзенский район","Рулонные шторы в коробе и с направляющими ркн-5018 в Саратов. Изготавливаем рулонные шторы под точный размер — никаких щелей по бокам. Материалы: блэкаут, день-ночь, полупрозрачные, влагостойкие. На ПВХ профиль — без сверления. На стену или потолок — при желании. Управление цепочкой или пружинный pull&release. Более 100 вариантов цвета. Привезём образцы. Начальная цена 300 руб., финальная — после замера. Замер бесплатно. Крепление в цене. Гарантия на механизм. Товар: Рулонные шторы в коробе и с направляющими ркн-5018.
Изготавливаем шторы точно под размер створки или проёма.
Работаем по адресу: Саратов, Фрунзенский район.
Позиция в каталоге: Рулонные шторы в коробе и с направляющими ркн-5018.
Монтаж возможен со сверлением и без сверления.

#Саратов",https://www.avito.ru/saratov/remont_i_stroitelstvo/rulonnye_shtory_v_korobe_i_s_napravlyayuschimi_rkn-5018_3911124802,Саратов,Фрунзенский район,,old,https://downloader.disk.yandex.ru/disk/b335324925eaaaa850055cc15a57658e4ac51da0cda8e8002c6f9dfbbe1061db/6a04b9a0/VFMkxLrTsaxwuukpC-RIRK0opB8CgKG7I_oNn3MNy30EQ1Ec71ampam6llfNVIkF1Zi81EMEwSD2B5SkIVm0pQ%3D%3D?uid=0&filename=020_IMG_20260512_100611.png&disposition=attachment&hash=&limit=0&content_type=image%2Fpng&owner_uid=0&fsize=1684792&hid=3f352ee28ba77b65d348b5e3916bbcbe&media_type=image&tknv=v3&etag=4182cc7a4967692dcc7ed56f7a7efeeb,https://downloader.disk.yandex.ru/disk/b4b3c062786843ea0a841b9c5648afd0b54e71897683fdc46f46c94072626339/6a04b9a0/VFMkxLrTsaxwuukpC-RIRKrLU8p9P_ZDlH2lhI59zihXygmGLqkIbKhwbtas9NmQ_6FOl_1MHGYNEJuX7hT3Yg%3D%3D?uid=0&filename=039_IMG_20260512_100858.png&disposition=attachment&hash=&limit=0&content_type=image%2Fpng&owner_uid=0&fsize=2912601&hid=bfee7ce7503f2472b135b6e334b6fc60&media_type=image&tknv=v3&etag=f3fd249aec4645268575cbc415f4f62e,https://downloader.disk.yandex.ru/disk/c119d466acff943fc6f81b18ce57bc9d28be6203928d7bcec12070242da2d5b6/6a04b9a0/VFMkxLrTsaxwuukpC-RIRB2OKkFNNBPXsc9SSsZ7SyZ195mfQ9YAQA2miFJGLtozPFWe5zfuTeR62kBVcWuvxQ%3D%3D?uid=0&filename=037_IMG_20260512_100840.png&disposition=attachment&hash=&limit=0&content_type=image%2Fpng&owner_uid=0&fsize=535186&hid=7a2690052da622dd282a2cee42c38133&media_type=image&tknv=v3&etag=bd336be2b327a307737cf497d633e10a,/Users/aleksandrsolovev/Desktop/avito_autoload_fixed/avito_autoload/2_фото/рулонные_шторы/рулонные_шторы_объявления_6500.csv
avito-рулонные-шторы-3911531118-1,3911531118,1,рулонные_шторы,Ремонт и строительство,Рулонные шторы в коробе и с направляющими ркн-1547 день-ночь,300,"Саратовская обл., Маркс, Южный микрорайон","Рулонные шторы в коробе и с направляющими ркн-1547 в Маркс. Изготавливаем рулонные шторы под точный размер — никаких щелей по бокам. Материалы: блэкаут, день-ночь, полупрозрачные, влагостойкие. На ПВХ профиль — без сверления. На стену или потолок — при желании. Управление цепочкой или пружинный pull&release. Более 100 вариантов цвета. Привезём образцы. От 300 рублей — зависит от размера и комплектации. Замер бесплатно. Крепление в цене. Гарантия на механизм. Товар: Рулонные шторы в коробе и с направляющими ркн-1547.
Подберём ткань, оттенок и тип крепления под ваш интерьер.
Работаем по адресу: Маркс, Южный микрорайон.
Позиция в каталоге: Рулонные шторы в коробе и с направляющими ркн-1547.
Монтаж возможен со сверлением и без сверления.

#Маркс",https://www.avito.ru/voronezh/remont_i_stroitelstvo/rulonnye_shtory_v_korobe_i_s_napravlyayuschimi_rkn-1547_3911531118,Маркс,Южный микрорайон,,old,https://downloader.disk.yandex.ru/disk/b4b3c062786843ea0a841b9c5648afd0b54e71897683fdc46f46c94072626339/6a04b9a0/VFMkxLrTsaxwuukpC-RIRKrLU8p9P_ZDlH2lhI59zihXygmGLqkIbKhwbtas9NmQ_6FOl_1MHGYNEJuX7hT3Yg%3D%3D?uid=0&filename=039_IMG_20260512_100858.png&disposition=attachment&hash=&limit=0&content_type=image%2Fpng&owner_uid=0&fsize=2912601&hid=bfee7ce7503f2472b135b6e334b6fc60&media_type=image&tknv=v3&etag=f3fd249aec4645268575cbc415f4f62e,https://downloader.disk.yandex.ru/disk/c119d466acff943fc6f81b18ce57bc9d28be6203928d7bcec12070242da2d5b6/6a04b9a0/VFMkxLrTsaxwuukpC-RIRB2OKkFNNBPXsc9SSsZ7SyZ195mfQ9YAQA2miFJGLtozPFWe5zfuTeR62kBVcWuvxQ%3D%3D?uid=0&filename=037_IMG_20260512_100840.png&disposition=attachment&hash=&limit=0&content_type=image%2Fpng&owner_uid=0&fsize=535186&hid=7a2690052da622dd282a2cee42c38133&media_type=image&tknv=v3&etag=bd336be2b327a307737cf497d633e10a,https://downloader.disk.yandex.ru/disk/cae1eb37f4086865108c8ceaa2c0fc26b792bdcacdde8177320fcbfdbfd36b28/6a04b9a0/VFMkxLrTsaxwuukpC-RIRPXMKuRf_3FYSG9JGdZF_OZLAIlwV48EPhJQPSJRlvCSJmWXqUYJTsYd72ZRYHcAIw%3D%3D?uid=0&filename=011_IMG_20260512_100411.png&disposition=attachment&hash=&limit=0&content_type=image%2Fpng&owner_uid=0&fsize=1768002&hid=f353f83b1ce72eb61e974e48552ce01a&media_type=image&tknv=v3&etag=2f92f6994ea594193265fd7527b09889,/Users/aleksandrsolovev/Desktop/avito_autoload_fixed/avito_autoload/2_фото/рулонные_шторы/рулонные_шторы_объявления_6500.csv
avito-рулонные-шторы-3911531118-2,3911531118,2,рулонные_шторы,Ремонт и строительство,Рулонные шторы в коробе и с направляющими ркн-1547 Маркс на заказ,300,"Саратовская обл., Маркс, Зеленый Городок","Рулонные шторы в коробе и с направляющими ркн-1547 в Маркс. Изготавливаем рулонные шторы под точный размер — никаких щелей по бокам. Материалы: блэкаут, день-ночь, полупрозрачные, влагостойкие. На ПВХ профиль — без сверления. На стену или потолок — при желании. Управление цепочкой или пружинный pull&release. Более 100 вариантов цвета. Привезём образцы. От 300 рублей — зависит от размера и комплектации. Замер бесплатно. Крепление в цене. Гарантия на механизм. Товар: Рулонные шторы в коробе и с направляющими ркн-1547.
Есть решения для спальни, кухни, офиса и балкона.
Работаем по адресу: Маркс, Зеленый Городок.
Позиция в каталоге: Рулонные шторы в коробе и с направляющими ркн-1547.
Монтаж возможен со сверлением и без сверления.

#Маркс",https://www.avito.ru/voronezh/remont_i_stroitelstvo/rulonnye_shtory_v_korobe_i_s_napravlyayuschimi_rkn-1547_3911531118,Маркс,Зеленый Городок,,old,https://downloader.disk.yandex.ru/disk/c119d466acff943fc6f81b18ce57bc9d28be6203928d7bcec12070242da2d5b6/6a04b9a0/VFMkxLrTsaxwuukpC-RIRB2OKkFNNBPXsc9SSsZ7SyZ195mfQ9YAQA2miFJGLtozPFWe5zfuTeR62kBVcWuvxQ%3D%3D?uid=0&filename=037_IMG_20260512_100840.png&disposition=attachment&hash=&limit=0&content_type=image%2Fpng&owner_uid=0&fsize=535186&hid=7a2690052da622dd282a2cee42c38133&media_type=image&tknv=v3&etag=bd336be2b327a307737cf497d633e10a,https://downloader.disk.yandex.ru/disk/cae1eb37f4086865108c8ceaa2c0fc26b792bdcacdde8177320fcbfdbfd36b28/6a04b9a0/VFMkxLrTsaxwuukpC-RIRPXMKuRf_3FYSG9JGdZF_OZLAIlwV48EPhJQPSJRlvCSJmWXqUYJTsYd72ZRYHcAIw%3D%3D?uid=0&filename=011_IMG_20260512_100411.png&disposition=attachment&hash=&limit=0&content_type=image%2Fpng&owner_uid=0&fsize=1768002&hid=f353f83b1ce72eb61e974e48552ce01a&media_type=image&tknv=v3&etag=2f92f6994ea594193265fd7527b09889,https://downloader.disk.yandex.ru/disk/cbb9fa1df739413136b74fd286966a403d4c1cc09039b6eaa1cceb0aea309559/6a04b9a0/VFMkxLrTsaxwuukpC-RIROaglH8LEf8HJ0-6rgwzoFxnWkNceBVr5lcLxiGlMcto-BIncuFCnBupm8Fs72s7ww%3D%3D?uid=0&filename=044_IMG_20260512_101009.png&disposition=attachment&hash=&limit=0&content_type=image%2Fpng&owner_uid=0&fsize=974768&hid=3b5abdde94aa8689113b0bb82b777699&media_type=image&tknv=v3&etag=02645223e91ca38d7fa426605427dd87,/Users/aleksandrsolovev/Desktop/avito_autoload_fixed/avito_autoload/2_фото/рулонные_шторы/рулонные_шторы_объявления_6500.csv
avito-рулонные-шторы-3911531118-3,3911531118,3,рулонные_шторы,Ремонт и строительство,Рулонные шторы в коробе и с направляющими ркн-1547 Пристанский с установкой,300,"Саратовская обл., Маркс, Пристанский","Рулонные шторы в коробе и с направляющими ркн-1547 в Маркс. Изготавливаем рулонные шторы под точный размер — никаких щелей по бокам. Материалы: блэкаут, день-ночь, полупрозрачные, влагостойкие. На ПВХ профиль — без сверления. На стену или потолок — при желании. Управление цепочкой или пружинный pull&release. Более 100 вариантов цвета. Привезём образцы. От 300 рублей — зависит от размера и комплектации. Замер бесплатно. Крепление в цене. Гарантия на механизм. Товар: Рулонные шторы в коробе и с направляющими ркн-1547.
Изготавливаем шторы точно под размер створки или проёма.
Работаем по адресу: Маркс, Пристанский.
Позиция в каталоге: Рулонные шторы в коробе и с направляющими ркн-1547.
Монтаж возможен со сверлением и без сверления.

#Маркс",https://www.avito.ru/voronezh/remont_i_stroitelstvo/rulonnye_shtory_v_korobe_i_s_napravlyayuschimi_rkn-1547_3911531118,Маркс,Пристанский,,old,https://downloader.disk.yandex.ru/disk/cae1eb37f4086865108c8ceaa2c0fc26b792bdcacdde8177320fcbfdbfd36b28/6a04b9a0/VFMkxLrTsaxwuukpC-RIRPXMKuRf_3FYSG9JGdZF_OZLAIlwV48EPhJQPSJRlvCSJmWXqUYJTsYd72ZRYHcAIw%3D%3D?uid=0&filename=011_IMG_20260512_100411.png&disposition=attachment&hash=&limit=0&content_type=image%2Fpng&owner_uid=0&fsize=1768002&hid=f353f83b1ce72eb61e974e48552ce01a&media_type=image&tknv=v3&etag=2f92f6994ea594193265fd7527b09889,https://downloader.disk.yandex.ru/disk/cbb9fa1df739413136b74fd286966a403d4c1cc09039b6eaa1cceb0aea309559/6a04b9a0/VFMkxLrTsaxwuukpC-RIROaglH8LEf8HJ0-6rgwzoFxnWkNceBVr5lcLxiGlMcto-BIncuFCnBupm8Fs72s7ww%3D%3D?uid=0&filename=044_IMG_20260512_101009.png&disposition=attachment&hash=&limit=0&content_type=image%2Fpng&owner_uid=0&fsize=974768&hid=3b5abdde94aa8689113b0bb82b777699&media_type=image&tknv=v3&etag=02645223e91ca38d7fa426605427dd87,https://downloader.disk.yandex.ru/disk/d0a512aab634017d2d3d8a7244620076054f487fa9deea92f4d500b0fb7e8d62/6a04b9a0/VFMkxLrTsaxwuukpC-RIRID-hdda-2cJsTM9CsCCUT5-Ntmh2ln7XvK7VVfoDO8wJUdTXRcJg_U2GJ5IbKTbFw%3D%3D?uid=0&filename=058_IMG_20260512_101219.png&disposition=attachment&hash=&limit=0&content_type=image%2Fpng&owner_uid=0&fsize=1053478&hid=fb2fc0b4c73064146dc2b1bb27253808&media_type=image&tknv=v3&etag=9b6d7b418e9e723dd106a2d0800abc15,/Users/aleksandrsolovev/Desktop/avito_autoload_fixed/avito_autoload/2_фото/рулонные_шторы/рулонные_шторы_объявления_6500.csv
avito-рулонные-шторы-3911080769-1,3911080769,1,рулонные_шторы,Ремонт и строительство,Рулонные шторы в коробе и с направляющими ркн-6331 день-ночь,300,"Саратовская обл., Саратов, Центральный район","Рулонные шторы в коробе и с направляющими ркн-6331 в Саратов. Изготавливаем рулонные шторы под точный размер — никаких щелей по бокам. Материалы: блэкаут, день-ночь, полупрозрачные, влагостойкие. На ПВХ профиль — без сверления. На стену или потолок — при желании. Управление цепочкой или пружинный pull&release. Более 100 вариантов цвета. Привезём образцы. Цена указана от 300 руб., уточняйте под ваш размер. Замер бесплатно. Крепление в цене. Гарантия на механизм. Товар: Рулонные шторы в коробе и с направляющими ркн-6331.
Подберём ткань, оттенок и тип крепления под ваш интерьер.
Работаем по адресу: Саратов, Центральный район.
Позиция в каталоге: Рулонные шторы в коробе и с направляющими ркн-6331.
Монтаж возможен со сверлением и без сверления.

#Саратов",https://www.avito.ru/saratov/remont_i_stroitelstvo/rulonnye_shtory_v_korobe_i_s_napravlyayuschimi_rkn-6331_3911080769,Саратов,Центральный район,,old,https://downloader.disk.yandex.ru/disk/cbb9fa1df739413136b74fd286966a403d4c1cc09039b6eaa1cceb0aea309559/6a04b9a0/VFMkxLrTsaxwuukpC-RIROaglH8LEf8HJ0-6rgwzoFxnWkNceBVr5lcLxiGlMcto-BIncuFCnBupm8Fs72s7ww%3D%3D?uid=0&filename=044_IMG_20260512_101009.png&disposition=attachment&hash=&limit=0&content_type=image%2Fpng&owner_uid=0&fsize=974768&hid=3b5abdde94aa8689113b0bb82b777699&media_type=image&tknv=v3&etag=02645223e91ca38d7fa426605427dd87,https://downloader.disk.yandex.ru/disk/d0a512aab634017d2d3d8a7244620076054f487fa9deea92f4d500b0fb7e8d62/6a04b9a0/VFMkxLrTsaxwuukpC-RIRID-hdda-2cJsTM9CsCCUT5-Ntmh2ln7XvK7VVfoDO8wJUdTXRcJg_U2GJ5IbKTbFw%3D%3D?uid=0&filename=058_IMG_20260512_101219.png&disposition=attachment&hash=&limit=0&content_type=image%2Fpng&owner_uid=0&fsize=1053478&hid=fb2fc0b4c73064146dc2b1bb27253808&media_type=image&tknv=v3&etag=9b6d7b418e9e723dd106a2d0800abc15,https://downloader.disk.yandex.ru/disk/d78a0db2788cc2cb47a835a431abc0e3a4906ede07f012ae1bc780fb95e8e234/6a04b9a0/VFMkxLrTsaxwuukpC-RIRO2b_R6r_HSoSAEFhtI-8cQ_2exGNhFgyy7JzjHFHNWgjn3d2Y_EHwlHk6aL_pcv6Q%3D%3D?uid=0&filename=045_IMG_20260512_101017.png&disposition=attachment&hash=&limit=0&content_type=image%2Fpng&owner_uid=0&fsize=1159442&hid=249d13336b65b06c33922e7839852ddf&media_type=image&tknv=v3&etag=f2ce146e78cd696601ed4db8b702f3a4,/Users/aleksandrsolovev/Desktop/avito_autoload_fixed/avito_autoload/2_фото/рулонные_шторы/рулонные_шторы_объявления_6500.csv
avito-рулонные-шторы-3911080769-2,3911080769,2,рулонные_шторы,Ремонт и строительство,Рулонные шторы в коробе и с направляющими ркн-6331 Саратов на заказ,300,"Саратовская обл., Саратов, Северный микрорайон","Рулонные шторы в коробе и с направляющими ркн-6331 в Саратов. Изготавливаем рулонные шторы под точный размер — никаких щелей по бокам. Материалы: блэкаут, день-ночь, полупрозрачные, влагостойкие. На ПВХ профиль — без сверления. На стену или потолок — при желании. Управление цепочкой или пружинный pull&release. Более 100 вариантов цвета. Привезём образцы. Цена указана от 300 руб., уточняйте под ваш размер. Замер бесплатно. Крепление в цене. Гарантия на механизм. Товар: Рулонные шторы в коробе и с направляющими ркн-6331.
Есть решения для спальни, кухни, офиса и балкона.
Работаем по адресу: Саратов, Северный микрорайон.
Позиция в каталоге: Рулонные шторы в коробе и с направляющими ркн-6331.
Монтаж возможен со сверлением и без сверления.

#Саратов",https://www.avito.ru/saratov/remont_i_stroitelstvo/rulonnye_shtory_v_korobe_i_s_napravlyayuschimi_rkn-6331_3911080769,Саратов,Северный микрорайон,,old,https://downloader.disk.yandex.ru/disk/d0a512aab634017d2d3d8a7244620076054f487fa9deea92f4d500b0fb7e8d62/6a04b9a0/VFMkxLrTsaxwuukpC-RIRID-hdda-2cJsTM9CsCCUT5-Ntmh2ln7XvK7VVfoDO8wJUdTXRcJg_U2GJ5IbKTbFw%3D%3D?uid=0&filename=058_IMG_20260512_101219.png&disposition=attachment&hash=&limit=0&content_type=image%2Fpng&owner_uid=0&fsize=1053478&hid=fb2fc0b4c73064146dc2b1bb27253808&media_type=image&tknv=v3&etag=9b6d7b418e9e723dd106a2d0800abc15,https://downloader.disk.yandex.ru/disk/d78a0db2788cc2cb47a835a431abc0e3a4906ede07f012ae1bc780fb95e8e234/6a04b9a0/VFMkxLrTsaxwuukpC-RIRO2b_R6r_HSoSAEFhtI-8cQ_2exGNhFgyy7JzjHFHNWgjn3d2Y_EHwlHk6aL_pcv6Q%3D%3D?uid=0&filename=045_IMG_20260512_101017.png&disposition=attachment&hash=&limit=0&content_type=image%2Fpng&owner_uid=0&fsize=1159442&hid=249d13336b65b06c33922e7839852ddf&media_type=image&tknv=v3&etag=f2ce146e78cd696601ed4db8b702f3a4,https://downloader.disk.yandex.ru/disk/d7f93bb1bd5459bf82d2200e1cc6b4490571517c22d602e4c651d56821e55bc5/6a04b9a0/VFMkxLrTsaxwuukpC-RIRF0wRq6dTHKvcG2CzaxHBF8w3bRHXDuLdFUs_u6AsOzrVQC1Hr1E1mGnRIWfwUqybg%3D%3D?uid=0&filename=019_IMG_20260512_100603.png&disposition=attachment&hash=&limit=0&content_type=image%2Fpng&owner_uid=0&fsize=1960007&hid=11e06b3922eaee2315ec32aa9df2e674&media_type=image&tknv=v3&etag=ce6ed6719de52f09c7a80a2bfa613035,/Users/aleksandrsolovev/Desktop/avito_autoload_fixed/avito_autoload/2_фото/рулонные_шторы/рулонные_шторы_объявления_6500.csv
avito-рулонные-шторы-3911080769-3,3911080769,3,рулонные_шторы,Ремонт и строительство,Рулонные шторы в коробе и с направляющими ркн-6331 Южный микрорайон с установкой,300,"Саратовская обл., Саратов, Южный микрорайон","Рулонные шторы в коробе и с направляющими ркн-6331 в Саратов. Изготавливаем рулонные шторы под точный размер — никаких щелей по бокам. Материалы: блэкаут, день-ночь, полупрозрачные, влагостойкие. На ПВХ профиль — без сверления. На стену или потолок — при желании. Управление цепочкой или пружинный pull&release. Более 100 вариантов цвета. Привезём образцы. Цена указана от 300 руб., уточняйте под ваш размер. Замер бесплатно. Крепление в цене. Гарантия на механизм. Товар: Рулонные шторы в коробе и с направляющими ркн-6331.
Изготавливаем шторы точно под размер створки или проёма.
Работаем по адресу: Саратов, Южный микрорайон.
Позиция в каталоге: Рулонные шторы в коробе и с направляющими ркн-6331.
Монтаж возможен со сверлением и без сверления.

#Саратов",https://www.avito.ru/saratov/remont_i_stroitelstvo/rulonnye_shtory_v_korobe_i_s_napravlyayuschimi_rkn-6331_3911080769,Саратов,Южный микрорайон,,old,https://downloader.disk.yandex.ru/disk/d78a0db2788cc2cb47a835a431abc0e3a4906ede07f012ae1bc780fb95e8e234/6a04b9a0/VFMkxLrTsaxwuukpC-RIRO2b_R6r_HSoSAEFhtI-8cQ_2exGNhFgyy7JzjHFHNWgjn3d2Y_EHwlHk6aL_pcv6Q%3D%3D?uid=0&filename=045_IMG_20260512_101017.png&disposition=attachment&hash=&limit=0&content_type=image%2Fpng&owner_uid=0&fsize=1159442&hid=249d13336b65b06c33922e7839852ddf&media_type=image&tknv=v3&etag=f2ce146e78cd696601ed4db8b702f3a4,https://downloader.disk.yandex.ru/disk/d7f93bb1bd5459bf82d2200e1cc6b4490571517c22d602e4c651d56821e55bc5/6a04b9a0/VFMkxLrTsaxwuukpC-RIRF0wRq6dTHKvcG2CzaxHBF8w3bRHXDuLdFUs_u6AsOzrVQC1Hr1E1mGnRIWfwUqybg%3D%3D?uid=0&filename=019_IMG_20260512_100603.png&disposition=attachment&hash=&limit=0&content_type=image%2Fpng&owner_uid=0&fsize=1960007&hid=11e06b3922eaee2315ec32aa9df2e674&media_type=image&tknv=v3&etag=ce6ed6719de52f09c7a80a2bfa613035,https://downloader.disk.yandex.ru/disk/e259d88b6013b4bf7c771643cc01f8a67fb7504e391f6d88da30cde202117a8f/6a04b9a0/VFMkxLrTsaxwuukpC-RIRNtQpcEaKoTr_zTBepoIRQJd6addFBbe9hPEKYeT1lVF42j1uKsmhmHN45GzUg5EYQ%3D%3D?uid=0&filename=014_IMG_20260512_100455.png&disposition=attachment&hash=&limit=0&content_type=image%2Fpng&owner_uid=0&fsize=1841554&hid=3a442b7140c08cab89ad4d5e5d05039b&media_type=image&tknv=v3&etag=a348891dae37c014912b076bfd48963e,/Users/aleksandrsolovev/Desktop/avito_autoload_fixed/avito_autoload/2_фото/рулонные_шторы/рулонные_шторы_объявления_6500.csv
avito-рулонные-шторы-3911176536-1,3911176536,1,рулонные_шторы,Ремонт и строительство,Рулонные шторы в коробе и с направляющими ркн-4927 день-ночь,300,"Саратовская обл., Саратов, Северный микрорайон","Рулонные шторы в коробе и с направляющими ркн-4927 в Саратов. Изготавливаем рулонные шторы под точный размер — никаких щелей по бокам. Материалы: блэкаут, день-ночь, полупрозрачные, влагостойкие. На ПВХ профиль — без сверления. На стену или потолок — при желании. Управление цепочкой или пружинный pull&release. Более 100 вариантов цвета. Привезём образцы. Начальная цена 300 руб., финальная — после замера. Замер бесплатно. Крепление в цене. Гарантия на механизм. Товар: Рулонные шторы в коробе и с направляющими ркн-4927.
Подберём ткань, оттенок и тип крепления под ваш интерьер.
Работаем по адресу: Саратов, Северный микрорайон.
Позиция в каталоге: Рулонные шторы в коробе и с направляющими ркн-4927.
Монтаж возможен со сверлением и без сверления.

#Саратов",https://www.avito.ru/saratov/remont_i_stroitelstvo/rulonnye_shtory_v_korobe_i_s_napravlyayuschimi_rkn-4927_3911176536,Саратов,Северный микрорайон,,old,https://downloader.disk.yandex.ru/disk/d7f93bb1bd5459bf82d2200e1cc6b4490571517c22d602e4c651d56821e55bc5/6a04b9a0/VFMkxLrTsaxwuukpC-RIRF0wRq6dTHKvcG2CzaxHBF8w3bRHXDuLdFUs_u6AsOzrVQC1Hr1E1mGnRIWfwUqybg%3D%3D?uid=0&filename=019_IMG_20260512_100603.png&disposition=attachment&hash=&limit=0&content_type=image%2Fpng&owner_uid=0&fsize=1960007&hid=11e06b3922eaee2315ec32aa9df2e674&media_type=image&tknv=v3&etag=ce6ed6719de52f09c7a80a2bfa613035,https://downloader.disk.yandex.ru/disk/e259d88b6013b4bf7c771643cc01f8a67fb7504e391f6d88da30cde202117a8f/6a04b9a0/VFMkxLrTsaxwuukpC-RIRNtQpcEaKoTr_zTBepoIRQJd6addFBbe9hPEKYeT1lVF42j1uKsmhmHN45GzUg5EYQ%3D%3D?uid=0&filename=014_IMG_20260512_100455.png&disposition=attachment&hash=&limit=0&content_type=image%2Fpng&owner_uid=0&fsize=1841554&hid=3a442b7140c08cab89ad4d5e5d05039b&media_type=image&tknv=v3&etag=a348891dae37c014912b076bfd48963e,https://downloader.disk.yandex.ru/disk/e315a273b3d9ef30e62c3fade60244ac6cb0527dcca6626fb73fe0595e38369c/6a04b9a0/VFMkxLrTsaxwuukpC-RIRFYT-bWwxGEeL9xVKc01nNtsr3BAhUgcAI56RjsOzJEzrFQi2kDjlDWxwqR3Tp4atw%3D%3D?uid=0&filename=047_IMG_20260512_101033.png&disposition=attachment&hash=&limit=0&content_type=image%2Fpng&owner_uid=0&fsize=2560667&hid=7aa857ced2a69113bd53880d6a54ee74&media_type=image&tknv=v3&etag=53d82cddcb2787faed47b596085220b1,/Users/aleksandrsolovev/Desktop/avito_autoload_fixed/avito_autoload/2_фото/рулонные_шторы/рулонные_шторы_объявления_6500.csv
avito-рулонные-шторы-3911176536-2,3911176536,2,рулонные_шторы,Ремонт и строительство,Рулонные шторы в коробе и с направляющими ркн-4927 Саратов на заказ,300,"Саратовская обл., Саратов, Южный микрорайон","Рулонные шторы в коробе и с направляющими ркн-4927 в Саратов. Изготавливаем рулонные шторы под точный размер — никаких щелей по бокам. Материалы: блэкаут, день-ночь, полупрозрачные, влагостойкие. На ПВХ профиль — без сверления. На стену или потолок — при желании. Управление цепочкой или пружинный pull&release. Более 100 вариантов цвета. Привезём образцы. Начальная цена 300 руб., финальная — после замера. Замер бесплатно. Крепление в цене. Гарантия на механизм. Товар: Рулонные шторы в коробе и с направляющими ркн-4927.
Есть решения для спальни, кухни, офиса и балкона.
Работаем по адресу: Саратов, Южный микрорайон.
Позиция в каталоге: Рулонные шторы в коробе и с направляющими ркн-4927.
Монтаж возможен со сверлением и без сверления.

#Саратов",https://www.avito.ru/saratov/remont_i_stroitelstvo/rulonnye_shtory_v_korobe_i_s_napravlyayuschimi_rkn-4927_3911176536,Саратов,Южный микрорайон,,old,https://downloader.disk.yandex.ru/disk/e259d88b6013b4bf7c771643cc01f8a67fb7504e391f6d88da30cde202117a8f/6a04b9a0/VFMkxLrTsaxwuukpC-RIRNtQpcEaKoTr_zTBepoIRQJd6addFBbe9hPEKYeT1lVF42j1uKsmhmHN45GzUg5EYQ%3D%3D?uid=0&filename=014_IMG_20260512_100455.png&disposition=attachment&hash=&limit=0&content_type=image%2Fpng&owner_uid=0&fsize=1841554&hid=3a442b7140c08cab89ad4d5e5d05039b&media_type=image&tknv=v3&etag=a348891dae37c014912b076bfd48963e,https://downloader.disk.yandex.ru/disk/e315a273b3d9ef30e62c3fade60244ac6cb0527dcca6626fb73fe0595e38369c/6a04b9a0/VFMkxLrTsaxwuukpC-RIRFYT-bWwxGEeL9xVKc01nNtsr3BAhUgcAI56RjsOzJEzrFQi2kDjlDWxwqR3Tp4atw%3D%3D?uid=0&filename=047_IMG_20260512_101033.png&disposition=attachment&hash=&limit=0&content_type=image%2Fpng&owner_uid=0&fsize=2560667&hid=7aa857ced2a69113bd53880d6a54ee74&media_type=image&tknv=v3&etag=53d82cddcb2787faed47b596085220b1,https://downloader.disk.yandex.ru/disk/e4abb7e284d5021923b2d89901076e283cbd0213c3433b47fd0732612194dacd/6a04b9a0/VFMkxLrTsaxwuukpC-RIRL1jqEkU5EKvXQ6bX2_UzlALmmEw9fQwV089ZKwMoA00sibzsWQBVaEaz0N3D7SEFA%3D%3D?uid=0&filename=012_IMG_20260512_100425.png&disposition=attachment&hash=&limit=0&content_type=image%2Fpng&owner_uid=0&fsize=2147187&hid=358a8ddc2bccc0f5137b7aa789c5909b&media_type=image&tknv=v3&etag=f98eed512b074a5991bd17a6b3cdde3e,/Users/aleksandrsolovev/Desktop/avito_autoload_fixed/avito_autoload/2_фото/рулонные_шторы/рулонные_шторы_объявления_6500.csv
avito-рулонные-шторы-3911176536-3,3911176536,3,рулонные_шторы,Ремонт и строительство,Рулонные шторы в коробе и с направляющими ркн-4927 Зеленый Городок с установкой,300,"Саратовская обл., Саратов, Зеленый Городок","Рулонные шторы в коробе и с направляющими ркн-4927 в Саратов. Изготавливаем рулонные шторы под точный размер — никаких щелей по бокам. Материалы: блэкаут, день-ночь, полупрозрачные, влагостойкие. На ПВХ профиль — без сверления. На стену или потолок — при желании. Управление цепочкой или пружинный pull&release. Более 100 вариантов цвета. Привезём образцы. Начальная цена 300 руб., финальная — после замера. Замер бесплатно. Крепление в цене. Гарантия на механизм. Товар: Рулонные шторы в коробе и с направляющими ркн-4927.
Изготавливаем шторы точно под размер створки или проёма.
Работаем по адресу: Саратов, Зеленый Городок.
Позиция в каталоге: Рулонные шторы в коробе и с направляющими ркн-4927.
Монтаж возможен со сверлением и без сверления.

#Саратов",https://www.avito.ru/saratov/remont_i_stroitelstvo/rulonnye_shtory_v_korobe_i_s_napravlyayuschimi_rkn-4927_3911176536,Саратов,Зеленый Городок,,old,https://downloader.disk.yandex.ru/disk/e315a273b3d9ef30e62c3fade60244ac6cb0527dcca6626fb73fe0595e38369c/6a04b9a0/VFMkxLrTsaxwuukpC-RIRFYT-bWwxGEeL9xVKc01nNtsr3BAhUgcAI56RjsOzJEzrFQi2kDjlDWxwqR3Tp4atw%3D%3D?uid=0&filename=047_IMG_20260512_101033.png&disposition=attachment&hash=&limit=0&content_type=image%2Fpng&owner_uid=0&fsize=2560667&hid=7aa857ced2a69113bd53880d6a54ee74&media_type=image&tknv=v3&etag=53d82cddcb2787faed47b596085220b1,https://downloader.disk.yandex.ru/disk/e4abb7e284d5021923b2d89901076e283cbd0213c3433b47fd0732612194dacd/6a04b9a0/VFMkxLrTsaxwuukpC-RIRL1jqEkU5EKvXQ6bX2_UzlALmmEw9fQwV089ZKwMoA00sibzsWQBVaEaz0N3D7SEFA%3D%3D?uid=0&filename=012_IMG_20260512_100425.png&disposition=attachment&hash=&limit=0&content_type=image%2Fpng&owner_uid=0&fsize=2147187&hid=358a8ddc2bccc0f5137b7aa789c5909b&media_type=image&tknv=v3&etag=f98eed512b074a5991bd17a6b3cdde3e,https://downloader.disk.yandex.ru/disk/e75b85837708a0bb27f223ff06991f527d04532bde9a48887eb23d4dfc99c206/6a04b9a0/VFMkxLrTsaxwuukpC-RIREdEicpNq9yyakXKrpd460K-0uSAPrQKChkZrGUF63XpsasTrq4tgLhivqkLfe_4vA%3D%3D?uid=0&filename=063_IMG_20260512_101313.png&disposition=attachment&hash=&limit=0&content_type=image%2Fpng&owner_uid=0&fsize=1742429&hid=97a43c75e2447f6e433c5b7ba8998eca&media_type=image&tknv=v3&etag=8da2a574e623308580797f5a246712d7,/Users/aleksandrsolovev/Desktop/avito_autoload_fixed/avito_autoload/2_фото/рулонные_шторы/рулонные_шторы_объявления_6500.csv
avito-рулонные-шторы-3911397199-1,3911397199,1,рулонные_шторы,Ремонт и строительство,Рулонные шторы в коробе и с направляющими ркн-6801 блэкаут,300,"Саратовская обл., Саратов, Гагаринский район","Хотите шторы, которые точно подойдут к окну? Рулонные в Саратов под заказ. День-ночь: полосатое полотно позволяет выбирать свет от яркого до полной темноты. Блэкаут: спать днём — легко, детская затемняется полностью. Полупрозрачные: уют без потери света. Способ крепления на ваш выбор: в проём, на раму, потолок, стену. Без сверления — на зажимах под ПВХ. От 300 руб. — точная цена после замера. Замер, изготовление, установка. Гарантия на механизм. Товар: Рулонные шторы в коробе и с направляющими ркн-6801.
Изготавливаем шторы точно под размер створки или проёма.
Работаем по адресу: Саратов, Гагаринский район.
Позиция в каталоге: Рулонные шторы в коробе и с направляющими ркн-6801.
Есть ткани блэкаут, день-ночь и полупрозрачные.

#Саратов",https://www.avito.ru/saratov/remont_i_stroitelstvo/rulonnye_shtory_v_korobe_i_s_napravlyayuschimi_rkn-6801_3911397199,Саратов,Гагаринский район,,old,https://downloader.disk.yandex.ru/disk/e4abb7e284d5021923b2d89901076e283cbd0213c3433b47fd0732612194dacd/6a04b9a0/VFMkxLrTsaxwuukpC-RIRL1jqEkU5EKvXQ6bX2_UzlALmmEw9fQwV089ZKwMoA00sibzsWQBVaEaz0N3D7SEFA%3D%3D?uid=0&filename=012_IMG_20260512_100425.png&disposition=attachment&hash=&limit=0&content_type=image%2Fpng&owner_uid=0&fsize=2147187&hid=358a8ddc2bccc0f5137b7aa789c5909b&media_type=image&tknv=v3&etag=f98eed512b074a5991bd17a6b3cdde3e,https://downloader.disk.yandex.ru/disk/e75b85837708a0bb27f223ff06991f527d04532bde9a48887eb23d4dfc99c206/6a04b9a0/VFMkxLrTsaxwuukpC-RIREdEicpNq9yyakXKrpd460K-0uSAPrQKChkZrGUF63XpsasTrq4tgLhivqkLfe_4vA%3D%3D?uid=0&filename=063_IMG_20260512_101313.png&disposition=attachment&hash=&limit=0&content_type=image%2Fpng&owner_uid=0&fsize=1742429&hid=97a43c75e2447f6e433c5b7ba8998eca&media_type=image&tknv=v3&etag=8da2a574e623308580797f5a246712d7,https://downloader.disk.yandex.ru/disk/ebb206a282b2f7895762a915ebe49c95431a3ee81cc2cca7e55195db567d312c/6a04b9a0/VFMkxLrTsaxwuukpC-RIRMyWoBYa4u8N-qhumidGQHGxZfmYPFYXgwFPyYC3jEk8wSp3sRcYHIiJBOHBbJrBFQ%3D%3D?uid=0&filename=030_IMG_20260512_100739.png&disposition=attachment&hash=&limit=0&content_type=image%2Fpng&owner_uid=0&fsize=2077301&hid=04c9b13ccf9f9520b9b542cefc15a24c&media_type=image&tknv=v3&etag=099298fcc19f9813c1b2ae36a77bc220,/Users/aleksandrsolovev/Desktop/avito_autoload_fixed/avito_autoload/2_фото/рулонные_шторы/рулонные_шторы_объявления_6500.csv
avito-рулонные-шторы-3911561838-2,3911561838,2,рулонные_шторы,Ремонт и строительство,Рулонные шторы в коробе и с направляющими ркн-6391 Саратов по размеру окна,300,"Саратовская обл., Саратов, Центральный район","Хотите шторы, которые точно подойдут к окну? Рулонные в Саратов под заказ. День-ночь: полосатое полотно позволяет выбирать свет от яркого до полной темноты. Блэкаут: спать днём — легко, детская затемняется полностью. Полупрозрачные: уют без потери света. Способ крепления на ваш выбор: в проём, на раму, потолок, стену. Без сверления — на зажимах под ПВХ. От 300 руб. — точная цена после замера. Замер, изготовление, установка. Гарантия на механизм. Товар: Рулонные шторы в коробе и с направляющими ркн-6391.
Подберём ткань, оттенок и тип крепления под ваш интерьер.
Работаем по адресу: Саратов, Центральный район.
Позиция в каталоге: Рулонные шторы в коробе и с направляющими ркн-6391.
Есть ткани блэкаут, день-ночь и полупрозрачные.

#Саратов",https://www.avito.ru/saratov/remont_i_stroitelstvo/rulonnye_shtory_v_korobe_i_s_napravlyayuschimi_rkn-6391_3911561838,Саратов,Центральный район,,old,https://downloader.disk.yandex.ru/disk/e75b85837708a0bb27f223ff06991f527d04532bde9a48887eb23d4dfc99c206/6a04b9a0/VFMkxLrTsaxwuukpC-RIREdEicpNq9yyakXKrpd460K-0uSAPrQKChkZrGUF63XpsasTrq4tgLhivqkLfe_4vA%3D%3D?uid=0&filename=063_IMG_20260512_101313.png&disposition=attachment&hash=&limit=0&content_type=image%2Fpng&owner_uid=0&fsize=1742429&hid=97a43c75e2447f6e433c5b7ba8998eca&media_type=image&tknv=v3&etag=8da2a574e623308580797f5a246712d7,https://downloader.disk.yandex.ru/disk/ebb206a282b2f7895762a915ebe49c95431a3ee81cc2cca7e55195db567d312c/6a04b9a0/VFMkxLrTsaxwuukpC-RIRMyWoBYa4u8N-qhumidGQHGxZfmYPFYXgwFPyYC3jEk8wSp3sRcYHIiJBOHBbJrBFQ%3D%3D?uid=0&filename=030_IMG_20260512_100739.png&disposition=attachment&hash=&limit=0&content_type=image%2Fpng&owner_uid=0&fsize=2077301&hid=04c9b13ccf9f9520b9b542cefc15a24c&media_type=image&tknv=v3&etag=099298fcc19f9813c1b2ae36a77bc220,https://downloader.disk.yandex.ru/disk/ed2c634b86a60c3e3364e130175c9d6617580538eba11f222d7c429d17c06465/6a04b9a0/VFMkxLrTsaxwuukpC-RIRDRSX4_QIV7I7kpp99ObngQFd412pFXji8abEjT1NgMFAb6A4N3U6TV84fR5nE-eFQ%3D%3D?uid=0&filename=031_IMG_20260512_100746.png&disposition=attachment&hash=&limit=0&content_type=image%2Fpng&owner_uid=0&fsize=740999&hid=38a2cef40045a2757bc8c0579ddf1df3&media_type=image&tknv=v3&etag=05d03233e285c331dab22f753b9016d1,/Users/aleksandrsolovev/Desktop/avito_autoload_fixed/avito_autoload/2_фото/рулонные_шторы/рулонные_шторы_объявления_6500.csv
avito-рулонные-шторы-3911561838-3,3911561838,3,рулонные_шторы,Ремонт и строительство,Рулонные шторы в коробе и с направляющими ркн-6391 Северный микрорайон день-ночь,300,"Саратовская обл., Саратов, Северный микрорайон","Хотите шторы, которые точно подойдут к окну? Рулонные в Саратов под заказ. День-ночь: полосатое полотно позволяет выбирать свет от яркого до полной темноты. Блэкаут: спать днём — легко, детская затемняется полностью. Полупрозрачные: уют без потери света. Способ крепления на ваш выбор: в проём, на раму, потолок, стену. Без сверления — на зажимах под ПВХ. От 300 руб. — точная цена после замера. Замер, изготовление, установка. Гарантия на механизм. Товар: Рулонные шторы в коробе и с направляющими ркн-6391.
Есть решения для спальни, кухни, офиса и балкона.
Работаем по адресу: Саратов, Северный микрорайон.
Позиция в каталоге: Рулонные шторы в коробе и с направляющими ркн-6391.
Есть ткани блэкаут, день-ночь и полупрозрачные.

#Саратов",https://www.avito.ru/saratov/remont_i_stroitelstvo/rulonnye_shtory_v_korobe_i_s_napravlyayuschimi_rkn-6391_3911561838,Саратов,Северный микрорайон,,old,https://downloader.disk.yandex.ru/disk/ebb206a282b2f7895762a915ebe49c95431a3ee81cc2cca7e55195db567d312c/6a04b9a0/VFMkxLrTsaxwuukpC-RIRMyWoBYa4u8N-qhumidGQHGxZfmYPFYXgwFPyYC3jEk8wSp3sRcYHIiJBOHBbJrBFQ%3D%3D?uid=0&filename=030_IMG_20260512_100739.png&disposition=attachment&hash=&limit=0&content_type=image%2Fpng&owner_uid=0&fsize=2077301&hid=04c9b13ccf9f9520b9b542cefc15a24c&media_type=image&tknv=v3&etag=099298fcc19f9813c1b2ae36a77bc220,https://downloader.disk.yandex.ru/disk/ed2c634b86a60c3e3364e130175c9d6617580538eba11f222d7c429d17c06465/6a04b9a0/VFMkxLrTsaxwuukpC-RIRDRSX4_QIV7I7kpp99ObngQFd412pFXji8abEjT1NgMFAb6A4N3U6TV84fR5nE-eFQ%3D%3D?uid=0&filename=031_IMG_20260512_100746.png&disposition=attachment&hash=&limit=0&content_type=image%2Fpng&owner_uid=0&fsize=740999&hid=38a2cef40045a2757bc8c0579ddf1df3&media_type=image&tknv=v3&etag=05d03233e285c331dab22f753b9016d1,https://downloader.disk.yandex.ru/disk/f16a82460da21b100708f419a4f75b6fc4c9b7f46fa3e0480566ea883e09cf34/6a04b9a0/VFMkxLrTsaxwuukpC-RIRLpcFF8e4isQ8gj8NWQTz9svB_3RykTnKF1gtaVMGieS8j6JgaHpZ5WXzdqugrFOYA%3D%3D?uid=0&filename=052_IMG_20260512_101132.png&disposition=attachment&hash=&limit=0&content_type=image%2Fpng&owner_uid=0&fsize=292249&hid=cd7efa1aeb233a05653284e745765e1d&media_type=image&tknv=v3&etag=0f9e107f6db372a848cef4fadaf9df80,/Users/aleksandrsolovev/Desktop/avito_autoload_fixed/avito_autoload/2_фото/рулонные_шторы/рулонные_шторы_объявления_6500.csv
avito-рулонные-шторы-3910960981-1,3910960981,1,рулонные_шторы,Ремонт и строительство,Рулонные шторы в коробе и с направляющими ркн-9003 день-ночь,300,"Саратовская обл., Саратов, Ленинский район","Рулонные шторы в коробе и с направляющими ркн-9003 в Саратов. Изготавливаем рулонные шторы под точный размер — никаких щелей по бокам. Материалы: блэкаут, день-ночь, полупрозрачные, влагостойкие. На ПВХ профиль — без сверления. На стену или потолок — при желании. Управление цепочкой или пружинный pull&release. Более 100 вариантов цвета. Привезём образцы. Цена указана от 300 руб., уточняйте под ваш размер. Замер бесплатно. Крепление в цене. Гарантия на механизм. Товар: Рулонные шторы в коробе и с направляющими ркн-9003.
Подберём ткань, оттенок и тип крепления под ваш интерьер.
Работаем по адресу: Саратов, Ленинский район.
Позиция в каталоге: Рулонные шторы в коробе и с направляющими ркн-9003.
Монтаж возможен со сверлением и без сверления.

#Саратов",https://www.avito.ru/voronezh/remont_i_stroitelstvo/rulonnye_shtory_v_korobe_i_s_napravlyayuschimi_rkn-9003_3910960981,Саратов,Ленинский район,,old,https://downloader.disk.yandex.ru/disk/ed2c634b86a60c3e3364e130175c9d6617580538eba11f222d7c429d17c06465/6a04b9a0/VFMkxLrTsaxwuukpC-RIRDRSX4_QIV7I7kpp99ObngQFd412pFXji8abEjT1NgMFAb6A4N3U6TV84fR5nE-eFQ%3D%3D?uid=0&filename=031_IMG_20260512_100746.png&disposition=attachment&hash=&limit=0&content_type=image%2Fpng&owner_uid=0&fsize=740999&hid=38a2cef40045a2757bc8c0579ddf1df3&media_type=image&tknv=v3&etag=05d03233e285c331dab22f753b9016d1,https://downloader.disk.yandex.ru/disk/f16a82460da21b100708f419a4f75b6fc4c9b7f46fa3e0480566ea883e09cf34/6a04b9a0/VFMkxLrTsaxwuukpC-RIRLpcFF8e4isQ8gj8NWQTz9svB_3RykTnKF1gtaVMGieS8j6JgaHpZ5WXzdqugrFOYA%3D%3D?uid=0&filename=052_IMG_20260512_101132.png&disposition=attachment&hash=&limit=0&content_type=image%2Fpng&owner_uid=0&fsize=292249&hid=cd7efa1aeb233a05653284e745765e1d&media_type=image&tknv=v3&etag=0f9e107f6db372a848cef4fadaf9df80,https://downloader.disk.yandex.ru/disk/f6ca0220a89b9195ae6b17e6d80bf2a7f0589ca9f41b2b2c125ed4e825154c83/6a04b9a0/VFMkxLrTsaxwuukpC-RIRLWjAnlXCyEXWCq8Oh5ywzPbhslP8DTYBrvCj8Yjf_RiKIeHuRn2SEYbxY3wuyb8rw%3D%3D?uid=0&filename=022_IMG_20260512_100632.png&disposition=attachment&hash=&limit=0&content_type=image%2Fpng&owner_uid=0&fsize=1108527&hid=cf09e3f5cd9d7c6f67e677e0ebb95d45&media_type=image&tknv=v3&etag=7c09f917e77cee1e92da6827719103fc,/Users/aleksandrsolovev/Desktop/avito_autoload_fixed/avito_autoload/2_фото/рулонные_шторы/рулонные_шторы_объявления_6500.csv
avito-рулонные-шторы-3910960981-2,3910960981,2,рулонные_шторы,Ремонт и строительство,Рулонные шторы в коробе и с направляющими ркн-9003 Саратов на заказ,300,"Саратовская обл., Саратов, Заводской район","Рулонные шторы в коробе и с направляющими ркн-9003 в Саратов. Изготавливаем рулонные шторы под точный размер — никаких щелей по бокам. Материалы: блэкаут, день-ночь, полупрозрачные, влагостойкие. На ПВХ профиль — без сверления. На стену или потолок — при желании. Управление цепочкой или пружинный pull&release. Более 100 вариантов цвета. Привезём образцы. Цена указана от 300 руб., уточняйте под ваш размер. Замер бесплатно. Крепление в цене. Гарантия на механизм. Товар: Рулонные шторы в коробе и с направляющими ркн-9003.
Есть решения для спальни, кухни, офиса и балкона.
Работаем по адресу: Саратов, Заводской район.
Позиция в каталоге: Рулонные шторы в коробе и с направляющими ркн-9003.
Монтаж возможен со сверлением и без сверления.

#Саратов",https://www.avito.ru/voronezh/remont_i_stroitelstvo/rulonnye_shtory_v_korobe_i_s_napravlyayuschimi_rkn-9003_3910960981,Саратов,Заводской район,,old,https://downloader.disk.yandex.ru/disk/f16a82460da21b100708f419a4f75b6fc4c9b7f46fa3e0480566ea883e09cf34/6a04b9a0/VFMkxLrTsaxwuukpC-RIRLpcFF8e4isQ8gj8NWQTz9svB_3RykTnKF1gtaVMGieS8j6JgaHpZ5WXzdqugrFOYA%3D%3D?uid=0&filename=052_IMG_20260512_101132.png&disposition=attachment&hash=&limit=0&content_type=image%2Fpng&owner_uid=0&fsize=292249&hid=cd7efa1aeb233a05653284e745765e1d&media_type=image&tknv=v3&etag=0f9e107f6db372a848cef4fadaf9df80,https://downloader.disk.yandex.ru/disk/f6ca0220a89b9195ae6b17e6d80bf2a7f0589ca9f41b2b2c125ed4e825154c83/6a04b9a0/VFMkxLrTsaxwuukpC-RIRLWjAnlXCyEXWCq8Oh5ywzPbhslP8DTYBrvCj8Yjf_RiKIeHuRn2SEYbxY3wuyb8rw%3D%3D?uid=0&filename=022_IMG_20260512_100632.png&disposition=attachment&hash=&limit=0&content_type=image%2Fpng&owner_uid=0&fsize=1108527&hid=cf09e3f5cd9d7c6f67e677e0ebb95d45&media_type=image&tknv=v3&etag=7c09f917e77cee1e92da6827719103fc,https://downloader.disk.yandex.ru/disk/f6d60e0a882a829d62472723dc0cd58474be5a3c096880c77487ca90edc6fc1b/6a04b9a0/VFMkxLrTsaxwuukpC-RIRAmPCJgs3WwmqZWstAkAzglUMRMTs8JO8FuhYxAf9Y7gQlRgk05mgPraB0RZ7U7uDg%3D%3D?uid=0&filename=009_IMG_20260512_100327.png&disposition=attachment&hash=&limit=0&content_type=image%2Fpng&owner_uid=0&fsize=1260866&hid=1580f57c966f9738758606a7226da781&media_type=image&tknv=v3&etag=a4b70c8851ddb7c9132e1e1f524be4a2,/Users/aleksandrsolovev/Desktop/avito_autoload_fixed/avito_autoload/2_фото/рулонные_шторы/рулонные_шторы_объявления_6500.csv
avito-рулонные-шторы-3910960981-3,3910960981,3,рулонные_шторы,Ремонт и строительство,Рулонные шторы в коробе и с направляющими ркн-9003 Октябрьский район с установкой,300,"Саратовская обл., Саратов, Октябрьский район","Рулонные шторы в коробе и с направляющими ркн-9003 в Саратов. Изготавливаем рулонные шторы под точный размер — никаких щелей по бокам. Материалы: блэкаут, день-ночь, полупрозрачные, влагостойкие. На ПВХ профиль — без сверления. На стену или потолок — при желании. Управление цепочкой или пружинный pull&release. Более 100 вариантов цвета. Привезём образцы. Цена указана от 300 руб., уточняйте под ваш размер. Замер бесплатно. Крепление в цене. Гарантия на механизм. Товар: Рулонные шторы в коробе и с направляющими ркн-9003.
Изготавливаем шторы точно под размер створки или проёма.
Работаем по адресу: Саратов, Октябрьский район.
Позиция в каталоге: Рулонные шторы в коробе и с направляющими ркн-9003.
Монтаж возможен со сверлением и без сверления.

#Саратов",https://www.avito.ru/voronezh/remont_i_stroitelstvo/rulonnye_shtory_v_korobe_i_s_napravlyayuschimi_rkn-9003_3910960981,Саратов,Октябрьский район,,old,https://downloader.disk.yandex.ru/disk/f6ca0220a89b9195ae6b17e6d80bf2a7f0589ca9f41b2b2c125ed4e825154c83/6a04b9a0/VFMkxLrTsaxwuukpC-RIRLWjAnlXCyEXWCq8Oh5ywzPbhslP8DTYBrvCj8Yjf_RiKIeHuRn2SEYbxY3wuyb8rw%3D%3D?uid=0&filename=022_IMG_20260512_100632.png&disposition=attachment&hash=&limit=0&content_type=image%2Fpng&owner_uid=0&fsize=1108527&hid=cf09e3f5cd9d7c6f67e677e0ebb95d45&media_type=image&tknv=v3&etag=7c09f917e77cee1e92da6827719103fc,https://downloader.disk.yandex.ru/disk/f6d60e0a882a829d62472723dc0cd58474be5a3c096880c77487ca90edc6fc1b/6a04b9a0/VFMkxLrTsaxwuukpC-RIRAmPCJgs3WwmqZWstAkAzglUMRMTs8JO8FuhYxAf9Y7gQlRgk05mgPraB0RZ7U7uDg%3D%3D?uid=0&filename=009_IMG_20260512_100327.png&disposition=attachment&hash=&limit=0&content_type=image%2Fpng&owner_uid=0&fsize=1260866&hid=1580f57c966f9738758606a7226da781&media_type=image&tknv=v3&etag=a4b70c8851ddb7c9132e1e1f524be4a2,https://downloader.disk.yandex.ru/disk/f7b2c8e82cde63eec28c12cb5b19965560c861cfe0135662d87f74301afdbe9f/6a04b9a0/VFMkxLrTsaxwuukpC-RIRCpzl6TVcUI-vqEQCEbDLHeXMwHTtwlQH6otFL3mt4Ma73Tr-nLNlrUPXsILGE-jaw%3D%3D?uid=0&filename=018_IMG_20260512_100546.png&disposition=attachment&hash=&limit=0&content_type=image%2Fpng&owner_uid=0&fsize=884215&hid=368aa09de1d73fe0327438c0a057a773&media_type=image&tknv=v3&etag=4b9e44d32a92b9ca5132b20d40b46c7c,/Users/aleksandrsolovev/Desktop/avito_autoload_fixed/avito_autoload/2_фото/рулонные_шторы/рулонные_шторы_объявления_6500.csv
avito-рулонные-шторы-3911272999-1,3911272999,1,рулонные_шторы,Ремонт и строительство,Рулонные шторы в коричневом коробе РКК-8194 блэкаут,300,"Саратовская обл., Саратов, Северный микрорайон","Хотите шторы, которые точно подойдут к окну? Рулонные в Саратов под заказ. День-ночь: полосатое полотно позволяет выбирать свет от яркого до полной темноты. Блэкаут: спать днём — легко, детская затемняется полностью. Полупрозрачные: уют без потери света. Способ крепления на ваш выбор: в проём, на раму, потолок, стену. Без сверления — на зажимах под ПВХ. Начальная цена 300 руб., финальная — после замера. Замер, изготовление, установка. Гарантия на механизм. Товар: Рулонные шторы в коричневом коробе РКК-8194.
Изготавливаем шторы точно под размер створки или проёма.
Работаем по адресу: Саратов, Северный микрорайон.
Позиция в каталоге: Рулонные шторы в коричневом коробе РКК-8194.
Есть ткани блэкаут, день-ночь и полупрозрачные.

#Саратов",https://www.avito.ru/saratov/remont_i_stroitelstvo/rulonnye_shtory_v_korichnevom_korobe_rkk-8194_3911272999,Саратов,Северный микрорайон,,old,https://downloader.disk.yandex.ru/disk/f6d60e0a882a829d62472723dc0cd58474be5a3c096880c77487ca90edc6fc1b/6a04b9a0/VFMkxLrTsaxwuukpC-RIRAmPCJgs3WwmqZWstAkAzglUMRMTs8JO8FuhYxAf9Y7gQlRgk05mgPraB0RZ7U7uDg%3D%3D?uid=0&filename=009_IMG_20260512_100327.png&disposition=attachment&hash=&limit=0&content_type=image%2Fpng&owner_uid=0&fsize=1260866&hid=1580f57c966f9738758606a7226da781&media_type=image&tknv=v3&etag=a4b70c8851ddb7c9132e1e1f524be4a2,https://downloader.disk.yandex.ru/disk/f7b2c8e82cde63eec28c12cb5b19965560c861cfe0135662d87f74301afdbe9f/6a04b9a0/VFMkxLrTsaxwuukpC-RIRCpzl6TVcUI-vqEQCEbDLHeXMwHTtwlQH6otFL3mt4Ma73Tr-nLNlrUPXsILGE-jaw%3D%3D?uid=0&filename=018_IMG_20260512_100546.png&disposition=attachment&hash=&limit=0&content_type=image%2Fpng&owner_uid=0&fsize=884215&hid=368aa09de1d73fe0327438c0a057a773&media_type=image&tknv=v3&etag=4b9e44d32a92b9ca5132b20d40b46c7c,https://downloader.disk.yandex.ru/disk/fa52eefb9b7b9f5c00a44aecc8d67ae53563231eb4fe3a7cd380518ae08d06f5/6a04b9a0/VFMkxLrTsaxwuukpC-RIRMcIYvB6mS3G8oHyRXv7k379oXqs1oCnzAkvr7rxAnGfse3IhHH4aybNgZN3C7TzVg%3D%3D?uid=0&filename=010_IMG_20260512_100353.png&disposition=attachment&hash=&limit=0&content_type=image%2Fpng&owner_uid=0&fsize=2066600&hid=42f46d928f89a3ed56ee88f9bda28d49&media_type=image&tknv=v3&etag=6f6c99b10b2b53097beab37e1e34a904,/Users/aleksandrsolovev/Desktop/avito_autoload_fixed/avito_autoload/2_фото/рулонные_шторы/рулонные_шторы_объявления_6500.csv
avito-рулонные-шторы-3911272999-2,3911272999,2,рулонные_шторы,Ремонт и строительство,Рулонные шторы в коричневом коробе РКК-8194 Саратов по размеру окна,300,"Саратовская обл., Саратов, Южный микрорайон","Хотите шторы, которые точно подойдут к окну? Рулонные в Саратов под заказ. День-ночь: полосатое полотно позволяет выбирать свет от яркого до полной темноты. Блэкаут: спать днём — легко, детская затемняется полностью. Полупрозрачные: уют без потери света. Способ крепления на ваш выбор: в проём, на раму, потолок, стену. Без сверления — на зажимах под ПВХ. Начальная цена 300 руб., финальная — после замера. Замер, изготовление, установка. Гарантия на механизм. Товар: Рулонные шторы в коричневом коробе РКК-8194.
Подберём ткань, оттенок и тип крепления под ваш интерьер.
Работаем по адресу: Саратов, Южный микрорайон.
Позиция в каталоге: Рулонные шторы в коричневом коробе РКК-8194.
Есть ткани блэкаут, день-ночь и полупрозрачные.

#Саратов",https://www.avito.ru/saratov/remont_i_stroitelstvo/rulonnye_shtory_v_korichnevom_korobe_rkk-8194_3911272999,Саратов,Южный микрорайон,,old,https://downloader.disk.yandex.ru/disk/f7b2c8e82cde63eec28c12cb5b19965560c861cfe0135662d87f74301afdbe9f/6a04b9a0/VFMkxLrTsaxwuukpC-RIRCpzl6TVcUI-vqEQCEbDLHeXMwHTtwlQH6otFL3mt4Ma73Tr-nLNlrUPXsILGE-jaw%3D%3D?uid=0&filename=018_IMG_20260512_100546.png&disposition=attachment&hash=&limit=0&content_type=image%2Fpng&owner_uid=0&fsize=884215&hid=368aa09de1d73fe0327438c0a057a773&media_type=image&tknv=v3&etag=4b9e44d32a92b9ca5132b20d40b46c7c,https://downloader.disk.yandex.ru/disk/fa52eefb9b7b9f5c00a44aecc8d67ae53563231eb4fe3a7cd380518ae08d06f5/6a04b9a0/VFMkxLrTsaxwuukpC-RIRMcIYvB6mS3G8oHyRXv7k379oXqs1oCnzAkvr7rxAnGfse3IhHH4aybNgZN3C7TzVg%3D%3D?uid=0&filename=010_IMG_20260512_100353.png&disposition=attachment&hash=&limit=0&content_type=image%2Fpng&owner_uid=0&fsize=2066600&hid=42f46d928f89a3ed56ee88f9bda28d49&media_type=image&tknv=v3&etag=6f6c99b10b2b53097beab37e1e34a904,https://downloader.disk.yandex.ru/disk/fb89d239a3ff44c6c3834df7d587b511a0fecf2859b5257b6a81ad8f0145bff3/6a04b9a0/VFMkxLrTsaxwuukpC-RIRHzHijH2SZzzU9VZ-AgDUTpfT51sy-tdrbpvoQjTZjG6Afqpu917gkkFEe3dJSq-Qg%3D%3D?uid=0&filename=040_IMG_20260512_100912.png&disposition=attachment&hash=&limit=0&content_type=image%2Fpng&owner_uid=0&fsize=2558195&hid=5bc2a465486af02015342d402d78df39&media_type=image&tknv=v3&etag=3594533fca34fd325c2af8bf99842f2e,/Users/aleksandrsolovev/Desktop/avito_autoload_fixed/avito_autoload/2_фото/рулонные_шторы/рулонные_шторы_объявления_6500.csv
avito-рулонные-шторы-3911272999-3,3911272999,3,рулонные_шторы,Ремонт и строительство,Рулонные шторы в коричневом коробе РКК-8194 Зеленый Городок день-ночь,300,"Саратовская обл., Саратов, Зеленый Городок","Хотите шторы, которые точно подойдут к окну? Рулонные в Саратов под заказ. День-ночь: полосатое полотно позволяет выбирать свет от яркого до полной темноты. Блэкаут: спать днём — легко, детская затемняется полностью. Полупрозрачные: уют без потери света. Способ крепления на ваш выбор: в проём, на раму, потолок, стену. Без сверления — на зажимах под ПВХ. Начальная цена 300 руб., финальная — после замера. Замер, изготовление, установка. Гарантия на механизм. Товар: Рулонные шторы в коричневом коробе РКК-8194.
Есть решения для спальни, кухни, офиса и балкона.
Работаем по адресу: Саратов, Зеленый Городок.
Позиция в каталоге: Рулонные шторы в коричневом коробе РКК-8194.
Есть ткани блэкаут, день-ночь и полупрозрачные.

#Саратов",https://www.avito.ru/saratov/remont_i_stroitelstvo/rulonnye_shtory_v_korichnevom_korobe_rkk-8194_3911272999,Саратов,Зеленый Городок,,old,https://downloader.disk.yandex.ru/disk/fa52eefb9b7b9f5c00a44aecc8d67ae53563231eb4fe3a7cd380518ae08d06f5/6a04b9a0/VFMkxLrTsaxwuukpC-RIRMcIYvB6mS3G8oHyRXv7k379oXqs1oCnzAkvr7rxAnGfse3IhHH4aybNgZN3C7TzVg%3D%3D?uid=0&filename=010_IMG_20260512_100353.png&disposition=attachment&hash=&limit=0&content_type=image%2Fpng&owner_uid=0&fsize=2066600&hid=42f46d928f89a3ed56ee88f9bda28d49&media_type=image&tknv=v3&etag=6f6c99b10b2b53097beab37e1e34a904,https://downloader.disk.yandex.ru/disk/fb89d239a3ff44c6c3834df7d587b511a0fecf2859b5257b6a81ad8f0145bff3/6a04b9a0/VFMkxLrTsaxwuukpC-RIRHzHijH2SZzzU9VZ-AgDUTpfT51sy-tdrbpvoQjTZjG6Afqpu917gkkFEe3dJSq-Qg%3D%3D?uid=0&filename=040_IMG_20260512_100912.png&disposition=attachment&hash=&limit=0&content_type=image%2Fpng&owner_uid=0&fsize=2558195&hid=5bc2a465486af02015342d402d78df39&media_type=image&tknv=v3&etag=3594533fca34fd325c2af8bf99842f2e,https://downloader.disk.yandex.ru/disk/079d977dd18d29097e46d4d5d4d8ddb0ce5974f99931609d2bcbfd25ffef3df1/6a04b9a0/VFMkxLrTsaxwuukpC-RIRKagC8uJm8kKK_fs2KV4aiOZKtoH2GcVBLPSuifWUJmKJ93bNY-befA8aPHB0bK04g%3D%3D?uid=0&filename=060_IMG_20260512_101228.png&disposition=attachment&hash=&limit=0&content_type=image%2Fpng&owner_uid=0&fsize=3508592&hid=d0d8105b3e2e9f33a7337b7d448ea998&media_type=image&tknv=v3&etag=d132271ec96bb942d6faa0f3003ecc6c,/Users/aleksandrsolovev/Desktop/avito_autoload_fixed/avito_autoload/2_фото/рулонные_шторы/рулонные_шторы_объявления_6500.csv
avito-рулонные-шторы-3911237467-1,3911237467,1,рулонные_шторы,Ремонт и строительство,Рулонные шторы в коробе и с направляющими ркн-5548 день-ночь,300,"Саратовская обл., Саратов, Гагаринский район","Рулонные шторы в коробе и с направляющими ркн-5548 в Саратов. Изготавливаем рулонные шторы под точный размер — никаких щелей по бокам. Материалы: блэкаут, день-ночь, полупрозрачные, влагостойкие. На ПВХ профиль — без сверления. На стену или потолок — при желании. Управление цепочкой или пружинный pull&release. Более 100 вариантов цвета. Привезём образцы. От 300 руб. — точная цена после замера. Замер бесплатно. Крепление в цене. Гарантия на механизм. Товар: Рулонные шторы в коробе и с направляющими ркн-5548.
Подберём ткань, оттенок и тип крепления под ваш интерьер.
Работаем по адресу: Саратов, Гагаринский район.
Позиция в каталоге: Рулонные шторы в коробе и с направляющими ркн-5548.
Монтаж возможен со сверлением и без сверления.

#Саратов",https://www.avito.ru/saratov/remont_i_stroitelstvo/rulonnye_shtory_v_korobe_i_s_napravlyayuschimi_rkn-5548_3911237467,Саратов,Гагаринский район,,old,https://downloader.disk.yandex.ru/disk/fb89d239a3ff44c6c3834df7d587b511a0fecf2859b5257b6a81ad8f0145bff3/6a04b9a0/VFMkxLrTsaxwuukpC-RIRHzHijH2SZzzU9VZ-AgDUTpfT51sy-tdrbpvoQjTZjG6Afqpu917gkkFEe3dJSq-Qg%3D%3D?uid=0&filename=040_IMG_20260512_100912.png&disposition=attachment&hash=&limit=0&content_type=image%2Fpng&owner_uid=0&fsize=2558195&hid=5bc2a465486af02015342d402d78df39&media_type=image&tknv=v3&etag=3594533fca34fd325c2af8bf99842f2e,https://downloader.disk.yandex.ru/disk/079d977dd18d29097e46d4d5d4d8ddb0ce5974f99931609d2bcbfd25ffef3df1/6a04b9a0/VFMkxLrTsaxwuukpC-RIRKagC8uJm8kKK_fs2KV4aiOZKtoH2GcVBLPSuifWUJmKJ93bNY-befA8aPHB0bK04g%3D%3D?uid=0&filename=060_IMG_20260512_101228.png&disposition=attachment&hash=&limit=0&content_type=image%2Fpng&owner_uid=0&fsize=3508592&hid=d0d8105b3e2e9f33a7337b7d448ea998&media_type=image&tknv=v3&etag=d132271ec96bb942d6faa0f3003ecc6c,https://downloader.disk.yandex.ru/disk/0b215fcdac3f798b0396ca5b35f85c39432c7a7769834feda9ce346f40b811c4/6a04b9a0/VFMkxLrTsaxwuukpC-RIRINsQhQJ3uAcj02yTqlFoalkfkIFcOQcVJXz1mUGM9QdWEKyGphHQ07wXz7BxagNnw%3D%3D?uid=0&filename=048_IMG_20260512_101040.png&disposition=attachment&hash=&limit=0&content_type=image%2Fpng&owner_uid=0&fsize=1453629&hid=4ee88faee5b6a7705af75f4d5578f311&media_type=image&tknv=v3&etag=fcd6b07cd404071f77d54cff418b4abb,/Users/aleksandrsolovev/Desktop/avito_autoload_fixed/avito_autoload/2_фото/рулонные_шторы/рулонные_шторы_объявления_6500.csv
